priority,selection_rank,prospect_score,business_name,category,address,neighborhood,city,phone,website,google_maps_url,place_id,rating,reviews_count,claim_this_business,image_url,image_urls,search_string,google_rank,scraped_at
A,1,97.2,Shop Góc Bé Yêu - Shop quần áo trẻ em xuất nhập khẩu Hàn Quốc USA,Cửa hàng quần áo trẻ em,"369 Lò Lu 70000, 16 Hẻm 369, Long Phước, Hồ Chí Minh, Việt Nam",Long Phước,Hồ Chí Minh,+84 937 367 218,https://gocbeyeu.com/,https://www.google.com/maps/search/?api=1&query=Shop%20G%C3%B3c%20B%C3%A9%20Y%C3%AAu%20-%20Shop%20qu%E1%BA%A7n%20%C3%A1o%20tr%E1%BA%BB%20em%20xu%E1%BA%A5t%20nh%E1%BA%ADp%20kh%E1%BA%A9u%20H%C3%A0n%20Qu%E1%BB%91c%20USA&query_place_id=ChIJX56VQKondTERgo3wffC_Os8,ChIJX56VQKondTERgo3wffC_Os8,5.0,123.0,False,https://lh3.googleusercontent.com/gps-cs-s/AHRPTWk0bAbxemoxSfTZo0nfH8LBiFzc2SKWAK5agE5KUe4fCd2kGI7hDw4eUECgY-egMrHu6DdgsFkJ7wFcC7_YT9AMe3a5aFeUibRp6ueqpV89boPVjhROizClBJu5zRxLZEVnp0CG=w408-h306-k-no,https://lh3.googleusercontent.com/gps-cs-s/AHRPTWk0bAbxemoxSfTZo0nfH8LBiFzc2SKWAK5agE5KUe4fCd2kGI7hDw4eUECgY-egMrHu6DdgsFkJ7wFcC7_YT9AMe3a5aFeUibRp6ueqpV89boPVjhROizClBJu5zRxLZEVnp0CG=w1920-h1080-k-no | https://lh3.googleusercontent.com/gps-cs-s/AHRPTWlfYfEvTioGjDzVAlP2eux4yXCUcIvjJT7wF69Vr41yEqdzu4XHr_1JdtveRRtXYek7UfcAwcbQNsnlFD0Lu798SZnyqQBksGgf5gDc_eQ9zYIjw2np1dn0WJtQa1NdaN29YCga=w1920-h1080-k-no | https://lh3.googleusercontent.com/gps-cs-s/AHRPTWmf0vrEAur-_imSvo1XehHku4AXCNvJ0pA9qfmKkj6gykiif9OiPgyAo3hL7H-qBesRp5R4dNl6kkL97wThqXp6xMogDkwotHvz-RmG1WpNcBIW47fLRw2NtOVy8ODIcNirBmev=w1920-h1080-k-no | https://lh3.googleusercontent.com/gps-cs-s/AHRPTWlV03TPw-QJqnpyChzmMd64ZT6vgE3cGy0rPHAfdVPoE7HPgryh02ZUwmslsycsWgTE09AAMKuod_X65xoGv6vSfqroo4IbGAOR54EczAGLO61-kVTCs2qWHZDopQkWFN4Dx2KS=w1920-h1080-k-no | https://lh3.googleusercontent.com/gps-cs-s/AHRPTWldrI-5Bt1Q4r3KUMilyQcDjb_aKsCf2aN-aE_MRcLzaHfzqMn0LuuHmEn2RBn2BSwRgqB_j1beI6venv6smjJXh4t_51MH4lLmXm2QzsNFq5rtSJLgiIc-hnhh9OaIS25SUtZB=w1920-h1080-k-no | https://lh3.googleusercontent.com/gps-cs-s/AHRPTWk-hKG9tvCfe8X5TUeCDW81K4fTA0Rmz4Oj8ooY9WGbKXn80reZcRvLC7YJKh5HLTtLj5PoElPyQhlLhE53ZCwLcLq6GThOvGSgcX09RsXd6KNWkrc3gDEAhKw6z6N6QJUMlAWzAA=w1920-h1080-k-no,shop thời trang trẻ em,17,2026-08-17T05:04:00.577Z
A,2,95.7,youOn Boutique,Cửa hàng quần áo nữ,"29 Thảo Điền, An Khánh, Hồ Chí Minh 700000, Việt Nam",An Khánh,Hồ Chí Minh,+84 862 103 050,https://youonboutique.vn/,https://www.google.com/maps/search/?api=1&query=youOn%20Boutique&query_place_id=ChIJV4HOAyYndTER1M8IJAlO1Ik,ChIJV4HOAyYndTER1M8IJAlO1Ik,5.0,232.0,False,https://lh3.googleusercontent.com/gps-cs-s/AHRPTWmZRJWbMOG7ZBMjSrhJYOTDMe67qRGoRiLLbtLfwwLgpjHPrFIttaPmr9mJX0y1nGm3AaJY6H_9Yp3tiGL8F-LWkFbc5O-ruHWU3vclImhuALSQdEYTCG5DKvSNunQF_alT5SHh1WeuyoC5=w408-h306-k-no,https://lh3.googleusercontent.com/gps-cs-s/AHRPTWmZRJWbMOG7ZBMjSrhJYOTDMe67qRGoRiLLbtLfwwLgpjHPrFIttaPmr9mJX0y1nGm3AaJY6H_9Yp3tiGL8F-LWkFbc5O-ruHWU3vclImhuALSQdEYTCG5DKvSNunQF_alT5SHh1WeuyoC5=w1920-h1080-k-no | https://lh3.googleusercontent.com/gps-cs-s/AHRPTWnnc5B9uOKbAlTaS4oOKxlRKb8CMO1YDBVl4agyVWrKZlEpesxQbQwYFg_OaibgcSRPHIenr1bn-nX3IObh2JGDYuwJWCs2nJVGj_XisIAeIKIxGeWoTONaJmboAZPyhNFDCuKdzgfTAcW6=w1920-h1080-k-no | https://lh3.googleusercontent.com/gps-cs-s/AHRPTWmKV7VxVVadhKpVES3Bn67stYwMXyQg_fuEssQaku--6OqY4zGv9pu85jX0bqUWmeumAedKEEF0IUzDVPmm0jqEEPUvHY3McEFfSdQ5xt4PgoS-r0WRZ9Nkc71ttYwppxzlEpZz3-4frXY=w1920-h1080-k-no | https://lh3.googleusercontent.com/gps-cs-s/AHRPTWlI2aRJliXcF6CrXu-AGsM06_kk-XWIrruBXAdvqTDMBikdRukEEZTcVUQW7SFe8hT3fQeev5aWDLdInzLuBrtUDbVprOacqcqum7-2Gug5QalK9NKGNDCRugqSH51Tdp1XggSQrRfii2k=w1920-h1080-k-no | https://lh3.googleusercontent.com/gps-cs-s/AHRPTWmfXle_utpHXIOEDTjNjE6hn38tcDqx4HGY6TkRxgs0_SIULCDWvlQBlat2XFZXyahynr3V8QcSrZutd8RLM5FwBzhIqPXgJeklsF8FUfZ6Q4MMDikzKkZCCVsa5omHX-zOzj15-O2jeDmO=w1920-h1080-k-no | https://lh3.googleusercontent.com/gps-cs-s/AHRPTWlZuAH9Ld7c9daouKDHe2h2naBxxJbCUY0ecrsgzxkSvhTK8vxWrS6__72oUcRMh7Xq8CFjpdXRhxA28XXj2RDsVocmG9GmBABLhvaI9xb7_W7QTSmb8G27t4sNBJLiYhsK2nt5_7xMmJA=w1920-h1080-k-no,fashion boutique,6,2026-08-17T05:03:17.479Z
A,3,95.5,LADOS SHOP,Cửa hàng quần áo nam,"124 Thoại Ngọc Hầu, Phú Thọ Hòa, Hồ Chí Minh 70000, Việt Nam",Phú Thọ Hòa,Hồ Chí Minh,+84 339 806 789,https://lados.vn/,https://www.google.com/maps/search/?api=1&query=LADOS%20SHOP&query_place_id=ChIJa6nnTIEvdTER6neAXtnTICQ,ChIJa6nnTIEvdTER6neAXtnTICQ,4.8,201.0,False,https://lh3.googleusercontent.com/gps-cs-s/AHRPTWktOL5NL9XuNUp3rQak4nuc4MwowoYX7AnUdBhpOCp7cQNuGnESTF1rhamQ5ZKY9G-iml6VeV8886j0WIQFRLbBYZKUw9PRD_5Urn6xwiYGP3hHZ0Wrb-cJAoWQ23Z3UyyDln2JPqadshWL=w408-h272-k-no,https://lh3.googleusercontent.com/gps-cs-s/AHRPTWktOL5NL9XuNUp3rQak4nuc4MwowoYX7AnUdBhpOCp7cQNuGnESTF1rhamQ5ZKY9G-iml6VeV8886j0WIQFRLbBYZKUw9PRD_5Urn6xwiYGP3hHZ0Wrb-cJAoWQ23Z3UyyDln2JPqadshWL=w1920-h1080-k-no | https://lh3.googleusercontent.com/gps-cs-s/AHRPTWmSuYiybdWumuh2Mfg-vTjPr_E0LFBlQ22C46bOrV65LmaHbmuN1ilXrt1mli4xEe9v1laSu2R8dkF4vRf8HALKN-hvfPYljcHDAhEEJpXfd4PPWCMqAmwZ2tlU4R41FIZTWgik28ibNyq9=w1920-h1080-k-no | https://lh3.googleusercontent.com/gps-cs-s/AHRPTWkNbH8SSY3TgYeim1NhWUKC-2H9HjD_MOsycpA8DqLMIJap0xcER6Zrf9Vhu6mu_KZ0Wq-J0xeytu_wm6p2GNH4p-ePSrp19ykK62ZMg15oljKZLkIwt2bj7PlF4KIzms1dYmAoQjQ0QiJW=w1920-h1080-k-no | https://lh3.googleusercontent.com/gps-cs-s/AHRPTWmlaWQs8vIiTTwYt4Vzey51ZrSGdMZv3QmgVNLsyZ1YLRxzvZ44oy4L03WDCwY9gVbniimuSJMzoDnCS7ej3_KtLIZIAuZc-jxgQFfvKQ9F4XH0Dj1-Up2wNBMj3btOo3BxWDGc=w1920-h1080-k-no | https://lh3.googleusercontent.com/gps-cs-s/AHRPTWmRV2e5Htfpi5h61h-OXFP_QAmLHjv_iBGqwcBtJYZ1hL7_Ak72lZiHfZD97h6AT4O5Vow8sBd0r9RgjVjIUnoEq2BBSl9lUVcGQMy6WsIfjxzGZho5kLd6H-taFbdznDATuIhk9Rk4hJPs=w1920-h1080-k-no | https://lh3.googleusercontent.com/gps-cs-s/AHRPTWnsuKI6yciiJiacjEZ_SqlFObZA2MdFPhzRc5O0bPbp8TnZZTuK7f92ZdkvZ8VcCVZG-9N-e3B6RF_RhyC-W7LoThheIMwYveeg3iZrSFZZTuPBfJ2otsAB2HqS7MLrP4xsovfW26bpq9_W=w1920-h1080-k-no,shop quần áo nam,71,2026-08-17T05:05:56.570Z
A,4,95.3,160STORE Tô Hiến Thành - Quận 10,Cửa hàng quần áo nam,"297/3 Tô Hiến Thành, Hòa Hưng, Hồ Chí Minh, Việt Nam",Hòa Hưng,Hồ Chí Minh,+84 28 7100 6789,http://www.160store.com/,https://www.google.com/maps/search/?api=1&query=160STORE%20T%C3%B4%20Hi%E1%BA%BFn%20Th%C3%A0nh%20-%20Qu%E1%BA%ADn%2010&query_place_id=ChIJ4S3PxDQvdTEREbam1bzFjHM,ChIJ4S3PxDQvdTEREbam1bzFjHM,4.7,277.0,False,https://lh3.googleusercontent.com/gps-cs-s/AHRPTWnbE7glL-Sl79ZGFpKr7bLVU4Xe2oyYzgzB5UEcsVsncwMXbb_Zu-hgXbiYIGjfhNgLOofpnk5-PVBzUvSxNGshW9VliNp0rb3DpGWl_UK5S1MNk0QeZygaXD0V64xzyn3aKAdg_sVdmSYH=w408-h306-k-no,https://lh3.googleusercontent.com/gps-cs-s/AHRPTWnbE7glL-Sl79ZGFpKr7bLVU4Xe2oyYzgzB5UEcsVsncwMXbb_Zu-hgXbiYIGjfhNgLOofpnk5-PVBzUvSxNGshW9VliNp0rb3DpGWl_UK5S1MNk0QeZygaXD0V64xzyn3aKAdg_sVdmSYH=w1920-h1080-k-no | https://lh3.googleusercontent.com/gps-cs-s/AHRPTWn5rTZLdAYaj1X1mwCYfZHBbu-Rb8UD3bTEzryfEMM1PZJJqVvPZ5LJXR-IaPPA_TSYBNwKkg0d3v3vA5biNaC4e4-R8At_ohSqyOoOo949syx7aWsJizYZ-qX51brjuwyPoBP8qZbkNbba=w1920-h1080-k-no | https://lh3.googleusercontent.com/gps-cs-s/AHRPTWnuAJd8CBiKYgEcw90YTK4YUW6UsHDwTx74CQQFjFkFgQr1fNzQlQ9K6Qd7y6Z3MtQevGgD-VvkMeAfrv7AW_Xs18J8Bmldbt1BPsutQhZ86TPGX6LPMEPjmoLz89mMQWIE9PL6vMWtp_E=w1920-h1080-k-no | https://lh3.googleusercontent.com/gps-cs-s/AHRPTWm_58uKlxqTznnEq9hvxXLW6zQwhsiZASlVNFkYRivJx8mh9Ue_N7qzLDlGPt4F50kMen9ECuUE309-66par_GJBunwlzxbAs5O8cxJ_EHeVrmsampwgjQFxUPcFy0bF5CtC4xwsw=w1920-h1080-k-no | https://lh3.googleusercontent.com/gps-cs-s/AHRPTWl71qKJQ9C2QALVsN9HdJhoAVCFgDRSUrl2qWUF5C2BmEvY9H6hr6Avw4GlBBIWmjzgY7VLmiavfwiDCBhdon9FE3--b_mu0bAi3KiXmtGPXY4WtghpiA30FZNKnfEVTQ8RBD1swyXOb7R8=w1920-h1080-k-no | https://lh3.googleusercontent.com/gps-cs-s/AHRPTWmc81AVnVdg68G9UM8UB6KxB1D1W-eAbvq3hPSk9HmV2o4e6o3GDp6YY-XLxscqxWQR0kATExPByxyAxE4SzIarwbQG1KsyYMWHIUn8f17AHXCC9-CdAfGS8GIrnOFbZDNYYIVwXYWBIL6b=w1920-h1080-k-no,shop quần áo nam,73,2026-08-17T05:05:55.897Z
A,5,95.1,BEMINE - Cửa hàng thời trang công sở nữ,Cửa hàng quần áo nữ,"127/19 Hoàng Hoa Thám, Tân Bình, Hồ Chí Minh 700000, Việt Nam",Tân Bình,Hồ Chí Minh,+84 917 170 454,https://bemine.vn/,https://www.google.com/maps/search/?api=1&query=BEMINE%20-%20C%E1%BB%ADa%20h%C3%A0ng%20th%E1%BB%9Di%20trang%20c%C3%B4ng%20s%E1%BB%9F%20n%E1%BB%AF&query_place_id=ChIJwU1gT_cpdTERGaVciZCDYRA,ChIJwU1gT_cpdTERGaVciZCDYRA,4.8,151.0,False,https://lh3.googleusercontent.com/gps-cs-s/AHRPTWlYCk6uiIgGHNmrazo04TbI7EQttV-BZQyIRdBMJUVm_vOGcHyt-rrJyQwqpSiLvFknDMEEVcqTUCuDqeDTlXMBYSz0FDIPsvKq9iP2irPqARXhIRiNeFoY-GjbIQ_4dMeyS1wV3w-4wHAI=w429-h240-k-no,https://lh3.googleusercontent.com/gps-cs-s/AHRPTWlYCk6uiIgGHNmrazo04TbI7EQttV-BZQyIRdBMJUVm_vOGcHyt-rrJyQwqpSiLvFknDMEEVcqTUCuDqeDTlXMBYSz0FDIPsvKq9iP2irPqARXhIRiNeFoY-GjbIQ_4dMeyS1wV3w-4wHAI=w1920-h1080-k-no | https://lh3.googleusercontent.com/gps-cs-s/AHRPTWnibfud9Rs7wb1yOq4myKg1UXA4Q_Ggo9HOXd5q849znPpVf4RBq-oRQAg19VXkbh4qjksJAT6Pl78hMfBgQ2CUP56RkE5V7_ow9kt6bZKRmN9pIemrU2h5Zm2qv0CYPAHvIXK8O2aIGs2a=w1920-h1080-k-no | https://lh3.googleusercontent.com/gps-cs-s/AHRPTWkR90qJxn0T08kQrWL6oaQxoBhHsoZHBjmbGHnU4kY15ysBYbuYrsd_oodBgxHeqO1xdlgIbpPFXn2XTVfd5nhPDm9DJEENZ-cVz8PWhZFl-3Di0QvPnwNGe2gqCQsQBl1ghzrswDa3Fndh=w1920-h1080-k-no | https://lh3.googleusercontent.com/gps-cs-s/AHRPTWmHRIGhEWfixqKFTVDHrVBthVm1aktkAr7ZMkkzBDm2cOi4otmZ5FdwIyHrmKCT4NoBPL-kYvQ9aMwFVfGCi4bf0YEG0WIFvhA9X9CCNCJv0MfDem8P4ek3aT5Kkshxa92-_-5dLNsM5O_e=w1920-h1080-k-no | https://lh3.googleusercontent.com/gps-cs-s/AHRPTWn29TaSvSDYg4v8XNxGmhnQodlcbehsqBVxH-dGnvPqt3vNt0KW0opWrL8HSQlMLbRTf8yYiyMWAm5yqPnheTmQ3DdQKJntFNIAyIZB5nKXY7t3sZ0RTdeTjfBpMtAysILrRD4lId-lg8J6=w1920-h1080-k-no | https://lh3.googleusercontent.com/gps-cs-s/AHRPTWkSdnC5vI3iI-VUfytKnltmqY3QAZDOLKkSkIAi8TAz4FR2-NlYLnLZr91pl-meozXy48AcAlksBzAVPT84JRFFEYPcbk5pe4whcsEkXnO5kQBZnUHBeGCA0BlgmUjdeJQ2HMk2fXel1c9o=w1920-h1080-k-no,shop thời trang công sở,18,2026-08-17T05:03:58.898Z
A,6,93.9,Thời trang công sở K&K Fashion Lũy Bán Bích,Cửa hàng quần áo nữ,"520 Đ. Lũy Bán Bích, Tân Phú, Hồ Chí Minh, Việt Nam",Tân Phú,Hồ Chí Minh,+84 28 2214 2233,https://www.kkfashion.vn/,https://www.google.com/maps/search/?api=1&query=Th%E1%BB%9Di%20trang%20c%C3%B4ng%20s%E1%BB%9F%20K%26K%20Fashion%20L%C5%A9y%20B%C3%A1n%20B%C3%ADch&query_place_id=ChIJ-3OPbvovdTERfPM-iaBG8Qo,ChIJ-3OPbvovdTERfPM-iaBG8Qo,4.6,30.0,False,https://lh3.googleusercontent.com/gps-cs-s/AHRPTWl_uoGp4GKjk96Xvf_roDwvL43tHcCkVPM0yfIT3qnHmMvCp_opXlCklaayq5i1ZnawraVUqrRk36oBoEG7XzfSQubYZrxZVAkcMQGJsAgw6xvBwYFZys85Cs9nYCKrQgNMXZY8=w408-h306-k-no,https://lh3.googleusercontent.com/gps-cs-s/AHRPTWl_uoGp4GKjk96Xvf_roDwvL43tHcCkVPM0yfIT3qnHmMvCp_opXlCklaayq5i1ZnawraVUqrRk36oBoEG7XzfSQubYZrxZVAkcMQGJsAgw6xvBwYFZys85Cs9nYCKrQgNMXZY8=w1920-h1080-k-no | https://lh3.googleusercontent.com/gps-cs-s/AHRPTWnZKU6H4FZ4U5yEPcIQI7EwEw-6OjDwycPQ-WVzg9fK0nPGCndcFKLztvTPST-UE4QwP1vo_MfrWkQBF0kfK_CGELT1VWgGq_QSdC-XpbzFlyEEsm4u4IHVvF6xl1st3o2bE-5V=w1920-h1080-k-no | https://lh3.googleusercontent.com/gps-cs-s/AHRPTWkhLVnnBvK-0VsmRUTgrQ-uxQqQXZiQEcoTixABmuSBRZ4eAtX9U4j_1b-iqWhGqMYpY0-LZgzEaJ-o6BcASbuYyMOPdsq84MKa_SwcINlsfd42X1dO498fas1XzfHAwTBxrxQS=w1920-h1080-k-no | https://lh3.googleusercontent.com/gps-cs-s/AHRPTWnCo0gzRp7ksbly92R2Th8x4DKAMuoHtGFM_pMd_sYJOUVJPUknlPQ8UKRmfOwtonHd_FPowJWvicxnONWRI0zbP_Tb-kmMWaTQUp2d6rBNkEBfinfEA2saujIfiknwX6fmJpOvhuytJhk=w1920-h1080-k-no | https://lh3.googleusercontent.com/gps-cs-s/AHRPTWl-XclJ6GQjXmHUWANdPUd0_piweggkB2aRUrtx3rKyRsnSDUhCQls7KkpgkofSbhxB3uSqo4sJ3CRYuX3V7ngFMvYgK5e1jwb3rIfJvzSEG-UOYbGYxu9kxuRzMoJbGG78uazQuQ=w1920-h1080-k-no | https://lh3.googleusercontent.com/gps-cs-s/AHRPTWkhuONd5GsJAHdIF0ZVI-_RgHmR0wSuhsl36f1z4viYjKwDmZ2wztZEWIYaVasLZR5mqRSeV1-T9rF9HMCgJ3ndIazmTPhfMt7L9SUpRGZcDOgKDUKV_aWvPQYkIwywe6kjXzG-=w1920-h1080-k-no,shop thời trang công sở,2,2026-08-17T05:04:12.711Z
A,7,93.8,Thời trang công sở K&K Fashion 213 Lê Quang Định,Cửa hàng quần áo nữ,"213 Lê Quang Định, Gia Định, Hồ Chí Minh, Việt Nam",Gia Định,Hồ Chí Minh,+84 28 2253 4336,https://www.kkfashion.vn/,https://www.google.com/maps/search/?api=1&query=Th%E1%BB%9Di%20trang%20c%C3%B4ng%20s%E1%BB%9F%20K%26K%20Fashion%20213%20L%C3%AA%20Quang%20%C4%90%E1%BB%8Bnh&query_place_id=ChIJByhT7cgodTERqKTitQyPjLI,ChIJByhT7cgodTERqKTitQyPjLI,4.5,33.0,False,https://lh3.googleusercontent.com/gps-cs-s/AHRPTWn_MppbgwoGhVnyIUu-T8OXfNXaaG5UusMWZS8Ql3Zvmll5gc7plIBgWDjRgvnzVlHT074cMbelelBbuR7Xv976ijlMzZDdVvErwmHkQqR4_I2Vn8vz05UUy-lYdZ-obiCH70x8ow=w426-h240-k-no,https://lh3.googleusercontent.com/gps-cs-s/AHRPTWn_MppbgwoGhVnyIUu-T8OXfNXaaG5UusMWZS8Ql3Zvmll5gc7plIBgWDjRgvnzVlHT074cMbelelBbuR7Xv976ijlMzZDdVvErwmHkQqR4_I2Vn8vz05UUy-lYdZ-obiCH70x8ow=w1920-h1080-k-no | https://lh3.googleusercontent.com/gps-cs-s/AHRPTWlqd0SecoYTnbd8eNzTEcyhKo0MhIFpOVrHVNSsKzXd1veTnQ3eXKa0kJ2TVZPPzsL1YrVuXVMSTuyOaYItkGGWqo_Kl05ZyDlJZmluFr3wYtuR9k-C4FYJxUYv5t_qX7LNP_PU=w1920-h1080-k-no | https://lh3.googleusercontent.com/gps-cs-s/AHRPTWnKrQqSBNVMSqZYLkKLjGYeO4RFhr7_tGy-jXGymzdXWhP_K5DKMobv6PD4HeHQCCEXjDeQd0Ag7O9SS3gbSRjTUq0nsLOKm2jRnOYM-3Hm7Y8YsVCMtzH92lT-nYvmc9JuWJYMRA=w1920-h1080-k-no | https://lh3.googleusercontent.com/gps-cs-s/AHRPTWkL1IEKIh72OBUNjrruJwHoxVlsRfBd5lp0QFIHPbWehNDusW-L0eI82g3US-YAa7yQfoe-cK6qVmxzt0Rcgh-RxbvHa467DPl-ICtgv67UA6FrRfmUz7KX3PzJ9DakQbQ4HDVs=w1920-h1080-k-no | https://lh3.googleusercontent.com/gps-cs-s/AHRPTWmixIJ7dDpMaxYsjijMkSHexfoS-tw92gpnPaH4wYril3WXNVnwHlRQL8UIjf04Q42-Ms3sZXdlaABUxHrEQkZQBSosreJtRrQ1QbX9KEkbA0kSG7GOAj9IA0uyZxgoDVfHt8tGIg=w1920-h1080-k-no | https://lh3.googleusercontent.com/gps-cs-s/AHRPTWmHfSsU1PMx1HHaxVTbVWrgXyf9QVvzZCPjJUE8BKeU6jbPsMf7-emgu1a7kgVPi4um8Ek3HNpqaEqx2aNAZ0T3nctJxjGL93KpLGK44N7_YO2ATrdsXC0OFyuCYg0Edhh9jMrk=w1920-h1080-k-no,shop thời trang công sở,3,2026-08-17T05:03:57.546Z
A,8,93.8,Thời trang công sở K&K Fashion Đinh Tiên Hoàng,Cửa hàng quần áo nữ,"119 Lê Văn Duyệt, Gia Định, Hồ Chí Minh 700000, Việt Nam",Gia Định,Hồ Chí Minh,+84 28 3551 2939,https://www.kkfashion.vn/,https://www.google.com/maps/search/?api=1&query=Th%E1%BB%9Di%20trang%20c%C3%B4ng%20s%E1%BB%9F%20K%26K%20Fashion%20%C4%90inh%20Ti%C3%AAn%20Ho%C3%A0ng&query_place_id=ChIJ71dpkLIpdTERYC5HowyWpwM,ChIJ71dpkLIpdTERYC5HowyWpwM,4.9,13.0,False,https://lh3.googleusercontent.com/gps-cs-s/AHRPTWkXCTWKKF6aOD2llzcDKs2LSDL0Xsgjp-73SQonq8rJbjtMqIYhbXFE635BCj6M5W9QUzOn_kwZ9bYhFVWbYbglSISsex7vp_oymSQxBHFEILZCEnS4cq-KNroBAarC6BeLugI=w408-h559-k-no,https://lh3.googleusercontent.com/gps-cs-s/AHRPTWkXCTWKKF6aOD2llzcDKs2LSDL0Xsgjp-73SQonq8rJbjtMqIYhbXFE635BCj6M5W9QUzOn_kwZ9bYhFVWbYbglSISsex7vp_oymSQxBHFEILZCEnS4cq-KNroBAarC6BeLugI=w1920-h1080-k-no | https://lh3.googleusercontent.com/gps-cs-s/AHRPTWkioWrHZxk7tdHOBW6QGHBKZPsOZ7RSF8gG-XCk9nGC1CwtCAVYSL93YHk9bK-vMUQmh38U15UbyVA-nIgw4wogDZb9ztT67m7tAT8c6iUaTzs1msKZx-tOJqYnLp36kybpiGDe=w1920-h1080-k-no | https://lh3.googleusercontent.com/gps-cs-s/AHRPTWluvF1F-YDUV6vpZZSFgTGZjHxRsVA7RgUiW1DV7UAmyGHiUsR2ArLexSJ0ukdtkqGksDQwWUySjVx0fNTtTlzX42tO7pjujFxQEsR_UgErqgv5lWCfvdE7mypsS1KovdNDAhLg=w1920-h1080-k-no | https://lh3.googleusercontent.com/gps-cs-s/AHRPTWnzqAQZNw_weCSIkiUM0JVKg_0czT97Vy82-oIf53IKMm6yDrUUr1izZ5TCx8WGwTJ5KnZwCDwbk8_EkxRgPaDrT5OxkfdtXAJ5HfwYhFb3wA5c1P0mCXd1oug1S_RbyAQjDA=w1920-h1080-k-no | https://lh3.googleusercontent.com/gps-cs-s/AHRPTWlxY1QB9HrDngbrpew48WF7tgknpARKZyKZ-Pnu7DoHRtJWInjT4jnu7xTHhy_5R5hemg9dX3WtJNWc9V3-feqBGzosMQuFhA_PyI6T2fIZVE3Mq4UecKmtXkNft7vKATU1OOJo=w1920-h1080-k-no | https://lh3.googleusercontent.com/gps-cs-s/AHRPTWn_p2QbrCKsouLQMTCvB6QI5q0HdvZFxwuqiLUCygzYI8hjVYJgwo4gCOrulyhd5ZFlTuijm1rxYB_gZnc9TzqxJ5OjWQkG6tgcBLw_dyirOrrgmFMAp6krTh7H0xm64DyMtgWGMw=w1920-h1080-k-no,shop thời trang công sở,5,2026-08-17T05:03:54.807Z
A,9,93.5,LMCATION - THỜI TRANG TÔN VINH PHỤ NỮ,Cửa hàng quần áo nữ,"58 Đ. Hoa Cau, Cầu Kiệu, Hồ Chí Minh 700000, Việt Nam",Cầu Kiệu,Hồ Chí Minh,+84 777 121 299,https://www.lmcation.com/,https://www.google.com/maps/search/?api=1&query=LMCATION%20-%20TH%E1%BB%9CI%20TRANG%20T%C3%94N%20VINH%20PH%E1%BB%A4%20N%E1%BB%AE&query_place_id=ChIJuZKoUo0pdTERim4z525qt8k,ChIJuZKoUo0pdTERim4z525qt8k,5.0,77.0,False,https://lh3.googleusercontent.com/gps-cs-s/AHRPTWnhS_ROrFJj3VmYhGlqyNmzjnoj2OkzC-vPZb8KsUfb05ASQuMqj2ZF-Dh3vleuNa2JKejCaCxzOb27JMzprckNk3gDUT8ozfgK8a4APsoDwiEFY6c79oILKDKzmyprHqtctwk=w408-h245-k-no,https://lh3.googleusercontent.com/gps-cs-s/AHRPTWnhS_ROrFJj3VmYhGlqyNmzjnoj2OkzC-vPZb8KsUfb05ASQuMqj2ZF-Dh3vleuNa2JKejCaCxzOb27JMzprckNk3gDUT8ozfgK8a4APsoDwiEFY6c79oILKDKzmyprHqtctwk=w1920-h1080-k-no | https://lh3.googleusercontent.com/gps-cs-s/AHRPTWmBFtISaBcRrCXdlmR3MP37bhNyVrp7qf7VssBTwdPnARp4vAlIGXdJXONC6Ct9rlrXmMXw9kNVJtWVS5n6qDHL3Sl6gBPq5blctQnPzr2TIgSlzP9ovctcJ2PqfeiV02gRQRA=w1920-h1080-k-no | https://lh3.googleusercontent.com/gps-cs-s/AHRPTWnJ16I2__6gc9frJhRuVXdXn2mBiwaupYng3kG3LtmREsgoywMmRhfFkzlGrHnH0fuaUazZVthePMTbFOgBuKBmT0Nob8Ez641zodBNDMKupMnMPsodTIRUM9jX7KHOr4Cj55c=w1920-h1080-k-no | https://lh3.googleusercontent.com/gps-cs-s/AHRPTWnABSeutPLGnCL369hF6NUntAEPWvktk7bckg2pWEP26KtrPzbQLHEZtU-hmqPVsR9m1Zr5Yjw16ZlJyt7G-RJBe-sdGBeY6fUnqmffVTu2epzKrN_tTwQ4ewg3j1_b7A8nRFu2xw=w1920-h1080-k-no | https://lh3.googleusercontent.com/gps-cs-s/AHRPTWlSinIcePh2EDVDdAZaZbSy1PhFu_Sq_a3xm6L9DijE8tS9O4I-b5OOE68MV42iUlWmdBfkrTqOD9z_xI0m2vu7iukdCzQcD10WrNHZgwHviDbXS8PeB2fKwR0Mw1yGOLQkGPsU8CD3OgQ=w1920-h1080-k-no | https://lh3.googleusercontent.com/gps-cs-s/AHRPTWmMlqzs9tIVySOY6tNTSKAP0Q9KhovoIgg0nRRdia8U3tgAntZSC_dpprJk5Uen0hsBUs-dtbgSI7aJI-EhhlYWiu1gJUa-bewZ_fUzOcK0tkxbbJypvm6NBJrXeCyZlIYsYSQv=w1920-h1080-k-no,local brand thời trang,10,2026-08-17T05:02:48.321Z
A,10,93.1,Huulala Concept,Cửa hàng quần áo nữ,"27 Đ. Bình Đông, Phú Định, Hồ Chí Minh 700000, Việt Nam",Phú Định,Hồ Chí Minh,+84 938 902 329,https://huulala.vn/,https://www.google.com/maps/search/?api=1&query=Huulala%20Concept&query_place_id=ChIJb-ZFtM4vdTERYOOmTFX8bvo,ChIJb-ZFtM4vdTERYOOmTFX8bvo,4.9,133.0,False,https://lh3.googleusercontent.com/gps-cs-s/AHRPTWnd1DaN587z0EpdcW9H1ZYzQ1L4UTI39BXrVuwUwLOU4-ceVZksgfDxx4p6T8xXHckIVQD32SKLcyKQmeJI1CZyyti0083ue1vsR8JGJOJci6obqLZmbXg9MWtO2sXSuG156QeX=w408-h725-k-no,https://lh3.googleusercontent.com/gps-cs-s/AHRPTWnd1DaN587z0EpdcW9H1ZYzQ1L4UTI39BXrVuwUwLOU4-ceVZksgfDxx4p6T8xXHckIVQD32SKLcyKQmeJI1CZyyti0083ue1vsR8JGJOJci6obqLZmbXg9MWtO2sXSuG156QeX=w1920-h1080-k-no | https://lh3.googleusercontent.com/gps-cs-s/AHRPTWnd5tpN14I3alxqaSjgRYtxuGyN3LvJf-0p45IbeKtk_ikU0W5f9X5-oGRxVBhRweZHBESIJuniNcQIhys6TisNXZuL1eqZhGKufBVh5XImbq0WC-oRqFHMQlu3li3UyYSUArc=w1920-h1080-k-no | https://lh3.googleusercontent.com/gps-cs-s/AHRPTWmvYRIe_2a_Ig5Nq1Vxv7AT1lelTxT6mDewmV4CxuLuxhhtL9BmfLxPLmsIuSpUBN0E_JnoWyg2TlkNTvNJSb5Dk4ruycNKXX72-Tt7HBR9fKlIxbidvoS1JKk8g4IdR1yk_ztqA1eynR7d=w1920-h1080-k-no | https://lh3.googleusercontent.com/gps-cs-s/AHRPTWkyCS-vWcqML62rPWEqcqNEZrpMJEwr0fKVEYgCwrW1cP8Sl672h8nLyZWNi4U7jo44dlrqCAoWv011-HlSNMkK-uC7Die5-r5J1jWBsGumSd-GX05Iaadr3zignLwKxgQLEpzSoA=w1920-h1080-k-no | https://lh3.googleusercontent.com/gps-cs-s/AHRPTWnwJDuEGNYtEy2hlnMm-WADNgn5RJIgQzFPOoRo_GxUJMLUF83U0wlH75dYspUrzlFBNomKTZUsk0mNVRFuAaoZP1t5-cyRb9o18m8OkoK-QAsxkHVMv9OMPWqT3kgDOHecjyWh=w1920-h1080-k-no | https://lh3.googleusercontent.com/gps-cs-s/AHRPTWkZ2k49mZ12tFRHNU3DUG2JvDC1JLMEK9PgYpBthqNyOQJ2vcBO9z2j86YwbzMiRIKzvMOs77qK4H54KM9LWKs_J2SPR7AYplARqh594IZPQEkDEDZEbPxFwEFfC6yQnZ6wDssd=w1920-h1080-k-no,local brand thời trang,18,2026-08-17T05:02:13.523Z
A,11,92.9,Été Project,Cửa hàng quần áo nữ,"26 Lý Tự Trọng, Quận 1, Hồ Chí Minh, Việt Nam",Quận 1,Hồ Chí Minh,+84 909 911 404,https://eteproject.com/,https://www.google.com/maps/search/?api=1&query=%C3%89t%C3%A9%20Project&query_place_id=ChIJSZIzaQ8vdTERGtFDvdWtNaw,ChIJSZIzaQ8vdTERGtFDvdWtNaw,5.0,332.0,False,https://lh3.googleusercontent.com/gps-cs-s/AHRPTWnfNy1QismREhZ_ZhdAQYoGxxqUu8iZkYPq-Q1MfnfVI7YsmWoVRd396Jg5RbtA0SYtBY3XKgn6XwwwKFZyTHnteDVcCod9dB1keaw2z41ihnyoHs17UbehTql2AgPl-O48LqP7Zw=w408-h296-k-no,https://lh3.googleusercontent.com/gps-cs-s/AHRPTWnfNy1QismREhZ_ZhdAQYoGxxqUu8iZkYPq-Q1MfnfVI7YsmWoVRd396Jg5RbtA0SYtBY3XKgn6XwwwKFZyTHnteDVcCod9dB1keaw2z41ihnyoHs17UbehTql2AgPl-O48LqP7Zw=w1920-h1080-k-no | https://lh3.googleusercontent.com/gps-cs-s/AHRPTWkoG5NKwUcdOwcFQXOhXRtCwdAvKnndkNwlrNzTOI7wusyxnRNv8uCCOtoQO6rvsUAFS3372s_6Mp5TFYMv8LIqWdWeXRqYiYJP9dPeZhU5vwauIIBBS3F9QO3rB2sSQetaYW2L3tp64CFF=w1920-h1080-k-no | https://lh3.googleusercontent.com/gps-cs-s/AHRPTWkUHMmS7um4t2PwCPBL9SUVFTV0otiVkE8svw3gt6dvTOR7yBB_Y6ZY-GHKBXgas5Qr2Mi5wTPidTee5v5h-MPyHfHNyt-y_F1DH7bpStE7KXQev8WLdkGJ_XBojvdTPbLkpl8D=w1920-h1080-k-no | https://lh3.googleusercontent.com/gps-cs-s/AHRPTWksCstc_AOrMW0v4mtmMgVr2O4N53mb_kb8RMH-ccLbbJxDoVZvbfKwwBHN6NjBL6HpddOMasVJGpdE1JOzb6kJL8iDoHYPz8XhTR95otqUmY5SLTqMknI_AOJJRxv4l9qKryRf6KB8t6_y=w1920-h1080-k-no | https://lh3.googleusercontent.com/gps-cs-s/AHRPTWlJL3BHJZcUB8IqIxNu30IYH4iA4ZHa4RpP1UB2AhF30QVaO6lcvas-dTVQWrOjeNrOm5W0YAapdq_ZSyNAI0KlSDkF7nYI986n6R4-jREjS8FaRf5ewTESiIysulkDdg1HVsiLReDWoQDG=w1920-h1080-k-no | https://lh3.googleusercontent.com/gps-cs-s/AHRPTWkjI33Pb1uv_js5knu9t3lnwS_fw7J-0KIwXSpwyhG_XaD0jRDrd_CFoOfYGHm94Al3TifnexDiJ5tott-h2jUXQn1bKW0ZpSVHZveZg75pSyeQ3n8p_OtL1ezk_z1v6KXBGc4=w1920-h1080-k-no,fashion boutique,2,2026-08-17T05:04:56.369Z
A,12,92.8,XÉO XỌ SÀI GÒN,Cửa hàng quần áo nữ,"43 Đặng Thị Nhu, Bến Thành, Hồ Chí Minh 700000, Việt Nam",Bến Thành,Hồ Chí Minh,+84 394 126 556,https://www.xeoxo.com/,https://www.google.com/maps/search/?api=1&query=X%C3%89O%20X%E1%BB%8C%20S%C3%80I%20G%C3%92N&query_place_id=ChIJj_YLirAvdTER9LICtUTcoDM,ChIJj_YLirAvdTER9LICtUTcoDM,4.7,325.0,False,https://lh3.googleusercontent.com/gps-cs-s/AHRPTWmMVjBg7WicN9YyqVvw5GUpyVO-Wc2I-1qCO0O93KOaH6Bv5YHjNYVqA_MTIIR-9GCV7HkxJf1r87P9-OSImcax62llpcOcUy2pqinWB3DVC2imsB7IYd55ygbT4d3t1EthT9KS=w408-h476-k-no,https://lh3.googleusercontent.com/gps-cs-s/AHRPTWmMVjBg7WicN9YyqVvw5GUpyVO-Wc2I-1qCO0O93KOaH6Bv5YHjNYVqA_MTIIR-9GCV7HkxJf1r87P9-OSImcax62llpcOcUy2pqinWB3DVC2imsB7IYd55ygbT4d3t1EthT9KS=w1920-h1080-k-no | https://lh3.googleusercontent.com/gps-cs-s/AHRPTWlawuyi8JIMZHM5057NFi83zAYQDG4SzSW9A3HlZo2_NuWcAAErdsWrzOOs54TdFly5RKcSzbLDFdslCdA6l4HRGjmY5G1TODZj3OU934Kz2w0WID4PpLj2X2249RKVgzi79X3BvA=w1920-h1080-k-no | https://lh3.googleusercontent.com/gps-cs-s/AHRPTWliOci9dZBXmK6NxZf56ilckf1rpGz0lS3wmceoef9tO5Ni9Idbzm4FjpzzOknVnwRPyEXdatZqpzLXE2k-3tsIv7AKBT_bvbDLce030rPiF6f_7V14PDu2pNBbHk1_bTJXAGrc17NTYsDE=w1920-h1080-k-no | https://lh3.googleusercontent.com/gps-cs-s/AHRPTWns9dgCIm9M5VPHmdeUiuUsNQwM8o5eAqTtvkfHQKtPXk8q-kIyAEwYIqtiul8ECTD_cdFoitu84BzqaPGlZ7DHIXH4WEBB_KyovHEAHsKNwhuxcSOdzwsr8XS1solSnPftezTYAGrzlEjj=w1920-h1080-k-no | https://lh3.googleusercontent.com/gps-cs-s/AHRPTWnTeesWsPlqpKxG9H55_T8zRmmoiFuw_Xj6GwvQz5dQATY70slHCPXA_AHNsafVeLTxBfhWm7To1R9lDyQ1ig1RXzvdgRPaMo9Vz0dyvPwbwmOZuDcuuDclWmf5Y1yclLczo1fx=w1920-h1080-k-no | https://lh3.googleusercontent.com/gps-cs-s/AHRPTWmCcuwyYH8Sk9lG6FXP7AFip_4E0hRcEipOuy9i7QtvMmIIuzSVNJruAWcjaVGhqEgmJGVBbclyhLe2BNI__grmspNX88bf_7MVvwsMbkQh_nX7xVd4eKfw7iqcqSNispQFL0gpSWuClf1b=w1920-h1080-k-no,fashion boutique,3,2026-08-17T05:03:20.039Z
A,13,92.3,Thời trang công sở K&K Fashion Lê Văn Sỹ,Cửa hàng quần áo nữ,"40 Đ. Lê Văn Sỹ, Phú Nhuận, Hồ Chí Minh 70000, Việt Nam",Phú Nhuận,Hồ Chí Minh,+84 28 6253 7393,https://www.kkfashion.vn/,https://www.google.com/maps/search/?api=1&query=Th%E1%BB%9Di%20trang%20c%C3%B4ng%20s%E1%BB%9F%20K%26K%20Fashion%20L%C3%AA%20V%C4%83n%20S%E1%BB%B9&query_place_id=ChIJGb9SwSovdTERol4mXn-4bT4,ChIJGb9SwSovdTERol4mXn-4bT4,4.1,67.0,False,https://lh3.googleusercontent.com/gps-cs-s/AHRPTWk-JA52iP9y7Z9MJShcswkCQgAFmoVTTAWPxGZjar2zkt2v85JDuHQmOnPyOtn-CoUaQmF7_BRXdGgRWFg1JFRDO9NQXSbCFtMKNWfDvlUD7mmZCwC-Obu2m8aW8VgX2vAMlwo03w=w408-h612-k-no,https://lh3.googleusercontent.com/gps-cs-s/AHRPTWk-JA52iP9y7Z9MJShcswkCQgAFmoVTTAWPxGZjar2zkt2v85JDuHQmOnPyOtn-CoUaQmF7_BRXdGgRWFg1JFRDO9NQXSbCFtMKNWfDvlUD7mmZCwC-Obu2m8aW8VgX2vAMlwo03w=w1920-h1080-k-no | https://lh3.googleusercontent.com/gps-cs-s/AHRPTWno4xdfAJOjrrd_Gj18xFDjAJDrA8IAhRTyIz9pQxiiJIyufi6Xu4kI4amU2qm7MN4q49kMs1Qk0N80e8TZz30C-sGHJFGti5tia2Y1Llm9NI8-aA6CtdhYQyr39FwGhxQ2HV6K0A=w1920-h1080-k-no | https://lh3.googleusercontent.com/gps-cs-s/AHRPTWmO3fO6oj27YfZbDwH64kW83ehskkoZSa7A4g_rK66zk3igrlSiZ01Fyi6isE7Sp8kxiO6uoYrNFNOKjsWIQjZmvBlCLIN4-tZPPFHkrmgNGH5or27kxlOLsPw75s5XGeK-cXpO=w1920-h1080-k-no | https://lh3.googleusercontent.com/gps-cs-s/AHRPTWlyxO6qjnapb3YHf-vo8j5PXHyUDVVfGpaR__nR__Jipcr-qjlYg6K-Heg_jpNqxVJkE3Q2kwASvv_3BJ7biVHAV9ffvxHNz48YLHHy2OEmfbGvwR0w6oGBwbxJUWla8zYJkfTsPEwAmJQ=w1920-h1080-k-no | https://lh3.googleusercontent.com/gps-cs-s/AHRPTWnGXSBBxOBIVRckZenuJa6oDuk3XA3vJWf4fb13q_QR8SRjzkP5x6lJrnIEu2p_WBNU9yc8C7SZBJjPriS7J9k-BH-n233J9Qy0HqkEgf9T7eyj3-IKVNzciHtgLx5gv26vlTY=w1920-h1080-k-no | https://lh3.googleusercontent.com/gps-cs-s/AHRPTWmcg-wsuP_WUnG5QOKq7Lb9XWMxtf9-j9yz74EPQZTLBW_QUybO3HU1Dy-T7FpBWoDLIYnUgbEH7oQH2Y67UsepvyufJo2ePtoTiz5xQQlh7-S80ikmVBaHC_4ofosPgG0RSz04=w1920-h1080-k-no,shop thời trang công sở,14,2026-08-17T05:03:43.288Z
A,14,92.3,BOW - THANH LÝ KÝ GỬI,Cửa hàng quần áo nữ,"36 Hẻm 36 Nguyễn Gia Trí, Thạnh Mỹ Tây, Hồ Chí Minh 700000, Việt Nam",Thạnh Mỹ Tây,Hồ Chí Minh,+84 909 697 589,http://bowvn.vn/,https://www.google.com/maps/search/?api=1&query=BOW%20-%20THANH%20L%C3%9D%20K%C3%9D%20G%E1%BB%ACI&query_place_id=ChIJD4oJUKQodTERRJrnblKeCJw,ChIJD4oJUKQodTERRJrnblKeCJw,4.5,1238.0,False,https://lh3.googleusercontent.com/gps-cs-s/AHRPTWlWLKfW-qFGejkFL_Re3hSPNX3GqZtq4RTJqz2sjL-Q-N0_yh5ILQbmkyWtoOe0VOYKvyRNz1ohE1iZ1t6bpWB5O3FgeRZ1QKxsU7Cg7pKQldyu1e8na4weQcqSQ2YdB4yfxBNew3FoqBbS=w408-h544-k-no,https://lh3.googleusercontent.com/gps-cs-s/AHRPTWlWLKfW-qFGejkFL_Re3hSPNX3GqZtq4RTJqz2sjL-Q-N0_yh5ILQbmkyWtoOe0VOYKvyRNz1ohE1iZ1t6bpWB5O3FgeRZ1QKxsU7Cg7pKQldyu1e8na4weQcqSQ2YdB4yfxBNew3FoqBbS=w1920-h1080-k-no | https://lh3.googleusercontent.com/gps-cs-s/AHRPTWnnjLsjEMFlR_qP_3Ay03K_D9Te7w_cFg1ZRFGCztVIopCCobcMa0F-HHs2QWaApYLHrvCyl_lrpdtO89IPtnM_lyUCK0Mnc1wf_bKTvE8tnmcx0GndBqo72oCD6408OkTX1JcB=w1920-h1080-k-no | https://lh3.googleusercontent.com/gps-cs-s/AHRPTWlVBRENH3gWIeEJnAmN55KfiSD1zH6WhgEwItLaXbunifi5BKIi-5OKywO9QHfdgugmyoMO7uxarSb-m7-8TwIyYwW05oVsn4O0Z7EhjqYUfE6yE414HT3IyNE1AMxZ4oq-E5X8jJZOIl0=w1920-h1080-k-no | https://lh3.googleusercontent.com/gps-cs-s/AHRPTWlBuYKbkb_JrADuXjikCO996EW04jgk1CKzzukMZHpim82x1KctD3a22ucTsKDYfCThULZL1fQiQiXI-LMazI84B2dIxI8vQL1zrv_BJnNbQuFVqt_rDxelz0o_CBI7SoxknUhw8lwZJpg_=w1920-h1080-k-no | https://lh3.googleusercontent.com/gps-cs-s/AHRPTWm7gmZDHbfnk1kN8x3phCfX8Zik4BDBPOiwxXbRSuCkKMSAqbSrnYFWbWvLva2JfKzwpX8G5Ql_R6ZpWgnoe6VxQHRimMNPeKAYYJhTdrLcZ7pGQgpjdMTdDKMbtI44QnCw1IlD=w1920-h1080-k-no | https://lh3.googleusercontent.com/gps-cs-s/AHRPTWnOVjn7C1yhdCje6aueyAPSbEf469bymlyWDIBtcrmheH0sj1rYXvH1beGm8BX9tI6K42TBfKPAAibN21Ljx4QSD-nl4cWV6OAR6aS7nR95IeQ-HVW2Ro4sCnfx2bbXmIZ0zmY70g=w1920-h1080-k-no,shop quần áo nữ,74,2026-08-17T05:05:53.339Z
A,15,92.2,The Fashion House,Cửa hàng quần áo nam,"355 Huỳnh Văn Bánh, Phú Nhuận, Hồ Chí Minh, Việt Nam",Phú Nhuận,Hồ Chí Minh,+84 931 080 818,https://thefashionhouse.vn/,https://www.google.com/maps/search/?api=1&query=The%20Fashion%20House&query_place_id=ChIJ54AtVnYpdTER6RzAcC6SwYM,ChIJ54AtVnYpdTER6RzAcC6SwYM,5.0,169.0,False,https://lh3.googleusercontent.com/gps-cs-s/AHRPTWk9fqzw4RaZ-nKtOOHGmkZGckmiGZK3DSz6I_i11r_hjOhKCEJ9QA8TRp5jxHrumvjU-RPvo5PW_yendCSsN-otM634ubnxpgt2dTMXObWq8fn7mlQg6GUCQ6YR2wHh7yraOlg=w408-h544-k-no,https://lh3.googleusercontent.com/gps-cs-s/AHRPTWk9fqzw4RaZ-nKtOOHGmkZGckmiGZK3DSz6I_i11r_hjOhKCEJ9QA8TRp5jxHrumvjU-RPvo5PW_yendCSsN-otM634ubnxpgt2dTMXObWq8fn7mlQg6GUCQ6YR2wHh7yraOlg=w1920-h1080-k-no | https://lh3.googleusercontent.com/gps-cs-s/AHRPTWnar7jilTwzmJ-YwAeRQ7blSlU_VAJajPY1r1LbcBOMX3xC-9q4UBpDlPqhgyv_jxFSxUSRtf8yjWc3K5zSJSX4lyVg7nRjzcHMYV-AHX1kFa0tdvMSKpIjaXLPfohbh61qZhzRbQ=w1920-h1080-k-no | https://lh3.googleusercontent.com/gps-cs-s/AHRPTWllq0jyyy9_WqeulkBQR6QTNpy1WX4fK13ceYKgdvgnghoezWWclZia_cxcTMdw2f74mJPll9_xQQu_ElW0MavHw_WpG1k_8dOWkuilZv8ANyISh4imqMws7EuAnHP0_FGOnGVvrL5tnpNd=w1920-h1080-k-no | https://lh3.googleusercontent.com/gps-cs-s/AHRPTWkJDAwPxtutVC-9MOyirWSeKRTAtXYQsXO_aIcqfqr5wY8TP1kEP0LR-iAHJjGuw1mE3EYZlNobpB77pbsiXXVl5UV6KPxm4VaNcm-d3zPb19runL0EbRfhVEX3pSbkNEHzowyip71ie1h4=w1920-h1080-k-no | https://lh3.googleusercontent.com/gps-cs-s/AHRPTWnW-SqIU5vcuSKOLG5ta_znbYsLOwQfZcsdM6ZQ2XMXNXTK8fFWM8sKbRa-rkFblPCbUNfbNyKl0hpU3n8jsWi3Pzaq5kqC5emWE02yi4u-QUiYCBCLEmm3yzIuXHdeUyiZ3VhG5a_EU6E=w1920-h1080-k-no | https://lh3.googleusercontent.com/gps-cs-s/AHRPTWnSIe-5DdXb4g2NCUCeC2sIBgk5Vw9uRa07KYgJqrNAQ5jFsAQsTq5iYMDJAZKOoxVJ_9b7Ry27uvS5ZJSK8IsTDJY3Xt0gBlSQJ2ZVZP32d9t2ZeQioLxM4G_BzQfg4QqppJpi=w1920-h1080-k-no,shop quần áo nam,95,2026-08-17T05:05:47.468Z
A,16,92.2,Thời Trang Trung Niên Thiều Hoa - Váy Đầm Trung Niên,Cửa hàng quần áo nữ,"320 TL8, Củ Chi, Hồ Chí Minh 700000, Việt Nam",Củ Chi,Hồ Chí Minh,+84 1800 9246,https://thieuhoa.com.vn/,https://www.google.com/maps/search/?api=1&query=Th%E1%BB%9Di%20Trang%20Trung%20Ni%C3%AAn%20Thi%E1%BB%81u%20Hoa%20-%20V%C3%A1y%20%C4%90%E1%BA%A7m%20Trung%20Ni%C3%AAn&query_place_id=ChIJf1apuXgtCzER4SE-j8veIeE,ChIJf1apuXgtCzER4SE-j8veIeE,5.0,96.0,False,https://lh3.googleusercontent.com/gps-cs-s/AHRPTWlZ9rUu8ZVnSNfEf1FG9EU9VbdLswgQ-iGek0bn1sX3vS-cfXM3DTNwoO1gTTjKXpJGCGevTx_thlK9S58gr6I6VK4GbsjuErLAhhcHNRtM-FnOvdUzPLmvcDeuRxScb_OBTTsvU1HRSFlf=w426-h240-k-no,https://lh3.googleusercontent.com/gps-cs-s/AHRPTWlZ9rUu8ZVnSNfEf1FG9EU9VbdLswgQ-iGek0bn1sX3vS-cfXM3DTNwoO1gTTjKXpJGCGevTx_thlK9S58gr6I6VK4GbsjuErLAhhcHNRtM-FnOvdUzPLmvcDeuRxScb_OBTTsvU1HRSFlf=w1920-h1080-k-no | https://lh3.googleusercontent.com/gps-cs-s/AHRPTWkP-lhiH5z75LUmhbZvQzy_ZiBqwknizGmpEHzJ-v3ucNIddsgZ5rWFVQ8fIipxwmmy2quEf7if2knhch6Sj98powrViwLFza2Nh47xWhm_9Kojc5BmS9oNl-3zplDzQXRmwiYp68yVrjo=w1920-h1080-k-no | https://lh3.googleusercontent.com/gps-cs-s/AHRPTWlOjlKjSwFoX_nUSpTNagRss3WBfI5m581VUG9YF5eJ6t4ZdLiz59JS3Jx-9h9ntWY8vnYJZwGUhD_O-lSMlkz4f_wy7I6JT59pmYopR4HGHnA8_KcmOA3dGivImePf6dl9EQ1WESHv7AUn=w1920-h1080-k-no | https://lh3.googleusercontent.com/gps-cs-s/AHRPTWlqMQTIA3WZbFxmEQ3SidHq1Flqzu32TCDRxDMBOdlG07prvBp_wz6sT-J51l1kVT_FVhgGDNxLvsHm2dS-uOpDM8UeNIkKiDbgNfY0xK75FUm8LSVDNFfo-DqxtrNMLdGSUahJsR0QWQIu=w1920-h1080-k-no | https://lh3.googleusercontent.com/gps-cs-s/AHRPTWn2z19jth0NEN0U0htXrKSK9ODNCL1Ij1FGk_2cNplpZF5ejys1Rk8r0LPcXti_pwkJaN8xMx3jHrSYm6oooPIXnblnHDnO6zSnPVHgwxLJNrQmTO9pUx7lnYb9p9qM0yWVu70H7_XBSic-=w1920-h1080-k-no | https://lh3.googleusercontent.com/gps-cs-s/AHRPTWn6ASaQcND1bMhvCY6r2-V9fsKmLpO079AHTPd5dUEWCcn8FZne8Pz13NxJcVFUv4wLPckJCBAUR5tX7mKweGUJ1-ZOrPYXfb81Nt9dpmuQPTGQdLUqStYtx6W5z_chDpz6CCgHUFy6hSdH=w1920-h1080-k-no,shop quần áo nữ,37,2026-08-17T05:04:22.343Z
A,17,91.4,Dimoir studio,Nhà thiết kế thời trang,"63/1 Pasteur, Sài Gòn, Hồ Chí Minh 70000, Việt Nam",Sài Gòn,Hồ Chí Minh,+84 788 868 863,https://dimoirstudio.com/,https://www.google.com/maps/search/?api=1&query=Dimoir%20studio&query_place_id=ChIJd5H_nmMpdTERxBcG_HI0zVs,ChIJd5H_nmMpdTERxBcG_HI0zVs,4.9,209.0,False,https://lh3.googleusercontent.com/gps-cs-s/AHRPTWm2DP2VxS2oed5KWAEp-Hx53ZnHll4kW4NLDFCESdne4sUJygUMT7JwzD9sv45Zip1-QRsa7KYCTJAb4oiS3EN5RyWU6T_ZsOGObgX8_JNw81WvC45Oo3a066z2ZwjCLNOhNTljSO46iotD=w408-h306-k-no,https://lh3.googleusercontent.com/gps-cs-s/AHRPTWm2DP2VxS2oed5KWAEp-Hx53ZnHll4kW4NLDFCESdne4sUJygUMT7JwzD9sv45Zip1-QRsa7KYCTJAb4oiS3EN5RyWU6T_ZsOGObgX8_JNw81WvC45Oo3a066z2ZwjCLNOhNTljSO46iotD=w1920-h1080-k-no | https://lh3.googleusercontent.com/gps-cs-s/AHRPTWkuMJph8MT9i8CgKFDBOTIWnaa0RAjhyubGCK5N1v7xY7BnUAiIIMn9Tr6UFYN-p-TbmjquknJh5EITzvjNbXO10JdofV-dQbWvetMMB34lxsGevh6M2kXGSVcNKeW6R5CpPBI=w1920-h1080-k-no | https://lh3.googleusercontent.com/gps-cs-s/AHRPTWlUy_MpbA8Q3UDza3NIWJv2eAgYQN6fBDYQ9tdf2l-uZrvNuCDnh2zWI-gHg7iUNIJgG5WwaZQUzK4OULwPK01c4ioCZw-RYnJCTKHZvf-RA8eaFP9smzdfw3bOL0cC_pMO8fTTbhCK_mY=w1920-h1080-k-no | https://lh3.googleusercontent.com/gps-cs-s/AHRPTWnlkNql1gMDHks_c928t_Qy2iW5L89lJ4bLfxYv6hcSIVPRUQkI1rGJ5Gw0hVBdEb18lLU1_M1os1hW3G7dAmtItObcwksrmvMJp7sUqPTW9_Ly-uC1I5IVSjnLIXGdIP9h4BsR=w1920-h1080-k-no | https://lh3.googleusercontent.com/gps-cs-s/AHRPTWm-u151WSzBUmPuskuRjJjLxmKrnKayQ9SrZTbiMWsGq9cIohUEf-jXDUfcK9Yf43Pz5Pjf3IU17CIBvTw6sMe6umz--jtPTAH-C7-s5gvm-LFoT0U3TqULn7RasYpmRO6HVxM4RQ=w1920-h1080-k-no | https://lh3.googleusercontent.com/gps-cs-s/AHRPTWnF7E6BSi6U1QozRLXordwCgYHmME_wO-UwS-KuI8s6a0maYP09h9l3Idf5-O98rEnPqT5HFb9mX-JA_8N39prszXobWa-JqrMqxJvgDlC0dPyMN6INV-sGA6Kn1vTneaU_BzuFHVJvAAo=w1920-h1080-k-no,local brand thời trang,92,2026-08-17T05:05:17.223Z
A,18,91.0,J-P Fashion,Cửa hàng quần áo nữ,"825A Quang Trung, An Hội Tây, Hồ Chí Minh 700000, Việt Nam",An Hội Tây,Hồ Chí Minh,+84 917 584 116,https://j-p.vn/,https://www.google.com/maps/search/?api=1&query=J-P%20Fashion&query_place_id=ChIJJ3LUk8wudTERnez8KMs87l0,ChIJJ3LUk8wudTERnez8KMs87l0,4.7,111.0,False,https://lh3.googleusercontent.com/gps-cs-s/AHRPTWne7hjMED0l9nSedsX7QfRPYBh-wgpX-G3rMtMVAEppk8PsqXT0o5sYFW5Pgpm5m4QOSs2_TdU5QuAkoT4cCbARyXCYqzHpjxIjzSGNhlX7zNfk_IxDxUc6H28hxujIpC6UhA8qzA=w408-h544-k-no,https://lh3.googleusercontent.com/gps-cs-s/AHRPTWne7hjMED0l9nSedsX7QfRPYBh-wgpX-G3rMtMVAEppk8PsqXT0o5sYFW5Pgpm5m4QOSs2_TdU5QuAkoT4cCbARyXCYqzHpjxIjzSGNhlX7zNfk_IxDxUc6H28hxujIpC6UhA8qzA=w1920-h1080-k-no | https://lh3.googleusercontent.com/gps-cs-s/AHRPTWmXGYYtY641AcPxjnD9ULzJlrG8fYPayagPLbawAwGcxLmNbtvpBB_0cHj8NIxhKJOFOjsxBsavg3U3T6VyQBTdi6AKIV_TOpofrO5hQ7nnYfaTS1P2y3S42_p6ojx1dg6yUPU5=w1920-h1080-k-no | https://lh3.googleusercontent.com/gps-cs-s/AHRPTWkQjFXSRKBpEv817K94a-gp2yEJlh7AOoC5548qlC5ryKPN-0jd4zKmuSjf1eFB9vju3D42vvwsUh47g4k0hrR2-Nli3ocfbG5MsiQuZzwuy9w4sAYKrD3lMY8fLq39bHGNfYvURQ=w1920-h1080-k-no | https://lh3.googleusercontent.com/gps-cs-s/AHRPTWmKW9_AWg6hp2jpc5Bs93AhFMNLCw_-ZV5CO2q4yJwl3B3Z0bn6a6SqALaljrS5A2_J-iGcziPOLNssg2nPElbj3B3PB2h8QjQU3Tm-HXjLRg_300K5HmPqQ4ZWJBd2eBzBR4ZRsGQhrWxJ=w1920-h1080-k-no | https://lh3.googleusercontent.com/gps-cs-s/AHRPTWny6W20PeU4Tf2wXtvFDI8MLZFJAjZHzBd9Ju86PoDYOSQUOyGE9xDg7ye-qiY5OD21BN9gOx6F8qGTWXoODrCAZoexvFQGHRsfJ1zfkznlg_8P0bkVPLfXYJQoqk_h1modqfAdoA=w1920-h1080-k-no | https://lh3.googleusercontent.com/gps-cs-s/AHRPTWlrQ69fWJ5txXEbYAEh6SYDDyDMTphNT4tv9Pyvfbh94uRAEZCQgNje2dtju9QL6_Auj1ZrKUkmpmolNf6erPPE96B2R_OQko3n1mQXvt6tcuhrGubluItgwrv9h-9sYedUpmDHMw=w1920-h1080-k-no,fashion boutique,60,2026-08-17T05:04:52.028Z
A,19,90.2,Toha CloThing,Cửa hàng quần áo nữ,"Số 9 đường 24, Vĩnh Hội, Hồ Chí Minh 72800, Việt Nam",Vĩnh Hội,Hồ Chí Minh,+84 949 499 292,https://tohaclothing.com/,https://www.google.com/maps/search/?api=1&query=Toha%20CloThing&query_place_id=ChIJn2EiF3wvdTERDjxREULiBHg,ChIJn2EiF3wvdTERDjxREULiBHg,4.8,111.0,False,https://lh3.googleusercontent.com/gps-cs-s/AHRPTWnGfVH_rwuP8wPVpaWuW65dX-DZwnEeXnEhTkKHzVm4Yz43uoUXVmULLxD-Bp0U_OIPQQdGTFHUFBNAKdAul7zs2XjU2-1Yp1zeiueo3I2Im9xjCAmEU1ldGXF6zo_0uYV8Dkc6BYUOYe6s=w408-h544-k-no,https://lh3.googleusercontent.com/gps-cs-s/AHRPTWnGfVH_rwuP8wPVpaWuW65dX-DZwnEeXnEhTkKHzVm4Yz43uoUXVmULLxD-Bp0U_OIPQQdGTFHUFBNAKdAul7zs2XjU2-1Yp1zeiueo3I2Im9xjCAmEU1ldGXF6zo_0uYV8Dkc6BYUOYe6s=w1920-h1080-k-no | https://lh3.googleusercontent.com/gps-cs-s/AHRPTWk2CoX9GG5rsAcCNZpAJfikYg_zF-0FYtIbPt4n_xZBut2ASCB5VOnY5kX5Dwv2f3NQagZCeqweH7yHWQAgDVKElvMVHI_hNB4HnDjzZ5r-umagEjx4ZjERJ3ziTor0HprtzOSNMK9pNjHc=w1920-h1080-k-no | https://lh3.googleusercontent.com/gps-cs-s/AHRPTWnTmEZ8GIIe9C6BZsvULcoznhT9FFJv8lmo1wRvBFvjBUaP-USomjDRxhjMcWtMZjNGKu9DLdvRyZnpeN9R8bd-Ig0Mx80XJo6t-iCq9nWg4B6sllQaFpfNPfN-sRmSAM6ClMWvx1TjLlAY=w1920-h1080-k-no | https://lh3.googleusercontent.com/gps-cs-s/AHRPTWlehnnxN-lEujYVagxv2rQ9QJIkCtBL_28R4t6gEEWZ1O6PLDGSuW67ypXscUOtVKsDLcyXWJPIkACwzqu-_HqrEcL_r6VZGvmax9qHaQYuxIevcTosh5Bd1i4IzV-EfoUYXU1dq5ADUjs=w1920-h1080-k-no | https://lh3.googleusercontent.com/gps-cs-s/AHRPTWkGCsoayfIRUuUUIyQ4UtS4QkShYS0hfWbliRVvMSHmbnVjzEWX_rihGHsx_8lRcT7kCmVpuhZoYTfN7mQq2jrJIv3z9xlGuLEeKdX6hS-93nHlBBac_t9XaN5ui6_ju9fXJFrGiyPeysAJ=w1920-h1080-k-no | https://lh3.googleusercontent.com/gps-cs-s/AHRPTWlQf4rm6IIoXm2x_WKh41IWInvtaa_0zd0n4N6DWu41d8h15e82BxoyM_9maBKNSB53r-G1N93BhWFPxXjb4TM2jwrhCefQDHvFM4F8_YJtQqKAkygpdguD2UVmcdDrk6jLN2m3Je0iuTM=w1920-h1080-k-no,fashion boutique,15,2026-08-17T05:04:49.617Z
A,20,89.8,CATU - Chi nhánh Nguyễn Trãi,Cửa hàng quần áo nữ,"Nguyễn Trãi, Bến Thành, Hồ Chí Minh 71009, Việt Nam",Bến Thành,Hồ Chí Minh,+84 366 667 742,http://tubycatu.com/,https://www.google.com/maps/search/?api=1&query=CATU%20-%20Chi%20nh%C3%A1nh%20Nguy%E1%BB%85n%20Tr%C3%A3i&query_place_id=ChIJCR55MvEvdTER-V00NY7h91o,ChIJCR55MvEvdTER-V00NY7h91o,4.5,277.0,False,https://lh3.googleusercontent.com/gps-cs-s/AHRPTWk7AcusNXdOkXBKHd_nHv4wSLg0fDg0UF_yzCIhRank4rPges02259Yte7Jf_sVnx0RGfVNArN-Hee_gZdGhkk8o93QSeTbedsfxBtoz3CUadsHZeFyUfu53SsyMyuJzAA9c7vK2SQBaRw=w408-h306-k-no,https://lh3.googleusercontent.com/gps-cs-s/AHRPTWk7AcusNXdOkXBKHd_nHv4wSLg0fDg0UF_yzCIhRank4rPges02259Yte7Jf_sVnx0RGfVNArN-Hee_gZdGhkk8o93QSeTbedsfxBtoz3CUadsHZeFyUfu53SsyMyuJzAA9c7vK2SQBaRw=w1920-h1080-k-no | https://lh3.googleusercontent.com/gps-cs-s/AHRPTWmXIsE8f5r_6VnNDLNNZO7eI-UvqcuWY17Df1lz0ejUrzMquHESuMY-Q5CabQetxtZ0oK39MeDLhIQyjHssQsXGNprdQND-Cl90ZqHRn8zQqEjUHEFRx51zSTDzftke2sAH204pypFMmbNW=w1920-h1080-k-no | https://lh3.googleusercontent.com/gps-cs-s/AHRPTWnVdLqDddE7kJ8TYvjrfgVZ5ltumgboNLHU4qwmOR3f_XPh8vTJTam4lc_INRBSd9kcHn3eVjaD0sMmcMwsPiQUluhpLIrPBII2ShSriQUJQF8RW5r1bO6VoRY1nLEJ3q6S8BSmoya-i3yJ=w1920-h1080-k-no | https://lh3.googleusercontent.com/gps-cs-s/AHRPTWkuRvUlX7LQ_KXAzbpt5OMzz9A5JEU1t9zWQj23Y3vRlKeFxjbUz5KvA8hJ_l1Q2XqqK9NPIS3vCFx84U4hsVFVpcJe5i7jce2wOViOTbTyfAFCF13gRF3vFiAKv7SRJu__7pZHHEaS0HBA=w1920-h1080-k-no | https://lh3.googleusercontent.com/gps-cs-s/AHRPTWlmhbWjiVI6_wEvHrcz2U-eN3FyfeUW3WoD6m5OmM31Z-iEkqgUfYQHec50xO9D4uBH6-EI7NpjQJtCfPdu74Y4MUsibF8OmedPKCQJcTqp1XIIXRlBWWnZAgXzaW34bI1bRiOsYdkmc3A=w1920-h1080-k-no | https://lh3.googleusercontent.com/gps-cs-s/AHRPTWkSV0OKuPzkKXzVuacjCY-2ulRBpROrY7ETaHn-wD7_VbXSJIEfhKimdaUpJGXy99q_PJSscKblW0I3NCg0vptvn3XlEaIC3nxp83oZQPEbd7kugQhIkD_mD9IsG-jC5RcM3z3WcyJQBzdX=w1920-h1080-k-no,local brand thời trang,125,2026-08-17T05:04:51.844Z
A,21,89.7,Inspirée Vintage,Cửa hàng quần áo cổ điển,"121/12 Lê Thị Riêng, Bến Thành, Hồ Chí Minh 70000, Việt Nam",Bến Thành,Hồ Chí Minh,+84 907 882 899,https://inspireevintage.com/,https://www.google.com/maps/search/?api=1&query=Inspir%C3%A9e%20Vintage&query_place_id=ChIJFTy3cr8vdTER8Kcij6ipivM,ChIJFTy3cr8vdTER8Kcij6ipivM,5.0,941.0,False,https://lh3.googleusercontent.com/gps-cs-s/AHRPTWkwe4v7edSfvODlF0gb6jDoQQ_FzEHXpcOHAWT5fSwLJyTFyvVQLbM83Djs_fWHwBOU9Ea3FHhgH8s8eiIXheiGklhdSwZD6b9_IzuW98_y2PYv9Z5US6g80C4mVwhXYqX7HTMFZ3STwdw=w408-h544-k-no,https://lh3.googleusercontent.com/gps-cs-s/AHRPTWkwe4v7edSfvODlF0gb6jDoQQ_FzEHXpcOHAWT5fSwLJyTFyvVQLbM83Djs_fWHwBOU9Ea3FHhgH8s8eiIXheiGklhdSwZD6b9_IzuW98_y2PYv9Z5US6g80C4mVwhXYqX7HTMFZ3STwdw=w1920-h1080-k-no | https://lh3.googleusercontent.com/gps-cs-s/AHRPTWlSKnl7VjCOr8H4L_WKeqkaU_dxoYu9DsAV6KfrHvKxr_FM3pfXaBxhZhYRhcpLg-tNSe7FBl6WPkgasCJCVjiw1kWFRThsdcwsqyWy_wxm_niVvKvcE4Iec1TIWj3FwB_zGZhy8g=w1920-h1080-k-no | https://lh3.googleusercontent.com/gps-cs-s/AHRPTWmsQuYpTeg7jaBk5ap-WmBIhtfM8LGLfLTjzHF4c9zDIH36Mfi87G4X99eiUZksl9LeODuR6Rv_Ac2vIiy2Gim-xmu_rEIZK55-rHn-LBxtdApCXIVKMYukRj729toWdFqDR5BIk2t9gkVq=w1920-h1080-k-no | https://lh3.googleusercontent.com/gps-cs-s/AHRPTWnhENstukClUuW2Sd_PYz8v4wXHXtgnG2oP7Qlq-iKuxErKKesg4z_UEh1wEU55YELTwGZCBjQqEaKsjcsuCrxw49kllpsqKJ8ktpKWyn7cLOyW9sdFrB4Huz2XYPyGesVLQvThYfgKifI=w1920-h1080-k-no | https://lh3.googleusercontent.com/gps-cs-s/AHRPTWkUg5L6e2uT14tyxaFfps5QhBWzNlka4cP30FbEfkDYbsM6plczZqJWlHNGDBFb-8R3amJ-nuC5cXqqg56BIO8joORt8X7N5J6McaCbg6LHnkPmeyHoIlXct6DMt5MjpjtJwYsdZO48KZad=w1920-h1080-k-no | https://lh3.googleusercontent.com/gps-cs-s/AHRPTWmG208b_da2rYn2URLHVU5E7Ve6CcRhPtLislSUPI-MMSlO9RvVXRVjSfNi6aAwomWMPXnLec6mD0ZGttMzenoC04q_naVWnJ9QTkikwS9VDviyTzGDKBvlv7bo66AOiHWv3AlcXGG2UzDN=w1920-h1080-k-no,fashion boutique,7,2026-08-17T05:04:56.440Z
A,22,89.5,Sakura Fashion,Cửa hàng quần áo nữ,"36/4 Đường Đô Đốc Chấn, Tân Sơn Nhì, Hồ Chí Minh 700000, Việt Nam",Tân Sơn Nhì,Hồ Chí Minh,+84 377 698 919,https://sakurafashion.vn/,https://www.google.com/maps/search/?api=1&query=Sakura%20Fashion&query_place_id=ChIJexy5_R0sdTERozqbDz3fxSE,ChIJexy5_R0sdTERozqbDz3fxSE,4.4,212.0,False,https://lh3.googleusercontent.com/gps-cs-s/AHRPTWlf2k1vsBGfE1b2ttCcKSAoV8diVCaYO3bit6tMskom6z71Yoh5uczgc4LesZAw8r6Zdmny-s7HYcjIeRjTJI8RtI8xLn7qFVHgz7-oEWZBlw4AfXj3RZq_g6Adn9TsVWzIK73R=w408-h544-k-no,https://lh3.googleusercontent.com/gps-cs-s/AHRPTWlf2k1vsBGfE1b2ttCcKSAoV8diVCaYO3bit6tMskom6z71Yoh5uczgc4LesZAw8r6Zdmny-s7HYcjIeRjTJI8RtI8xLn7qFVHgz7-oEWZBlw4AfXj3RZq_g6Adn9TsVWzIK73R=w1920-h1080-k-no | https://lh3.googleusercontent.com/gps-cs-s/AHRPTWlZ5j-75_2XpHzmffUyZ1nNXghwZLgvKVmoM2UJNFog87XeLLre5gRE6xlXwVeVstP9u6y9QWgliORjwzQj-HmzKKVzcZns8tWTdIGrGJyIr1vn6HgUINUEjMaSKhR0jJ0nuGaE=w1920-h1080-k-no | https://lh3.googleusercontent.com/gps-cs-s/AHRPTWmmw9X00lvwTecwKQnm88R2QVy3VK0q23YRj0ic-YhCAq12asN1D10UWD8qmf4Ovin0c9Wv2kQ98Eh-QrHF9xIPf99P0gylEyiG7PnTyJ1-Z0M0-MD5DFcr4cahlfgkxa4kzfbE=w1920-h1080-k-no | https://lh3.googleusercontent.com/gps-cs-s/AHRPTWlpGleVn7VWiLNkhTdZVQYk5aDnyXNsnsdmRYoOQW1iAkkGy6OzzQUjImk7uqa1TX9cjLQBQpp6XJt4owe1AAqk7fN4XQFbCjsP8skuubY5RHpzCphKwWcOXrWSpD8D_urg1YU=w1920-h1080-k-no | https://lh3.googleusercontent.com/gps-cs-s/AHRPTWmsXQs3tv5PKjjt9wep25Ka9XDPQx3MROmYT7y62-jiMhAdYgtl_tuWxbt2T59bakWQkovo_iOXeTh8BB9109Pfs97laTzOx1UIEQ90xIzeDdXnqs5BXTQ1_JAJvxHhtKxWo2lj=w1920-h1080-k-no | https://lh3.googleusercontent.com/gps-cs-s/AHRPTWlS7GKvgEqNutU-WNhyCJJ8qIy4-YC6Cxl8eldYL8w20m8MdKDIkJaVrMvmbNfB0ZIkCHnb5sfzbM3a_xrKNI0wMEEqIS78zyjgq4gaA-FNVEuYhEB3HkcETghrxlhhE-T2g54u=w1920-h1080-k-no,fashion boutique,11,2026-08-17T05:03:14.306Z
A,23,89.4,GOLA Designs,Cửa hàng quần áo nữ,"81 Trần Quang Diệu, Nhiêu Lộc, Hồ Chí Minh, Việt Nam",Nhiêu Lộc,Hồ Chí Minh,+84 931 620 048,http://facebook.com/gola.designs,https://www.google.com/maps/search/?api=1&query=GOLA%20Designs&query_place_id=ChIJu8TPUVsvdTERhgM821hQkqA,ChIJu8TPUVsvdTERhgM821hQkqA,4.7,90.0,False,https://lh3.googleusercontent.com/gps-cs-s/AHRPTWm0xPatXH1aW9eYyscZw5Or_8YEvUlFmWQ9SW55UycQjYXWbu84illHLtGii3i1GUJwdvoU3dzmnRyBIM-6lw1tCWAz2WC2CZ1LVDljjTkJ-529pRjhWorEiL3ws3e-0aS1xb8B=w408-h725-k-no,https://lh3.googleusercontent.com/gps-cs-s/AHRPTWm0xPatXH1aW9eYyscZw5Or_8YEvUlFmWQ9SW55UycQjYXWbu84illHLtGii3i1GUJwdvoU3dzmnRyBIM-6lw1tCWAz2WC2CZ1LVDljjTkJ-529pRjhWorEiL3ws3e-0aS1xb8B=w1920-h1080-k-no | https://lh3.googleusercontent.com/gps-cs-s/AHRPTWkBTtKLuOH4pSSHjqGpVKnXcIXwYt8W3qEIWcU0LmAfAIB6srh3auTns5PYnnsIHFoIu5v-2ARQyUND7u2uRbG0QYtyzupYudrF2YLVYb-C9S7NmZUYWRlDYdEBHUd1NfFI6sJ-rQ=w1920-h1080-k-no | https://lh3.googleusercontent.com/gps-cs-s/AHRPTWnrSRJmZk8cmGlJBAtrJTjmQl_pJl5FAfWSCTE20IdhnBIxddDC9KkB4T5Eu54PBs3Kc-9yMRJh1N_HiU3D8UtU2o5ZIt4aRXj0tiRtrJlgvvU3s8GysmKDG89qzUo_QuuYCNs=w1920-h1080-k-no | https://lh3.googleusercontent.com/gps-cs-s/AHRPTWmrBTAnOvYMINvfLF2jp9MVUYII1oBB0IoWRcelvIDDAf_CbGGDO-XSipt2Hu9ocKJns5fH70HH3Xp-KCD9g9Xx87b1OjN7Qh057wKfz9YG95TV8lKupx7xP_XURu2OMR_KvzZbrnWl2yK6=w1920-h1080-k-no | https://lh3.googleusercontent.com/gps-cs-s/AHRPTWnxfGAB2ig1IOlsP2eAC2N13AzICH6I73GDWbetZX0QJ6doGRPwGqOvoInDnKT3R3mqWXk5Bgfn60NZru-pN7UCdUhjdNLC6EQiq0JlNeB3khGi8khk2rTiZpPm5c07SYL9uWqtc44n_WM=w1920-h1080-k-no | https://lh3.googleusercontent.com/gps-cs-s/AHRPTWmBZb5HrzIYXNZQ3-JO7NNWUUtZxBl3GOQgPttBPzoOK6mLbVebSMtksk56aOMDy_4x4ETeSoWErChvelzg21BtXXIJ3ccQWYN_-oa5NDISsKFsoLsUW-U90AKvN-Mg7vCTkZnqpQ=w1920-h1080-k-no,shop quần áo nữ,92,2026-08-17T05:05:34.820Z
A,24,89.3,Bán buôn quần áo trẻ em giá sỉ Sài Gòn Bảo Tín,Cửa hàng quần áo trẻ em,"39 Đ. Tân Hàng, Chợ Lớn, Hồ Chí Minh 700000, Việt Nam",Chợ Lớn,Hồ Chí Minh,+84 902 940 894,https://thoitrangtreemxuatkhau.com/,https://www.google.com/maps/search/?api=1&query=B%C3%A1n%20bu%C3%B4n%20qu%E1%BA%A7n%20%C3%A1o%20tr%E1%BA%BB%20em%20gi%C3%A1%20s%E1%BB%89%20S%C3%A0i%20G%C3%B2n%20B%E1%BA%A3o%20T%C3%ADn&query_place_id=ChIJM7k_BsoodTERflT_6nq-kQA,ChIJM7k_BsoodTERflT_6nq-kQA,4.7,18.0,False,https://lh3.googleusercontent.com/gps-cs-s/AHRPTWkUd1BxZgRR7kRgwHA6C2dq4BCxthGZ6mwYdajPkmQ4KpvfAE58FvNE4i5KWX0ZrcQOcvEAuvl8h_zYNfnDiIT6dm5b8Mh_-03MHz_X91fjMUAj20ZSJUwwTVnc8ngTkTy-WWNw=w408-h725-k-no,,shop thời trang trẻ em,14,2026-08-17T05:04:02.324Z
A,25,89.0,SomeHow Nguyễn Trãi,Cửa hàng quần áo nam,"148 Nguyễn Trãi, Bến Thành, Hồ Chí Minh, Việt Nam",Bến Thành,Hồ Chí Minh,+84 325 547 615,https://somehow.vn/,https://www.google.com/maps/search/?api=1&query=SomeHow%20Nguy%E1%BB%85n%20Tr%C3%A3i&query_place_id=ChIJ6Urou_kvdTERCSJkBWUNRk4,ChIJ6Urou_kvdTERCSJkBWUNRk4,4.5,115.0,False,https://lh3.googleusercontent.com/gps-cs-s/AHRPTWlUbEwFaAtDy_Ladd2dNMh79Jo1NObu2yok3WusVaPRfzPI5uSuY4Hyw337ukznTPE7YsoSCdmQQuOU9nxC2O20OTpi5gffs2pKe-fez25SE4rhGEnN6nBTfOox__jdVueMvvUWtpwyHgmI=w426-h240-k-no,https://lh3.googleusercontent.com/gps-cs-s/AHRPTWlUbEwFaAtDy_Ladd2dNMh79Jo1NObu2yok3WusVaPRfzPI5uSuY4Hyw337ukznTPE7YsoSCdmQQuOU9nxC2O20OTpi5gffs2pKe-fez25SE4rhGEnN6nBTfOox__jdVueMvvUWtpwyHgmI=w1920-h1080-k-no | https://lh3.googleusercontent.com/gps-cs-s/AHRPTWldxij1qHO6VP1MsJM6dPI9qw-w3DOkWaKqIqaycpgF5gUj5Bzxl87Ah4LjietZS54wr5m6U-X3ygMQZ-7uslSR9w8rFSS79L3oFISd9gOh3Dw4MLUe9I1g4g6Qs--VHawrD9sM0g=w1920-h1080-k-no | https://lh3.googleusercontent.com/gps-cs-s/AHRPTWkt9H3ot39ezlRsVZfZVcn7mzoYz4L12NFiRl4zHb-uLNVEI8clL_R0Bn9rPkjXOvdc0XnGxLphvBR3a5RsDClNLaW_taTp_r6JARtt4vA1nOLlNScLElTXR5rONLGqLLW_rX1TaCIh25PP=w1920-h1080-k-no | https://lh3.googleusercontent.com/gps-cs-s/AHRPTWkw9R7IIzWEyb9nazfKaqbU4C8OxRxADJPQAdmjQWlY2z6HKMcVlofhlkU5ZLdXlgqxr0UEFHVzVaKacBQi6BhVETZjUHysd_J1wq0ZBSsOCfRfVn-xKCuO_a00Zq_kC3eQc8dSgw=w1920-h1080-k-no | https://lh3.googleusercontent.com/gps-cs-s/AHRPTWl_8CjLLyKNn7kdqxGEqqI71dZIyvGiY25j0U92tC2TOgJ_8A8rQNeRySWRhNYwDQ7pFu0TKDUZuNG-5FhNDa-1rRwR-5p5mIqvhsWS_rOacvCHp2IdjY8ylfTN1e2EoJa6zTwDbPoc5zk=w1920-h1080-k-no | https://lh3.googleusercontent.com/gps-cs-s/AHRPTWnhT3GIrLODf_7X_OZiWMXedr1qjjUN8XK6OIcLGeluszh1gOt3KZYA4iPCPCJt7YvlJOSRCE9ZGPpMrW8u78xKxvcXG7J20OOK0O2dzBgyuBuMU9pG3OWlwg4-vE3nzhxPOQzckdLr3yQ3=w1920-h1080-k-no,local brand thời trang,99,2026-08-17T05:04:49.175Z
A,26,89.0,LIBÉ Lý Tự Trọng,Cửa hàng quần áo nữ,"26 Lý Tự Trọng, Sài Gòn, Hồ Chí Minh 700000, Việt Nam",Sài Gòn,Hồ Chí Minh,+84 28 3823 1989,http://libeworkshop.com/,https://www.google.com/maps/search/?api=1&query=LIB%C3%89%20L%C3%BD%20T%E1%BB%B1%20Tr%E1%BB%8Dng&query_place_id=ChIJnQcpCkgvdTERVEYc-UvrRAE,ChIJnQcpCkgvdTERVEYc-UvrRAE,4.1,200.0,False,https://lh3.googleusercontent.com/gps-cs-s/AHRPTWneuFrs1_vzr6fJZhHKFH1a361Op4CeDqugo7952S8g_zf8ZwHTa7TP-ruopCSjHzstk4N8x-UDo6f3Zt27Mke88RU6Bqn8rzhHeUJYTmw3l80XVSukZTuUX7e-pfWClmMNOeq9Z1VrKdMF=w408-h544-k-no,https://lh3.googleusercontent.com/gps-cs-s/AHRPTWneuFrs1_vzr6fJZhHKFH1a361Op4CeDqugo7952S8g_zf8ZwHTa7TP-ruopCSjHzstk4N8x-UDo6f3Zt27Mke88RU6Bqn8rzhHeUJYTmw3l80XVSukZTuUX7e-pfWClmMNOeq9Z1VrKdMF=w1920-h1080-k-no | https://lh3.googleusercontent.com/gps-cs-s/AHRPTWmYkIJqhj9eUGgukLrV0DoyHG0pwdsCXdkoySyGmf9FxSiAoawrSqGiMWR2BCeuz5wr3B9NCVHK_MatrLQW4ofaLRcynNSEQti2P4HBRFJbTKmsZ9Z7RlmkWlEYnPt4YCSDOFw=w1920-h1080-k-no | https://lh3.googleusercontent.com/gps-cs-s/AHRPTWmMb7fHEkJd4HYkx1WD-7-aqjFnMx69wTc8DvIQOh9cSS-o-LOdvr8UF-RQeQrnWmn3mObY0Y_0nQp8o476GYmOH7cNgpKBEbZYXeZKt2UsxtfZoV1oHtfYqrqa6WGbFb8m24TtxQONWQio=w1920-h1080-k-no | https://lh3.googleusercontent.com/gps-cs-s/AHRPTWnNfkbuh-u3k42JtjNFqgTevYWaSCA38WsrEhQuhRfbB8857-3HTiSZ1MW4FvTBXZ2ZpYFSg9RHEcwfYfEeVS6h3E27s3gob2il6utU10TE1SrhBzIOEtnzMJ7DHgYhz4cy6EoP6DR4dVsU=w1920-h1080-k-no | https://lh3.googleusercontent.com/gps-cs-s/AHRPTWkqcExyjyTOarITYSXFkIVJuNFfVBT_JPcQxYAN-i9tkU5HliKQ-hj21URZmVUvYFp5-9VDoq7HVHUbVIQutB5kCFoVPDgsLr1ITg0_COUls6cYnSbKvIfE47p_4TdjB1Yt77emu_h8bSc=w1920-h1080-k-no | https://lh3.googleusercontent.com/gps-cs-s/AHRPTWl5T1VEr8hnzU7jYqhYue0IGD7mPb9u8AgahZCb7dhNZL8ZlMdwYkHHo9fqqdS5j0G7ZuRlkLHJxSSoo_Z5FO93wMU_nYPLNz_86Jlw5rRs7eDDyRpGLVNNTtVT6x73DPtaSHDDyYzsT_s=w1920-h1080-k-no,local brand thời trang,20,2026-08-17T05:02:10.457Z
A,27,89.0,Cửa Hàng Thời Trang Tobi Streetwear,Cửa hàng quần áo,"37 Trần Quang Diệu, Nhiêu Lộc, Hồ Chí Minh 700000, Việt Nam",Nhiêu Lộc,Hồ Chí Minh,+84 906 546 676,https://tobi-studios.com/,https://www.google.com/maps/search/?api=1&query=C%E1%BB%ADa%20H%C3%A0ng%20Th%E1%BB%9Di%20Trang%20Tobi%20Streetwear&query_place_id=ChIJ29hhFCovdTER8inwJo9rGbQ,ChIJ29hhFCovdTER8inwJo9rGbQ,4.7,247.0,False,https://lh3.googleusercontent.com/gps-cs-s/AHRPTWmKIdL3qNPAlNzpZ0FKjmO2dTm9Z80ghIhW8Vjn9SPZBQIyiApK-RBtm3MPVAT4QfgLUvKyIaErYKxjf0sIa3HyoYq-9ZPWd2p3h-nxGN5JzMK4begbFiWccOQcO0oGCTI8h8H77t04h4bs=w408-h544-k-no,https://lh3.googleusercontent.com/gps-cs-s/AHRPTWmKIdL3qNPAlNzpZ0FKjmO2dTm9Z80ghIhW8Vjn9SPZBQIyiApK-RBtm3MPVAT4QfgLUvKyIaErYKxjf0sIa3HyoYq-9ZPWd2p3h-nxGN5JzMK4begbFiWccOQcO0oGCTI8h8H77t04h4bs=w1920-h1080-k-no | https://lh3.googleusercontent.com/gps-cs-s/AHRPTWlu1RrwjOtiPajjPz6NmCI-aTzu-ANBsEvShA43GFbzxwVFeaP7HbmWXBO6p98Wq12aTmCcsqENGPhVwBJRP0btkqI3lBCHjL_MU2olesBAvjlr35shP1sTNlM0L8BUJKTEJatBdxbj-wwH=w1920-h1080-k-no | https://lh3.googleusercontent.com/gps-cs-s/AHRPTWnZR2QVQUnzWiLtrGZ1bJUFp3P4px_XZ5-V0-h8yXzbKs6mupqoMw_UpDPuQCCnOobh98s4T2uFSnSJWkV-my_DqnT4wt4kbEz3oXwjlcDP5KhtQp2hi0MiaexX2TfOG0vDOLZm=w1920-h1080-k-no | https://lh3.googleusercontent.com/gps-cs-s/AHRPTWn5ulLrcPRwafFl9uH5CJk-7iVNptpVKxFZt0XXrNOZpbBl_yhHC_7UBCgStvTWXOMDjAJRK1nLdku6vbxBhnzfq1rgtBduhP-MYWX3nGmAdZIfTnAa-5j1xVBROAHc5EGN6SPB6sS0ioEm=w1920-h1080-k-no | https://lh3.googleusercontent.com/gps-cs-s/AHRPTWmq8gwprEuxZS8NWJpnMoSoH9aX0Iea9sJ9TDU_HmBq6EkEnji3m2NZ_F3feVZsGDxc9bKF698geAqAe_eml-JwE-RMOBXsBDEjgHPKuP3YsDFIug_D9SforEZfuESnrJKhCUWj1S6ASRas=w1920-h1080-k-no | https://lh3.googleusercontent.com/gps-cs-s/AHRPTWkRh1klqLHgmJYuFYgsilsjeO_BpmJjMStJX9gmQRWleRhZ7NrkYrBsyq2XqRpREcMLCaNF35PBbQlTTp5UwRlGN-2GFJeWVCZCmsEkn0rbIU9IqEn7juKoZbC5A4gU-eElqaCgJ77hz5s4=w1920-h1080-k-no,local brand thời trang,1,2026-08-17T05:02:48.135Z
A,28,88.8,Thời trang công sở K&K Fashion Nguyễn Trãi,Cửa hàng quần áo,"259 Nguyễn Trãi, Cầu Ông Lãnh, Hồ Chí Minh, Việt Nam",Cầu Ông Lãnh,Hồ Chí Minh,+84 28 6291 3241,https://www.kkfashion.vn/,https://www.google.com/maps/search/?api=1&query=Th%E1%BB%9Di%20trang%20c%C3%B4ng%20s%E1%BB%9F%20K%26K%20Fashion%20Nguy%E1%BB%85n%20Tr%C3%A3i&query_place_id=ChIJGXSToQIvdTERLPtvN778_oU,ChIJGXSToQIvdTERLPtvN778_oU,4.5,55.0,False,https://lh3.googleusercontent.com/gps-cs-s/AHRPTWnT20aC6Rlf-MXFF2imqwSn4hPaUn_v12ejdXdsA0ZvefOPyKzRwb_30m1RrK7X2ZSa7RyR_s6CgPPxKbtn0QW5Tly-HUaHQOi4boHunMAfPQaaUlQWPNRGpcSZBd0f3MPJnb_fDtxndeB6=w408-h544-k-no,https://lh3.googleusercontent.com/gps-cs-s/AHRPTWnT20aC6Rlf-MXFF2imqwSn4hPaUn_v12ejdXdsA0ZvefOPyKzRwb_30m1RrK7X2ZSa7RyR_s6CgPPxKbtn0QW5Tly-HUaHQOi4boHunMAfPQaaUlQWPNRGpcSZBd0f3MPJnb_fDtxndeB6=w1920-h1080-k-no | https://lh3.googleusercontent.com/gps-cs-s/AHRPTWkKbNxE26W6GxUS-dDu9HwD8t3fS4xObP8_5A_0OZbaBa8GmR1xoYcD2ZRJiLuHrVH9anYcS7M5TfB_eZoEpr0Fchuoest8bI9IG-RWcC8l-bMkhMVdvGCsl4j6cR3TCBXT_Ee0vg=w1920-h1080-k-no | https://lh3.googleusercontent.com/gps-cs-s/AHRPTWllHoprQYefICXR_yaul-6XWEaOp2aPJgP9Gm3YtNBGQZwycGrDLE57E-d8oIlp3RKd3w_ouJmsYakxQEkKpxDmeabPSZhTN58IBppJFuxVXvQG_yDWwZY8cK04e9iNLiD-zjPM=w1920-h1080-k-no | https://lh3.googleusercontent.com/gps-cs-s/AHRPTWmPVuKpG9TTaC0sQ3U-K97d-qzMaNV4uSE_WQYhhyr14IlZoucGj9VLgphIUGzjtbSC1ju8fV7imlWvptw1kxCGeYfTA1Y7G3CWIDVvdMWti2IMMxxU_SjYuStID8z9SCw4KToh=w1920-h1080-k-no | https://lh3.googleusercontent.com/gps-cs-s/AHRPTWnJHUPjGg1z8rI31Y13mCfyHd0oJjXtWiJ3vSq3MYFErmoKhoFkmefYYvW3m5xE0rlRZVfSzHvZ--tEJ_NqgQpaMBM83BkdZ1sY9EPN4xJwtJHzqkm6JXgTOnNDadUxdnilExDZ=w1920-h1080-k-no | https://lh3.googleusercontent.com/gps-cs-s/AHRPTWnyyEgQ6ASWe8PYsWllMD0ipdK72P__I5JgEXzS-mSts-buKmAqyau3BJElx_pdnfh40CDj6qxbhT1ZUjn9yvRuONSnP3nBtipq4kiL5HqA7Y3h41Rn21FtWSaUG-3YLFfnscr6wSLYgEjo=w1920-h1080-k-no,shop thời trang công sở,4,2026-08-17T05:03:55.955Z
A,29,88.6,DHOUSE,Cửa hàng quần áo nam,"69 3 Tháng 2, Vườn Lài, Hồ Chí Minh, Việt Nam",Vườn Lài,Hồ Chí Minh,+84 976 357 227,https://www.dhousemen.com/,https://www.google.com/maps/search/?api=1&query=DHOUSE&query_place_id=ChIJo8A06-svdTERMYl1Gp-MaqU,ChIJo8A06-svdTERMYl1Gp-MaqU,4.8,38.0,True,https://lh3.googleusercontent.com/gps-cs-s/AHRPTWlEZU7ECXjXBkR-iAzVTXtrSlOwQKuOA3Pe4ogPWMGqiHn0Eu5XxwUR2_uICL3D4jZtNgwGhgMjjirKEIdV15VBdWaiYIfk7jNf0gD1RdYvynVAUxi5sXEc2zWBVACrHDJdHuYi=w408-h548-k-no,https://lh3.googleusercontent.com/gps-cs-s/AHRPTWlEZU7ECXjXBkR-iAzVTXtrSlOwQKuOA3Pe4ogPWMGqiHn0Eu5XxwUR2_uICL3D4jZtNgwGhgMjjirKEIdV15VBdWaiYIfk7jNf0gD1RdYvynVAUxi5sXEc2zWBVACrHDJdHuYi=w1920-h1080-k-no | https://lh3.googleusercontent.com/gps-cs-s/AHRPTWm49wTQW9AMNUs5HlFaa7efl8rmh2BbxsV6oGyxEkSqMPegwRGMyfXncp2IF6XD_XsraCdH-q-PAGZBKhavfsipyvi-4FwgnMTaIiiUEvTGf2JhFfGoSykshdJrwiWiVjW1Uw_X=w1920-h1080-k-no | https://lh3.googleusercontent.com/gps-cs-s/AHRPTWktt1pB-QvOAj8DubeWqqd1hLpKoMLg52D0gWpuDQx_ma3QSLJEDIhZOH5QUA9OHk-PmitdRO2qOkpIWsFqr3HTtMXtUn9F5q9rnMz649GMviDZPtdkV4XlwxKHfmdZqyB-p6bX=w1920-h1080-k-no | https://lh3.googleusercontent.com/gps-cs-s/AHRPTWnp3-HqSLrlabV0BMfq2gwXWjRXRF1BnLE-g28NbL5scR160cIKs7Saa77rOTz-o3eNEU5siL7xFZV3KKXAzUWOnx5qefSPxY1Mof7l4ovniNfgBOW72ZiQxQE_zSwu0oVGiKS3=w1920-h1080-k-no | https://lh3.googleusercontent.com/gps-cs-s/AHRPTWlDjB7VZmQ1xHC6cw4PWkfFlo4YxitEbcR_eJ_nN7J9RY9AHVF_JHQF9SdnjMudbWEdZpgB8e6zTy5RiAhnjfZWZV6ulJ-MBY3Ruxy8_zXqllb4h7a71NqUT8QkB8x8VEhlzGDz=w1920-h1080-k-no | https://lh3.googleusercontent.com/gps-cs-s/AHRPTWmnB7QHUG2437k8IRMffOcwqhcm6UiaH0wnJ2UVIj0adktJO0dWNpkfB91lkQl4xeSv_ru9K1z2RR3tXuHgU7kQeqG0o_n3nutwzSaX8BvtgaXQGN6hd-usnDj_lkKTD3tTk0e-rA=w1920-h1080-k-no,shop quần áo nam,108,2026-08-17T05:05:38.403Z
A,30,88.5,"ALITA SHOP – Quần Áo Thể Thao, Gym, Yoga & Đồ Bơi",Cửa hàng quần áo nữ,"374 Đ. Võ Văn Ngân, Thủ Đức, Hồ Chí Minh, Việt Nam",Thủ Đức,Hồ Chí Minh,+84 963 477 718,https://www.facebook.com/profile.php?id=100088472390297,https://www.google.com/maps/search/?api=1&query=ALITA%20SHOP%20%E2%80%93%20Qu%E1%BA%A7n%20%C3%81o%20Th%E1%BB%83%20Thao%2C%20Gym%2C%20Yoga%20%26%20%C4%90%E1%BB%93%20B%C6%A1i&query_place_id=ChIJh-GZyx8ndTERdhmjlwyn75I,ChIJh-GZyx8ndTERdhmjlwyn75I,5.0,47.0,False,https://lh3.googleusercontent.com/gps-cs-s/AHRPTWl0x4pVMjrJ3g37SM3SDcbxW4Y08MCBAgTAYqqezwDmKW-I1NjA0D6FrNywlZ_AL_3iBcQECM6M-pbCufiMG9jdJU6hrV0SWvGk8yYSndBjJcJf5vC6Q817TQLHTya3-qwhCYM21J2BHIim=w408-h544-k-no,https://lh3.googleusercontent.com/gps-cs-s/AHRPTWl0x4pVMjrJ3g37SM3SDcbxW4Y08MCBAgTAYqqezwDmKW-I1NjA0D6FrNywlZ_AL_3iBcQECM6M-pbCufiMG9jdJU6hrV0SWvGk8yYSndBjJcJf5vC6Q817TQLHTya3-qwhCYM21J2BHIim=w1920-h1080-k-no | https://lh3.googleusercontent.com/gps-cs-s/AHRPTWmojqgHyDhoE5mrxvLusoDq9f3A1vc3w7J3wUcyXaNGp-1ZNjpeLfPg29ReAEv5bylvWpPZMejZXqnCgRF7KBvioevf94YYp3lhcxwdEmDGRGRCGgRbvQRCszT44nVTk7tkt_LNwblcrWkw=w1920-h1080-k-no | https://lh3.googleusercontent.com/gps-cs-s/AHRPTWkA6zCCJ3X9v8PdY69NcSiiusgTQrC1pIcEuaoc25GRPex28qWosYqAB1eotm_jfqsvRHJTBh83FO0DbbM-Xmnx8BH33EoxA76kh7U_cxUOSPpptg51ZXbJCUMnym4nBHIqAMxL=w1920-h1080-k-no | https://lh3.googleusercontent.com/gps-cs-s/AHRPTWkmtTx2WVzRu9974mGMRSL8geOfjSvT2gdcAQmWZ8OulCb6FikVuxinBE62nPNUCnArBcYdEPFv7SwC-ur32TtbmO4GWG5ddEHBq3QyXAVe4j7SYe2zyzYjEv2Ta-yxWWtlgEhxMA7B2eTF=w1920-h1080-k-no | https://lh3.googleusercontent.com/gps-cs-s/AHRPTWkWtyiewk5EOXunQ0FQYo7RymKalolkmjYH6NHiqSFToz0fkXRcVHrMCIVbi9OfPq7LI3kZRFXvGBJhi9jVjEbgKwohAzVHOzoExz6xE3Nr3b3vGm0rwdqiPv9PKZRRqvFt6QpS=w1920-h1080-k-no | https://lh3.googleusercontent.com/gps-cs-s/AHRPTWk471SpCbMzx7qErzX5C2ylqbNWizNoEnYVVog4-LPU74PepBdl6BlMjrEJHaXN7Mfl8TqrfrcdV-rrZa7PUnTMcQvldg44C8DU8URukBRzZwFhTN66xmrs7CpvaWJJwnHIUpDVNiHmTzst=w1920-h1080-k-no,shop quần áo nữ,69,2026-08-17T05:05:54.552Z
A,31,88.0,X9 Sportswear - Quần áo tập gym nam đồ thể thao,Cửa hàng quần áo thể thao,"1041 Đ. Lũy Bán Bích, Tân Sơn Nhì, Hồ Chí Minh 700000, Việt Nam",Tân Sơn Nhì,Hồ Chí Minh,+84 28 2211 6497,https://x9.com.vn/,https://www.google.com/maps/search/?api=1&query=X9%20Sportswear%20-%20Qu%E1%BA%A7n%20%C3%A1o%20t%E1%BA%ADp%20gym%20nam%20%C4%91%E1%BB%93%20th%E1%BB%83%20thao&query_place_id=ChIJM8Af1-YudTERXtqCfj71Oa4,ChIJM8Af1-YudTERXtqCfj71Oa4,4.8,59.0,False,https://lh3.googleusercontent.com/gps-cs-s/AHRPTWkk27wiLR--3r-9SUi6tROZ29DO2vmJAFH1j5FSNPW0rYBkl0hWTedtmbhZETwnsB9WpvQ0tyCbyXmF1cuYCa5ckgnTiz2jrAmAV-vfxIV9FLZ_DXToNsLDq4tydEz0gq14808=w408-h543-k-no,https://lh3.googleusercontent.com/gps-cs-s/AHRPTWkk27wiLR--3r-9SUi6tROZ29DO2vmJAFH1j5FSNPW0rYBkl0hWTedtmbhZETwnsB9WpvQ0tyCbyXmF1cuYCa5ckgnTiz2jrAmAV-vfxIV9FLZ_DXToNsLDq4tydEz0gq14808=w1920-h1080-k-no | https://lh3.googleusercontent.com/gps-cs-s/AHRPTWk634U-dHAF9UHFQSz_P4PH3U4xceSEcnSfm3FMj3do-mHiIb2X4k6lGHZudDZg4dfPfmgoz-qUKHjRo1ZticEoovL-Kf3M8wvK2sm9zVdCpFLxy9NV7XirPQIwSn7IhFe2Bd5z-sVKIqY=w1920-h1080-k-no | https://lh3.googleusercontent.com/gps-cs-s/AHRPTWnTH6hjaZWsnX_9AIgASuWeI73NcjR8MkzMtX67zYZVGGkPxpcTOQszYSq-CJIhUccBhvI7QD1tvP_EF0Vc8WvA80VV595qmtVr1KZAgCEXIrQK9cJeMM3Ksm2Ek3CIz-HVGmDSil_do-I=w1920-h1080-k-no | https://lh3.googleusercontent.com/gps-cs-s/AHRPTWniyZk9G9f78oxRaYK2doQEaj90IhxKpns8rYjcMCYvF-hPpuzqR0cBQAAPav_bLwxVF-ejIapmehmb2ReagdnamVbJECYVvVcbVfQNknd4xxq5CGG1ALpQLlyac9ZdCHy7x_1yBCc6sb_9=w1920-h1080-k-no | https://lh3.googleusercontent.com/gps-cs-s/AHRPTWnQ5Gy0QmZN2C8csEnr1no4-zEPXj5w8TxjK1vmIo9GouNc4DvWK15DEXAYrSUOXo2i29ONT-Mb5SjCzaeFv8yoeK-bp0_pX7dYUijDBl3O8wA5sfoQRTLSC0HB4Z11cGhKbNe5ubBxC5k=w1920-h1080-k-no | https://lh3.googleusercontent.com/gps-cs-s/AHRPTWloHM4YdQwVh3BSjh2Sy_WoHUzxrviedzwkZTZF0ZVoA8iFI-vRtW6wHEbMWbTLgooj-a3OhQvlwOC16GrlW2TdpGOXtpxx8xp86s3MBJ9X_U3rSnT8Tv1zd_yevi9jbDXYjnUixpO74hY=w1920-h1080-k-no,shop quần áo nam,139,2026-08-17T05:05:25.269Z
A,32,88.0,Thời trang công sở K&K Fashion Huỳnh Tấn Phát,Cửa hàng quần áo nữ,"319 Huỳnh Tấn Phát, Phường Tân Thuận Đông, Quận 7, Tân Thuận, Hồ Chí Minh, Việt Nam",Tân Thuận,Hồ Chí Minh,+84 28 6269 7733,https://www.kkfashion.vn/,https://www.google.com/maps/search/?api=1&query=Th%E1%BB%9Di%20trang%20c%C3%B4ng%20s%E1%BB%9F%20K%26K%20Fashion%20Hu%E1%BB%B3nh%20T%E1%BA%A5n%20Ph%C3%A1t&query_place_id=ChIJWR8iGIYldTERP28iAAEh4Nc,ChIJWR8iGIYldTERP28iAAEh4Nc,4.3,17.0,False,https://lh3.googleusercontent.com/gps-cs-s/AHRPTWkEtxuy4c8JR3inaPIstSiGfsMopMWLTJ-OAzTiNq38vDvyZKkOso0RMiQkex5jjYx7-nCmZas2R8Dv5nGOSLzYRatc3nEO9BzHYZ0olJEoufpo-wMzNzz4yBIuO-LQq7uvAYLPpg=w408-h517-k-no,https://lh3.googleusercontent.com/gps-cs-s/AHRPTWkEtxuy4c8JR3inaPIstSiGfsMopMWLTJ-OAzTiNq38vDvyZKkOso0RMiQkex5jjYx7-nCmZas2R8Dv5nGOSLzYRatc3nEO9BzHYZ0olJEoufpo-wMzNzz4yBIuO-LQq7uvAYLPpg=w1920-h1080-k-no | https://lh3.googleusercontent.com/gps-cs-s/AHRPTWmIeHAxtS2XnbqCwvmHJ9jDivzNk8SY2snCRf89gIVQ2KdGY7uJrD4KFyV3ypRg5zrA0puisPOXhIllQuOtEFk-Ybdj-oSHm_8nSnOv48_vvYkdv6DvpzW-bp2RHcA2FPFGGBQJ7w=w1920-h1080-k-no | https://lh3.googleusercontent.com/gps-cs-s/AHRPTWlEG94FohFREHsGAIS6qNk0vGwuIQb5_gojPpx8WIjSYJAudC5ZyBb-uyOWpN3MMfjeQ-x_v7XHMpkTVS9cyburaUemxE_h7eBB0EOUUzYy9I4qLK0jP-KzYSRtnxxKDX0a6IXH=w1920-h1080-k-no | https://lh3.googleusercontent.com/gps-cs-s/AHRPTWlF65pgo0LowLruBM2JqWPfVdHxv4o_rTFP4KjKrAabaz5BSpORhUhYyz0D1P_xUDcC7iL7jk4tR-o1axCP1dfeW-kfEdfI3sRTkILqUz5aSBJu7Si2UyK3C2DZtfyr5Iru603oew=w1920-h1080-k-no | https://lh3.googleusercontent.com/gps-cs-s/AHRPTWk8njJmj5H8d-Zzyi5oQyVQIWBcgbexyOJPam7jwDO-qVYSpTGK1vPARSSdBcV4kNCeFCS-vxfGSPAqnykSoZc0UFbcYnvWTuXMeBsZzRLqAdERt194z_Q2M0heupWoin_n7fxAAA=w1920-h1080-k-no | https://lh3.googleusercontent.com/gps-cs-s/AHRPTWlt3oIz2EXsUWt9Hm0R3JPx67DNY0CUN5JXEyb1dzWKw4UXjg8kM3HgddOpbor6eRlg6pg7EUW2bBEvo2GqVOfY8Bwota3uN3cTrqLfqqz8jd9Ol6IislqqHyU1YlDqNJ2mgT6y=w1920-h1080-k-no,shop thời trang công sở,1,2026-08-17T05:03:57.557Z
A,33,87.7,Thời trang công sở K&K Fashion Phan Đình Phùng,Cửa hàng quần áo nữ,"248B Đ. Phan Đình Phùng, Cầu Kiệu, Hồ Chí Minh, Việt Nam",Cầu Kiệu,Hồ Chí Minh,+84 28 6253 8787,https://www.kkfashion.vn/,https://www.google.com/maps/search/?api=1&query=Th%E1%BB%9Di%20trang%20c%C3%B4ng%20s%E1%BB%9F%20K%26K%20Fashion%20Phan%20%C4%90%C3%ACnh%20Ph%C3%B9ng&query_place_id=ChIJJ9DvsNYodTERfpWiMcQwAOk,ChIJJ9DvsNYodTERfpWiMcQwAOk,4.4,25.0,False,https://lh3.googleusercontent.com/gps-cs-s/AHRPTWmMW_7U67l8EdK9lw1HF988BVljmL5YG3T9-LpFwnVmTPIvbE4GjUe3PMGDlPwguVEXlbBErlDJ0_2CII2Rt3OuRAaLXjQS_v6jfjgp-rIrkzeZdD0IwzomRZCCfBX1LtW8OABo=w408-h306-k-no,https://lh3.googleusercontent.com/gps-cs-s/AHRPTWmMW_7U67l8EdK9lw1HF988BVljmL5YG3T9-LpFwnVmTPIvbE4GjUe3PMGDlPwguVEXlbBErlDJ0_2CII2Rt3OuRAaLXjQS_v6jfjgp-rIrkzeZdD0IwzomRZCCfBX1LtW8OABo=w1920-h1080-k-no | https://lh3.googleusercontent.com/gps-cs-s/AHRPTWklAMnQ_4xcRynAMBEc5O3NkXEpH9txkf0bfW9kJvmfI3OPNYHcy2iLXzwE_IqBkW7P7H016jlY92rZTwy7gc7wx49-tq-HTENzAu33RI8L-Rb5gSVUS7xkA5g-UFIkr127ZumpMg=w1920-h1080-k-no | https://lh3.googleusercontent.com/gps-cs-s/AHRPTWkcr76A-VUczZkhBJH6jCBZjA-ipL5EOFUu_4FV3wWFNnZBscTMmntkV75Wzp6h3MHLm6BfE_5Qw-qwhJBlpeSXGMDjPBOhUEXO2zP2OfwP40sudCJCxWVI0RrjmhqFLhRVsfy3sQ=w1920-h1080-k-no | https://lh3.googleusercontent.com/gps-cs-s/AHRPTWl9KOoteWB10y_HSeDRhUa5mvUoQwlkYovxyw7M17tjqbqzj_eMgFP7hiTQIG3r-GpWFKCxrkcneW6JKZQqbWbi3m1ofCPtQ-aqL5dc-1t2QinQaLNJ59Tma0nLtQR2=w1920-h1080-k-no | https://lh3.googleusercontent.com/gps-cs-s/AHRPTWlYt8E3-2laUrZjBsGGbKvNKSr8Y5uORYlmmSW0oIIXK2Rk2LwdsnUStYKSiN6M6TU_jJdWe3iQRe_XruJWkhBcOz4XzuzK5IO9rCsA3G6I9s8Y3hkdomUJ5bTR6D4WR4y0_ii5=w1920-h1080-k-no | https://lh3.googleusercontent.com/gps-cs-s/AHRPTWm8Q0y8jyQyFt16NXmn1PbJF9DjK_DmA9e5C855pSC2MLigQhfcznFY9dJMBUbvmHe3OckKdYt-ZWsel6-W3FQLKg88L56RxzAT1B5eCB5BQVSudqfng1TUD9B0ruhX8HeCjz8-=w1920-h1080-k-no,shop thời trang công sở,7,2026-08-17T05:03:45.494Z
A,34,87.5,Untilfaded - Curated Designer - Vintage Clothing & Accessories,Cửa hàng quần áo cổ điển,"82/2 Võ Thị Sáu, Tân Định, Hồ Chí Minh, Việt Nam",Tân Định,Hồ Chí Minh,+84 398 753 278,http://www.untilfaded.com/,https://www.google.com/maps/search/?api=1&query=Untilfaded%20-%20Curated%20Designer%20-%20Vintage%20Clothing%20%26%20Accessories&query_place_id=ChIJkcaU4GUpdTERbSryCfjbxQg,ChIJkcaU4GUpdTERbSryCfjbxQg,5.0,455.0,False,https://lh3.googleusercontent.com/gps-cs-s/AHRPTWkvS4qkQArc63XoebYUjqdFrXkoPXfVjkDUS4pb26bSskh4IRU4jdF4MX1prnCgm5TnSdtY8T-co2CK1msoaqw_ksh8p1fwGiTyxt4HNV8Y30JfBFlNfgXVGDpOWRMOdjNS5ToNv-OZfSS0=w408-h544-k-no,https://lh3.googleusercontent.com/gps-cs-s/AHRPTWkvS4qkQArc63XoebYUjqdFrXkoPXfVjkDUS4pb26bSskh4IRU4jdF4MX1prnCgm5TnSdtY8T-co2CK1msoaqw_ksh8p1fwGiTyxt4HNV8Y30JfBFlNfgXVGDpOWRMOdjNS5ToNv-OZfSS0=w1920-h1080-k-no | https://lh3.googleusercontent.com/gps-cs-s/AHRPTWkdk4zAqF-WbdEuK7sZ8aHUEn0cvIJFW1BlxdRuDPN_M48l52jhs-uTIr7btSi4f2QZgUKI_EuWiu_zaZCmGMR1Syeb2_JJAbM6VrdMQZquyjuh_ybQvVC35GOusG6IPXRQoi0h1mxO0PfN=w1920-h1080-k-no | https://lh3.googleusercontent.com/gps-cs-s/AHRPTWnefvmffKxO31GmCK61OUK-9fbPKEXB27PB1SnD9OctGv7zCpbAkcI3o866wHuVI_23Fepp789MEPArwwToLRHCvTDAQ2CPe21LUqwaPCKLHSsZbvybOtJTlfwog-TnYn2hMuEtl7xGQTw=w1920-h1080-k-no | https://lh3.googleusercontent.com/gps-cs-s/AHRPTWkge6zZUDiqwwNqjPp2CByQ-bgliuHPeikUzoA8kvQzuscF9c1yL-j3u41ibtPnFSpXDxg3rqbQkGIXtR-cr73MdeBDrxN2vxDPY2VkNyqjOoB74CJd7YAgWttYuJx9bdxpCR9gciqc_nfV=w1920-h1080-k-no | https://lh3.googleusercontent.com/gps-cs-s/AHRPTWluRoxLJhHr84ovhiTr86tu-R99O0PT9Ot8ujQsnnSncuF1_AM_tyOrL7NYKiWyx8S3TnMHmq2RZKEG94dTrgvyWUITB4DyjoWLtNAcU7i3IOY3Gh8ZEus9bZl_5yoJhZTI0KU6kEToCFo=w1920-h1080-k-no | https://lh3.googleusercontent.com/gps-cs-s/AHRPTWn2Dt6RXUA_SMZIuiIqlARzFafgZG2BIBWsyhBaKGC0kqumBJZoKeClzxvlKkByN_tubwvnrIpvRkVs6p4xXOkhfnYDR7JWzGJHEoYpkd-3NIDyvSF89WLGdeVARu2mmhFxMeAbsTAL0_1c=w1920-h1080-k-no,fashion boutique,49,2026-08-17T05:04:54.901Z
A,35,87.5,Vintage Hearts,Cửa hàng quần áo cổ điển,"26 Lý Tự Trọng, Sài Gòn, Hồ Chí Minh 70000, Việt Nam",Sài Gòn,Hồ Chí Minh,+84 907 799 513,https://www.instagram.com/vintagehearts_90s/,https://www.google.com/maps/search/?api=1&query=Vintage%20Hearts&query_place_id=ChIJw_lvpuspdTERYliyxgiqu9k,ChIJw_lvpuspdTERYliyxgiqu9k,4.7,131.0,False,https://lh3.googleusercontent.com/gps-cs-s/AHRPTWkvw32wyC0k5_l2GXvrlONIyQIKCwSHwbsdGQPKMxB9Yn0HgUmmtuVlXjbyqwszruOV3PmPMo9ZBFbdnAZW3NdCRFaT2VSECqVM1_MPAJGFq_fh9bhYx9OE4BWTzKAnXQrzgQfsySbfbX7y=w408-h544-k-no,https://lh3.googleusercontent.com/gps-cs-s/AHRPTWkvw32wyC0k5_l2GXvrlONIyQIKCwSHwbsdGQPKMxB9Yn0HgUmmtuVlXjbyqwszruOV3PmPMo9ZBFbdnAZW3NdCRFaT2VSECqVM1_MPAJGFq_fh9bhYx9OE4BWTzKAnXQrzgQfsySbfbX7y=w1920-h1080-k-no | https://lh3.googleusercontent.com/gps-cs-s/AHRPTWnZk5nPt9Td7e0657eKYlxgq_ROVsYGDIrm9XERDsFUIS6iC67wYFN-1RT4e_4tOfFZgq9g9fTGGWCjftztdkxJW-ZdxoF4kGuhgP303V0oJzd0K5l6Qd3K9jJnFPUyJM1bgbzmkA=w1920-h1080-k-no | https://lh3.googleusercontent.com/gps-cs-s/AHRPTWn_ztHaPhoKrl57hAC0a3VmIaGPiv17dfTyHhVSl3x_yjaJ4SxAfbxr3Vdy0Dd53Vgo53Ua5Gy9xWpg0OFMSTwnodLO0GWSD13F4s8mWMTKkyoCD0qZjINr-8CvCBOqs0oPvr-tk_WPskU=w1920-h1080-k-no | https://lh3.googleusercontent.com/gps-cs-s/AHRPTWl09Vak4t2WO_XsQ_snaRkFvmQwwrtnoy5A3ffU05X20IlNESZJKsof2pu7bwngc6TbKaxNqtTBRZYaenxAzUDaYJRFi2JefVgqO6dX8xz5m1rn2jnepfvLmvpg3bFMit4dUoL2bolXnl4=w1920-h1080-k-no | https://lh3.googleusercontent.com/gps-cs-s/AHRPTWlPNLJIbNPlPLcCx6cQqNKNjQz9xX4kgYD6HiPKsTkryapmqTpc5Vi4KC_Jnm2gimKvK1s6GR4pJh3wGYksjywJtR9vKBP6y_CxjpKlda9VIquEsZpFSjAT9VwVpakd6VaVNuNAHyaCk3k=w1920-h1080-k-no | https://lh3.googleusercontent.com/gps-cs-s/AHRPTWl2fqJooLnxuXSCzGt85ohjTGKMuIZhXEamc25vE3fV1WkpgcSuMaDR7K8PHs4kHTZhYKMo9nNabWs9J-rpiq1t-A_vAWSvyWi5uD-8zEZmU1qU94I9Ez9NiLvo_yma2o9UiqWxGJh_zQuC=w1920-h1080-k-no,fashion boutique,10,2026-08-17T05:04:54.499Z
A,36,86.9,Symbolic studio,Cửa hàng quần áo,"118/6 Trần Quang Diệu, Nhiêu Lộc, Hồ Chí Minh, Việt Nam",Nhiêu Lộc,Hồ Chí Minh,+84 348 457 070,http://shop.symbolic.vn/,https://www.google.com/maps/search/?api=1&query=Symbolic%20studio&query_place_id=ChIJNWMdz7gvdTERsNJekOozcwY,ChIJNWMdz7gvdTERsNJekOozcwY,5.0,209.0,False,https://lh3.googleusercontent.com/gps-cs-s/AHRPTWmnZiyaKhnSLCWE2Gu5EMbcpDJd24Hl3GSAVlIa5w09kB68c2DzjUJqpY5t36XaCjHzVJia-HJawnu4u17pS1grDODEGuKabz2_ZoSbyRb2veIETG7xmAZVaCqKDFyd0bCL55HKZhZnB080=w408-h454-k-no,https://lh3.googleusercontent.com/gps-cs-s/AHRPTWmnZiyaKhnSLCWE2Gu5EMbcpDJd24Hl3GSAVlIa5w09kB68c2DzjUJqpY5t36XaCjHzVJia-HJawnu4u17pS1grDODEGuKabz2_ZoSbyRb2veIETG7xmAZVaCqKDFyd0bCL55HKZhZnB080=w1920-h1080-k-no | https://lh3.googleusercontent.com/gps-cs-s/AHRPTWk81tRpa0PoevjujQ2wmH1F6Fr6w2o5v6lya0kFExszQ4mvYLT-hk5IRfEyJzSRd1jqNTIuwZOo0yL0-HmumDt3GxJtWOWvjwShLqd8H6Re3mvwOO0YeWInt3XMUJbrlw4lCRzD0O8Utch6=w1920-h1080-k-no | https://lh3.googleusercontent.com/gps-cs-s/AHRPTWnlf120LCJ4O0uqNTWfvbT-W88-1MWAbVHhdVEyOInpPUnyMpOTj4fXGcYqVRX6nfM-cx6xfiaU1cx2g4rEHNnIskh5j7VO6I9iQWAPH_AfY0z87Y68ANiuYLTXU7pSNg2mpKAm3d9LTYWd=w1920-h1080-k-no | https://lh3.googleusercontent.com/gps-cs-s/AHRPTWnx1Z4vEGzj0Rp0Hr9kE63QUyciN953BjgwJzrHJ1yja-f2PZqFzKkOzxJLur3vkX465cSNPhUPppqLOOPXafm4xAkmtyHiho95m5zh1Id9pH08aHTRs5QqyD3ymU6hh8r3hiOPChKu9O54=w1920-h1080-k-no | https://lh3.googleusercontent.com/gps-cs-s/AHRPTWlcjiQI34MPs-MPjZ2Y_S_Y-njr9reF3VGrRrbPT2b57pYurGF6YC-mKNXb-HSAp5EaTdEUtLXtvnHzAUSJV9RjBfrytKx2RAPk1zSddRgqfefy7ikSWv9Xvhm5vkSB40K6lLvHEaCWGZNA=w1920-h1080-k-no | https://lh3.googleusercontent.com/gps-cs-s/AHRPTWkiJZVBlQ2vlVxrVZftOOtfXeEALf0TYyQpMzzPje2T-X9jSj88Bh4v2S7JkTu0I5fvOyf8zi1C9gvrxC4v7bij5uGy9j8e4Qkz78a_xl9gR9vmwNbGbPb1GsAy5Z28LIkB3CGZJHnFBtyU=w1920-h1080-k-no,local brand thời trang,42,2026-08-17T05:05:49.516Z
A,37,86.3,Vina Design Store,Cửa hàng quần áo,"111 Tôn Thất Đạm, Sài Gòn, Hồ Chí Minh 700000, Việt Nam",Sài Gòn,Hồ Chí Minh,+84 941 057 071,http://vinadesignstore.com/,https://www.google.com/maps/search/?api=1&query=Vina%20Design%20Store&query_place_id=ChIJSR8a_zEvdTER0cRA3BXNzNg,ChIJSR8a_zEvdTER0cRA3BXNzNg,5.0,428.0,False,https://lh3.googleusercontent.com/gps-cs-s/AHRPTWnEXABuytYNDGKe6fWWjFybBBcUWNCjiM--bdf0-mqAkqKtArpwarhSGvG6aikokdRqMGauVReE0cGw_yOJTL4-MYWgwCzwUBSdr2UAhR_krSO3pl1mMHWIoD_TzxnyVcuALAwIS5ExBlT9=w408-h509-k-no,https://lh3.googleusercontent.com/gps-cs-s/AHRPTWnEXABuytYNDGKe6fWWjFybBBcUWNCjiM--bdf0-mqAkqKtArpwarhSGvG6aikokdRqMGauVReE0cGw_yOJTL4-MYWgwCzwUBSdr2UAhR_krSO3pl1mMHWIoD_TzxnyVcuALAwIS5ExBlT9=w1920-h1080-k-no | https://lh3.googleusercontent.com/gps-cs-s/AHRPTWmDY-zIg8LdxtcgmABAmANWU3fImZvBfF3xF6iUX5jc5xZFdtHNJxk_4ieYo4POUmgbIYxeSFbqe0-AqkciwU0zIvl9QIawIUJqgqXP7JFYYrz4d33ayyG7Ffq76yiVVqi3bF-JN_GVcJKy=w1920-h1080-k-no | https://lh3.googleusercontent.com/gps-cs-s/AHRPTWkXIfHEr_hTyuN8Fp8doi2IiCRAE1naillRXejf4Ug-8wk8fUl-yIx9lGIIL0uMp2xtbN0V2RKGH0E5xBqXydEn1PsPabGhHpIw-BnhWV8hZA1fd9JzfrePzOUe-jI36eSG2TMtP8Ms1_mJ=w1920-h1080-k-no | https://lh3.googleusercontent.com/gps-cs-s/AHRPTWmz49-1Vyft7t6Hk4rGKtgEA9rEJ9VDyHeY40cqsvJ9utQihNOw1TNws3xB_GrQ-5pisCQ27B2hQQREeUiEIV7Ez8OM2Uo6Z1HBM0VpQ5aHXBnWLEHF6x0Lw5Ljagp_lITpgvQr4PIx3Sy1=w1920-h1080-k-no | https://lh3.googleusercontent.com/gps-cs-s/AHRPTWn8x8GkIwLV5kzPprump22UwFytiNNQmBMtwK4_P6Tz3pQOFVFVttS4cYf5qjZJN8wrVxue35YtWe8bqDWRLr9qKkWRqAvhicv-wkboUtnKd38wpQv3dYiQrChw40ijc1BoXXtg8Jyi2s38=w1920-h1080-k-no | https://lh3.googleusercontent.com/gps-cs-s/AHRPTWk7gEi4VJrwQfbhSMT6ebAXMs-9sx9X4zZGcFk3ZmMYydhuHfjkvSl9zqzA6t-f6b7PLcZE5whSTMJEYYYrWRf-96wl0xzIzzQcTDn6FAlAEP7kUGD0DolM1Wr32ZzykD6zqr_N=w1920-h1080-k-no,local brand thời trang,53,2026-08-17T05:05:50.361Z
A,38,85.8,HUONG Boutique,Cửa hàng quần áo,"357 Võ Văn Tần, Bàn Cờ, Hồ Chí Minh 70000, Việt Nam",Bàn Cờ,Hồ Chí Minh,+84 903 240 487,https://www.huongboutique.vn/,https://www.google.com/maps/search/?api=1&query=HUONG%20Boutique&query_place_id=ChIJGUiXtDwvdTER96JUWDGdoxg,ChIJGUiXtDwvdTER96JUWDGdoxg,4.6,228.0,False,https://lh3.googleusercontent.com/gps-cs-s/AHRPTWn4CcakD3VT0CDDfapbw4F55SidRlX-3HoOpjuZ6duOFLKn9DfbWEL7qcI77zbGICKH2R0EfTSsfEifsa4f1PmhLc5cy05o-nhxoL8j6Nmmx8pIIQgQMTSt7meiLaqIZUocHgmD=w408-h510-k-no,https://lh3.googleusercontent.com/gps-cs-s/AHRPTWn4CcakD3VT0CDDfapbw4F55SidRlX-3HoOpjuZ6duOFLKn9DfbWEL7qcI77zbGICKH2R0EfTSsfEifsa4f1PmhLc5cy05o-nhxoL8j6Nmmx8pIIQgQMTSt7meiLaqIZUocHgmD=w1920-h1080-k-no | https://lh3.googleusercontent.com/gps-cs-s/AHRPTWnczKuQMLIMrJnEARfm3N6Ppk7b19LaZkIzpbVhDpOEhHpGuXKLe765fHFZ_-xDA_LNZ2EQ1D63Q-zffDPqRokT4hgJPSyYXBbxBDHH-bwkso6cDmRWGtU_epxAU8RtMTVOyJ5sWIweXEkd=w1920-h1080-k-no | https://lh3.googleusercontent.com/gps-cs-s/AHRPTWkMvHUy3ZfhbwO7QhknUaCbQdKdqeDl3cLxEW0Gxak3mLwMV7vp0VzYEtf52V4ndK5c1-kz7U81BeGR4buqUryHsFxrdUKtXTSpFQbVk0WZGCJsv7fzPGbm6Pu-wiGV7zqD1iQ5GyIwm640=w1920-h1080-k-no | https://lh3.googleusercontent.com/gps-cs-s/AHRPTWnxs8zst5t0CHdgWVx8L6eZQbwW3TVutxtZ_AENm8H9ydIIfWOuJbhLsqHSYItqAaPAcwgNyN4Jlyy0HxldB3w9zpD3Fzq_QFo3RchjgQuVHb9OObQ-Y9blw9Ts3RRxyWzwnzV5RdIEGeic=w1920-h1080-k-no | https://lh3.googleusercontent.com/gps-cs-s/AHRPTWnlAlN9JFlAop-npjmxpRHDbe8zcTno6dGOPJXhZusf5L4ARLlkqu0lnxLAlR2q4tYm2AQNB-KEltVrxFaV_F9XBeHaio0sQrIjRlWfeH1vL3dyBVMQ4fRzzyMbSgjq5RGmuMlX_Opef3nN=w1920-h1080-k-no | https://lh3.googleusercontent.com/gps-cs-s/AHRPTWm0HqInar4E6AWP1RLyzYy4JXFJPzd59SuE-WwqD6ZDKvTYvQY07yVT6_7qKb0F77PpOF7XygoZ0bpBv-k01ybD1QuJSyD3Kdvt0GBwU5l4UTPpR7_rX_aQ8E_nl9JYeaEFt0pSWGHBaKU_=w1920-h1080-k-no,fashion boutique,4,2026-08-17T05:03:20.071Z
A,39,85.5,Thời trang công sở K&K Fashion Liên Tỉnh 5 Quận 8,Cửa hàng quần áo nữ,"205 Liên Tỉnh 5, Bình Đông, Hồ Chí Minh 700000, Việt Nam",Bình Đông,Hồ Chí Minh,+84 28 2200 2255,https://www.kkfashion.vn/,https://www.google.com/maps/search/?api=1&query=Th%E1%BB%9Di%20trang%20c%C3%B4ng%20s%E1%BB%9F%20K%26K%20Fashion%20Li%C3%AAn%20T%E1%BB%89nh%205%20Qu%E1%BA%ADn%208&query_place_id=ChIJsYSO_48vdTERUOqowgaZsp4,ChIJsYSO_48vdTERUOqowgaZsp4,5.0,4.0,False,https://lh3.googleusercontent.com/gps-cs-s/AHRPTWl6NhVEf1q8-rtef8N-MnctOuu--2Gnzk_5_wHO62S62Gfb7aCVohoMyBVjEPe4vxcvMm_cs7XRt_kpQ_xLNSvGUUdy8D5LWPNWp9iCK1hBGdRm4jW-glaWlAbdvhP9YbIfhPnYRQ=w408-h264-k-no,https://lh3.googleusercontent.com/gps-cs-s/AHRPTWl6NhVEf1q8-rtef8N-MnctOuu--2Gnzk_5_wHO62S62Gfb7aCVohoMyBVjEPe4vxcvMm_cs7XRt_kpQ_xLNSvGUUdy8D5LWPNWp9iCK1hBGdRm4jW-glaWlAbdvhP9YbIfhPnYRQ=w1920-h1080-k-no | https://lh3.googleusercontent.com/gps-cs-s/AHRPTWkCpw3z8SPq8dEOtVjrxiXIWjoHHBKF3ZqHEDMoj6UQNYN6Yt0QQXN_RVHOM06MwS4JWUMgOC4nZGP7p_qXTPqp-S0ZP5br_FvD-P5JCS3Nf6A-PkidhdLpLmq7E9RGtn56e7mfobc4yuuD=w1920-h1080-k-no | https://lh3.googleusercontent.com/gps-cs-s/AHRPTWmV4Bc9zHCAi4UcsXn98Umf6JIMFFJxfHkYB989I8TpUEIrM8FldkvwT7Dp_CAH25VpMJLCY36KejTTkNrF-a1KDb5k7XRhncO9ye3cHKFL90RCtfU_catKOu8mXYTr3aJN5_iZhRDLfdM=w1920-h1080-k-no | https://lh3.googleusercontent.com/gps-cs-s/AHRPTWnuEI3I1Hwo9sKIXnWdLAhqOBrgPHsuW3yXIDBAfrJT09vn_VTsHNFeA9eZ8OUkw_QK-tz73O7MxxjU4bSXZ_NYsjA7jU13Ga584mpkXCyox5TwgRCEnmDLHn_T1nLK4JSPzp8FMDB_l8c=w1920-h1080-k-no | https://lh3.googleusercontent.com/gps-cs-s/AHRPTWmGgKKaEYwtc00LcnsabkLqbFBsISaBAqAi45p7lobxyUro0_qrZ-J_B_2NtPpQQv8VtFGI4s0lU2YnmIQ7VautHwDXoo_1huAAp2rms_oMimFPMPp_FY5nLJey2rM_3_PdHhzo7w=w1920-h1080-k-no | https://lh3.googleusercontent.com/gps-cs-s/AHRPTWlp28Csn4nUJECDlfVIpgfR_GiN1pCNgWvgTepF22rmJdXPDgkwHjORfou_nk-_TQDtrMohXNYGib-ExRd6I3TtlQ_5btC9JL_XHYKvDtd1HXBAirqKF4RBGqQ5yZ5mX5v0QQlw=w1920-h1080-k-no,shop thời trang công sở,10,2026-08-17T05:03:44.948Z
A,40,85.4,K CLOSET,Nhà thiết kế thời trang,"Vincom Center, Đồng Khởi/72 Lê Thánh Tôn, Sài Gòn, Hồ Chí Minh 70000, Việt Nam",Sài Gòn,Hồ Chí Minh,+84 938 163 257,https://kclosetvn.com/,https://www.google.com/maps/search/?api=1&query=K%20CLOSET&query_place_id=ChIJR6zTPVIvdTERj7VLsGOLKZw,ChIJR6zTPVIvdTERj7VLsGOLKZw,4.9,145.0,False,https://lh3.googleusercontent.com/gps-cs-s/AHRPTWkpcJVW_xuGryFDw7Qntcs4dOhaWDTVidzUtpvvrVCok6if56TXEwAyxDtj73NnV4p_d2fGHZ9kSqizfgYek6xRGJ2wkOFjHHlwAXpwWsqmzcR_CxZ53zfMjURgocPyj_blpVRoH0OiwdC7=w408-h272-k-no,https://lh3.googleusercontent.com/gps-cs-s/AHRPTWkpcJVW_xuGryFDw7Qntcs4dOhaWDTVidzUtpvvrVCok6if56TXEwAyxDtj73NnV4p_d2fGHZ9kSqizfgYek6xRGJ2wkOFjHHlwAXpwWsqmzcR_CxZ53zfMjURgocPyj_blpVRoH0OiwdC7=w1920-h1080-k-no | https://lh3.googleusercontent.com/gps-cs-s/AHRPTWk8Yl6ip9BmG31M6esVqAYKhW7_efLZPm3xqK6EMnO1k3U0Gb88HKRJ7H6n1zXRJiNAI6b7EWnJjl1hQQS5Ynlq9ZlmZQKOKjH9ISIuo9TUNh8jJFYO8aRXDlwxa2PNfnw98NzFMQ=w1920-h1080-k-no | https://lh3.googleusercontent.com/gps-cs-s/AHRPTWkMs8EuYpsW6os1_wYLsaFS8DU5JpKVVbzY00mVYov7XuFU2WrtvYIBhg5mo_U1TuxEUUVe-yB9b4YI-WUscfeA_phYgOwC-yg4ewceNjWtqWZVnCeLG5BYEEoK722PoNn8NjwCV5qJC-I3=w1920-h1080-k-no | https://lh3.googleusercontent.com/gps-cs-s/AHRPTWkWqVse6yTBVsYKMrxQR4BbRWcsjc82EyHbqC6BZx8r5k4qjOsJKNUahCKpjo5epVG373Z9mkh50PR0-4VqBq621VFk0al0zG1XSw7H4RBd8bDhmtcFl-rlP7HXaysI5Uqgf1MbSkBzvSb1=w1920-h1080-k-no | https://lh3.googleusercontent.com/gps-cs-s/AHRPTWlL-Hn56TlXBScOuTO7OfjHKaiKvZ-QSJV_m0V9zLROFdcC4poxwbbqxPQXhQIz2PP_F-4puJ7zMmIi3C0y-evoDC-0yCijTUtx6V_R_vqEExhuAIwnzAeVfwc3dSWEQSnJkA91g_suCOl5=w1920-h1080-k-no | https://lh3.googleusercontent.com/gps-cs-s/AHRPTWmp70zHMX-pUiOcd7c183w9CKUPWLDcrRyDOTCUBPT1GVx2aprlu_mA9zEbjB1dU6TYdkmJLT13Jx_fpalEkRFS9DXTRWl30yb2Is769dL5F5gLTqDKsfgU-nSqv-TGfchtZqQOqaUfNDcq=w1920-h1080-k-no,local brand thời trang,112,2026-08-17T05:05:14.917Z
A,41,85.3,Nosbyn,Cửa hàng quần áo nữ,"9 Phan Chu Trinh, Bến Thành, Hồ Chí Minh, Việt Nam",Bến Thành,Hồ Chí Minh,+84 937 867 728,http://www.nosbyn.com/,https://www.google.com/maps/search/?api=1&query=Nosbyn&query_place_id=ChIJ9c7Ysz0vdTER-_zGjCO40_0,ChIJ9c7Ysz0vdTER-_zGjCO40_0,4.4,98.0,False,https://lh3.googleusercontent.com/gps-cs-s/AHRPTWkpg5lpNUNIdaEoCc4zKihTkrOAELXRq2MNs0BrX96IlzZtYVbNHufBXdaGhviWANq6Kzxk5cZSihoShhC6ZbZNQ5EY44HR5WcXVK-QJigm2BssvK4--kPqqeupNttLIsAqbsbw=w408-h544-k-no,https://lh3.googleusercontent.com/gps-cs-s/AHRPTWkpg5lpNUNIdaEoCc4zKihTkrOAELXRq2MNs0BrX96IlzZtYVbNHufBXdaGhviWANq6Kzxk5cZSihoShhC6ZbZNQ5EY44HR5WcXVK-QJigm2BssvK4--kPqqeupNttLIsAqbsbw=w1920-h1080-k-no | https://lh3.googleusercontent.com/gps-cs-s/AHRPTWng_3vbjyTlK-1-CRLsjg_rrZ-UhE9h5pPk5rJKp-TdXGd0xQ5Ngh69CZz6DixZBaaGt6DzAnp6MOoct7ty6f5QdHXq89Vol9JE4xmlIMkSfydBXCOqA8tgd0TLwrratYcnWP1EwQ=w1920-h1080-k-no | https://lh3.googleusercontent.com/gps-cs-s/AHRPTWntD-U_DWyp1qlpGXdj_zUCtU7xlim-EU8yQAKaGDVSoSgtphicdWSyY8JS_siVciR7jZgp5mjcXi5lzuv6rBzA6z86eDExfSiiVP7bhn49pkgV8-grN7Q7RiYEvmC0a9TJh1F76uwIWGr0=w1920-h1080-k-no | https://lh3.googleusercontent.com/gps-cs-s/AHRPTWkG-c5Z3HtbMQ7VR3JbAAWaKdsTdaZg8IguqPOQoJ-NVBteytVjkrdbIq6BFnwNihJb3Ip2BLKPQoB_mEiW7RLxcfOq7er6h-DJZxoIKszVq1Orp9r7JQQct-ddxjo_HGzoX-26yTlf6RCR=w1920-h1080-k-no | https://lh3.googleusercontent.com/gps-cs-s/AHRPTWmmDc4u_xTzAZnIHVESenOkUuSlXXuvXeiJv6_Wz5OXjEptBaGjrhHme4P25iyJ8Y6FKHNdzoekoG8l1r_wqIJ_OFVUR-G5p8XwOEoZAUhwKEQx6NJ27k3vJf-zTR4_bWl3xa3bBw=w1920-h1080-k-no | https://lh3.googleusercontent.com/gps-cs-s/AHRPTWkIpdsrdbyEIN-r7g-DQRpiFG1ptAAAJLyqYWZdq3MvACRO9rLlBFJMZtCJhWUYdAfnLWEAu-qrJdIfPBUxVN7d_4m3FeeStfkL_Q0MSfwNYJnEpEIoifx2oHlE8WS8mOyFHtpOyA=w1920-h1080-k-no,local brand thời trang,54,2026-08-17T05:05:48.391Z
A,42,84.8,Thêu tay Ninh Khương Đồng Khởi - 刺繍 ベトナム,Cửa hàng quần áo trẻ em,"71b Đồng Khởi, Sài Gòn, Hồ Chí Minh 70000, Việt Nam",Sài Gòn,Hồ Chí Minh,+84 908 003 141,http://ninhkhuong.vn/,https://www.google.com/maps/search/?api=1&query=Th%C3%AAu%20tay%20Ninh%20Kh%C6%B0%C6%A1ng%20%C4%90%E1%BB%93ng%20Kh%E1%BB%9Fi%20-%20%E5%88%BA%E7%B9%8D%20%E3%83%99%E3%83%88%E3%83%8A%E3%83%A0&query_place_id=ChIJU8K0jEYvdTER7SivbNMKMAc,ChIJU8K0jEYvdTER7SivbNMKMAc,5.0,305.0,False,https://lh3.googleusercontent.com/gps-cs-s/AHRPTWlirRS-DaRYqWdWEz45uGkcEenkuPYx0N9TZ1uoQlFpFs7M0w6_43TUQNIl7H4ETCAguwhd1ueIzwhTbPe4XG1SChZiYzM6ZUubDZNGtsMERxwO9z5zfMRMpH5shAKj5qzrTfpZAetICdH1=w408-h306-k-no,https://lh3.googleusercontent.com/gps-cs-s/AHRPTWlirRS-DaRYqWdWEz45uGkcEenkuPYx0N9TZ1uoQlFpFs7M0w6_43TUQNIl7H4ETCAguwhd1ueIzwhTbPe4XG1SChZiYzM6ZUubDZNGtsMERxwO9z5zfMRMpH5shAKj5qzrTfpZAetICdH1=w1920-h1080-k-no | https://lh3.googleusercontent.com/gps-cs-s/AHRPTWnIkw2xrsCE7Ug3t8aALoGtRnyt61C91_dz07Ng7OHyLJdTLRkW0vKE-lMhCulGmO6oemMKUcWENwfoD6rLkXjH5IfM6Xl41MJIATlxHKgq-GrQWCVbOxB4k7fI7rQ9BPo0MlGkudVuo4I=w1920-h1080-k-no | https://lh3.googleusercontent.com/gps-cs-s/AHRPTWmCHmPowRqKoVciKlWGyWvBkpbFO-8l9bwNx83_HiLJC5Ed-z9yVX5AU8tcT--mVGHoPPZI6vLIpvXnp_gTgjJbH1PbVPtQTi8i9HnLHrz5bTTuqoa219uKuc5A_sFIFhmtEaq3qJZXVYc=w1920-h1080-k-no | https://lh3.googleusercontent.com/gps-cs-s/AHRPTWnvSE_KR4qO_JASnw3dWYXJ6q1GzbnJZFsDtkfYoJKZZkr9Pa6ztYSXa_II1bbK8RMj7rUsy2OnQ1EcBiQlUO0G-IP_fTq_a8Nswf_OkJO3-oz0Pf8AQcV-c4TdUlS6KHoEPyJPccpqxopd=w1920-h1080-k-no | https://lh3.googleusercontent.com/gps-cs-s/AHRPTWmv8dDkhEMxaijZ0raaIu5EkEE4vzfwUlznXXqF2ZiZFV3J930GwISK7D1P_P2DquYV_xruRTWq_nwEXw62lypsH_P-JLB-7ZCZCT-WBxA4HxgoXg_ZeCJJ-oiBWYByNNPQYjxomSbgIjN0=w1920-h1080-k-no | https://lh3.googleusercontent.com/gps-cs-s/AHRPTWk1OUHMVqie1lynOGQ8pCQ8yzORrzs8Bg7DQboPuMz6Na9OHQSOyKteNZQwf-Ulf8GWCdYftsbKfN5pHVnN9kGd0jpaXJuWf5NhNqbpKTzLHovH8eLr0nBso5Q-jxUDly1btan8DLSovQk0=w1920-h1080-k-no,kids fashion,5,2026-08-17T05:03:53.455Z
A,43,84.5,CHUỘT TRẮNG shop,Cửa hàng quần áo,"361/21/1 Đường Nguyễn Đình Chiểu, Bàn Cờ, Hồ Chí Minh 10000, Việt Nam",Bàn Cờ,Hồ Chí Minh,+84 366 999 989,https://chuottrang.vn/,https://www.google.com/maps/search/?api=1&query=CHU%E1%BB%98T%20TR%E1%BA%AENG%20shop&query_place_id=ChIJU5T4pecvdTERTxJFrtLo6u4,ChIJU5T4pecvdTERTxJFrtLo6u4,4.6,227.0,False,https://lh3.googleusercontent.com/gps-cs-s/AHRPTWmYzKIB1diTzB_YQoHAFcYMCE6PrpfJOISp7brt0fRfv9vRf2x3FncqB8YumEsMQyr1CLGARMS4Y2X7GzI3t2ytqzC-HD_RvQr9ZfQhB1VAh_cjjdUFkA1OikBfjiGZK4ALZiLR3A=w408-h544-k-no,https://lh3.googleusercontent.com/gps-cs-s/AHRPTWmYzKIB1diTzB_YQoHAFcYMCE6PrpfJOISp7brt0fRfv9vRf2x3FncqB8YumEsMQyr1CLGARMS4Y2X7GzI3t2ytqzC-HD_RvQr9ZfQhB1VAh_cjjdUFkA1OikBfjiGZK4ALZiLR3A=w1920-h1080-k-no | https://lh3.googleusercontent.com/gps-cs-s/AHRPTWnuJgrEbvYFg8mjvbP1vXGY5EX3L9ltDzfILvE6Q2oDuW7vR4MPmnpmeSKVh5nv3uxgmXPCsxQghDhcxaICAPhT_OS76koJ2WxC5lmA6vouQIC_gUUzwSr7-2rN9w-yP1m58fVvOZgjqw18=w1920-h1080-k-no | https://lh3.googleusercontent.com/gps-cs-s/AHRPTWnhVXR-CpTRvfpD8tF6nkAF_Hw-WWu2pKv0-iIIN66eiTuXqg0lTs44KkfHUk1SdMnY5yw62X1EvWpWg7dTSbReS_P5xuNW3JCwzpMVYz9V8idiRrF5AQLVxzmcOpbKXT4PxGAt=w1920-h1080-k-no | https://lh3.googleusercontent.com/gps-cs-s/AHRPTWk0u0ZmuAOq3oQ7u2h50r6PNQzr4OXRAWOk_fGjK-uYWazLAY_OV9-f9rMsX19v0TV2fe0lfwkRHpyWq3PisUh1RrgB0ZsW3uJQYWjmUF0EX-zaEZ6YLq3p6VoO1P-7eTOhYaCTjw=w1920-h1080-k-no | https://lh3.googleusercontent.com/gps-cs-s/AHRPTWn1DdoWK1MG4uOjVpk-1Si6w3Slcc1auWCt74ModaBxt0eLr9rIrTwLVT2MP3XTLvTVMOUN2mROjOV0Orz5nGGYcvnrdjWjRPvqKeFqxTDk4b9YIhnXjw4mHQHEyvYdy5bb4SpdnOyPNw=w1920-h1080-k-no | https://lh3.googleusercontent.com/gps-cs-s/AHRPTWl7A89yPYKwZU-wM3BN8gd12l6ypLAhXJ_cY9hqNAJ0wCVwxKeoybFY6pdPJGkqhAFykV41NCiH_00LqkbclZcPTzINNKgIl_zM_azd-Ffki3b3nVDiTC8Ij12FpEQBA2rico1h-A=w1920-h1080-k-no,local brand thời trang,91,2026-08-17T05:05:18.360Z
A,44,84.3,CATSA NGUYỄN GIA TRÍ,Cửa hàng quần áo nam,"33 Nguyễn Gia Trí, Thạnh Mỹ Tây, Hồ Chí Minh 700000, Việt Nam",Thạnh Mỹ Tây,Hồ Chí Minh,+84 909 313 375,https://catsa.vn/,https://www.google.com/maps/search/?api=1&query=CATSA%20NGUY%E1%BB%84N%20GIA%20TR%C3%8D&query_place_id=ChIJvcehuKModTER_Z-Mr3XBJ4U,ChIJvcehuKModTER_Z-Mr3XBJ4U,4.2,98.0,False,https://lh3.googleusercontent.com/gps-cs-s/AHRPTWnck5iuqdbeXf-l2xKTN-u4x1zRwJgRocd9wXC2hMgrUZoyoWFz15o-AT54EM4P73IsndqrHBgiKne24Hcglk6mRFV_Zxi15ZqXoXUCLKQAQYUsUhjE_hLdQn95p6uEVte5g4SDZLYftkQ=w408-h612-k-no,https://lh3.googleusercontent.com/gps-cs-s/AHRPTWnck5iuqdbeXf-l2xKTN-u4x1zRwJgRocd9wXC2hMgrUZoyoWFz15o-AT54EM4P73IsndqrHBgiKne24Hcglk6mRFV_Zxi15ZqXoXUCLKQAQYUsUhjE_hLdQn95p6uEVte5g4SDZLYftkQ=w1920-h1080-k-no | https://lh3.googleusercontent.com/gps-cs-s/AHRPTWnWa5Gc1oCechSufHQdecBkZXufKKDPjBT5FVWK3Ixnia1MAN3wkv4RVVrFzTK9wfg3_RPHlDUHlQLgLOI0ZU8UPCAc9NLq8zCyTGBNJLgRXgeMC9sKI_KFkl8-D21q-sbad7PWmQ=w1920-h1080-k-no | https://lh3.googleusercontent.com/gps-cs-s/AHRPTWnfN1_kqrdbWw7ul1FP7g7osv0m9_EqDUSbdF05-rZB3fx5ahHRCEtjJW87JR1wLlm6te3jvfDxN2iVtc7S0S8o8BF2k_UAmwS4-fkTLjdzzphjbgTNubsL_L8BNpf-7xV3bwUU=w1920-h1080-k-no | https://lh3.googleusercontent.com/gps-cs-s/AHRPTWljS3yAo_6sLNo4YNKUsolBz8mDNeusN2kk5-unPlMml1yVHXP8avg3Ynbs1gQkLYgWbPLFjxBsb_BUY-FqiI0eEakhRmybhZDNs3VVwOOj6g9apsCvMDERI5cHlU8LVZuq8aAI-A=w1920-h1080-k-no | https://lh3.googleusercontent.com/gps-cs-s/AHRPTWm_WLi1wV8zarw6TGQ6EGq0jbXAvWqlwnnOaIXugtxneGcvwEUQcD8KPYlkS0ecfUQ9C7jK3MH1o2osH9fuDozymAT7c7JuLutIYafwzvzZg_L9d8im5Fi2XtnkbARuGaq59inJ=w1920-h1080-k-no | https://lh3.googleusercontent.com/gps-cs-s/AHRPTWkvdOAFKK77zL39poozJKpW6V9c7jlWSFxsyYEzY5ExyX2NbLB-PKX0ZYEItQMGl50XG9qrhnXxcJBj5eshi-uvixsSOYbrrZaSGwbRYhtiGxQcMG8mhjilt1t6BDZLFvX4I3OH=w1920-h1080-k-no,local brand thời trang,74,2026-08-17T05:05:27.851Z
A,45,84.0,KIDO FLAGSHIP STORE,Cửa hàng quần áo,"49B Nguyễn Trãi, Bến Thành, Hồ Chí Minh, Việt Nam",Bến Thành,Hồ Chí Minh,+84 981 057 957,http://www.kidostudiowear.com/,https://www.google.com/maps/search/?api=1&query=KIDO%20FLAGSHIP%20STORE&query_place_id=ChIJi6iHRjwvdTERr14gqLsf2gU,ChIJi6iHRjwvdTERr14gqLsf2gU,3.8,223.0,True,https://lh3.googleusercontent.com/gps-cs-s/AHRPTWlO9kz76R6dfW_VXKw4FF3mkVuAaQTnmGMfEI_wxZ33Y70aVz9jH0rrD7phSRE1qKUvWK962ISQYQLuTua66vF1xkTKhZqa5oD-uheTKypiUvRS6TXuxCNZWr17OwAhg8p5JZe5lyM_HPFK=w408-h725-k-no,https://lh3.googleusercontent.com/gps-cs-s/AHRPTWlO9kz76R6dfW_VXKw4FF3mkVuAaQTnmGMfEI_wxZ33Y70aVz9jH0rrD7phSRE1qKUvWK962ISQYQLuTua66vF1xkTKhZqa5oD-uheTKypiUvRS6TXuxCNZWr17OwAhg8p5JZe5lyM_HPFK=w1920-h1080-k-no | https://lh3.googleusercontent.com/gps-cs-s/AHRPTWmN_PxsqbSuF2bLMjxojlmfbE9xhq1NPDBQoYTc1BZR8hxMPabOj3ks6oOgiMLewXzS9bPYMm2ABl7rp5JJWnTfUQkcp-RiOYH9jKlmyufa7W3BdrpGARJ962g2VcCjiNjTRdbNF56ft6c=w1920-h1080-k-no | https://lh3.googleusercontent.com/gps-cs-s/AHRPTWlj-GR7a63C4IL5VaqQ4emBTR4wW43ZBYJ4eBfuSwvn0Nqb5OH8VIOifQflnPb55Wi77PRLfF7oFDoQfdFEsTJ8ryrpfr0t91waXVorCba08si58wCiLUTZVzSVCFrgqbzGCMhl9ubwdkE=w1920-h1080-k-no | https://lh3.googleusercontent.com/gps-cs-s/AHRPTWlJHv1yQjzBdckWxaxwS9tklLAwXrJOBsHxgGljbrG5oEZbv7fT8eXACQ1rhEwqetafr7XmnIee3u2cTGS5g2Zwwsn0oJZoJR9VcMeMsU359i4pFNjUfz5xAfyeNdGvrKEmyn_hBjoygZly=w1920-h1080-k-no | https://lh3.googleusercontent.com/gps-cs-s/AHRPTWkmBMEbrO8P_fah00hW2g5jnUA0bD0hzbop28xWPwPOopyzcTamxJC1vjRMB2MKxtw8hwFqJYKS5dkgnZc7OQKdmxd3q6UrISf8kKD2HknoD_ILp1cAt78rkTiVGhjNS58HpNU=w1920-h1080-k-no | https://lh3.googleusercontent.com/gps-cs-s/AHRPTWmh-3B3hYRwu-JpKKVEsvxf6L-mw4kaCmHDkcg-uLZ49Nra3ts2PIhlk9pKW737icfB-r1kWILzgW7vPcj4Y_3HynwMbZqOVsrY2MGqei-F7tdKuFxkfTWk5DZf7gGhXGEK1kqlnqsdE_dE=w1920-h1080-k-no,local brand thời trang,81,2026-08-17T05:05:18.426Z
A,46,83.9,SomeHow Quang Trung,Cửa hàng quần áo nam,"1002 Quang Trung, Thông Tây Hội, Hồ Chí Minh 700000, Việt Nam",Thông Tây Hội,Hồ Chí Minh,+84 325 551 490,https://somehow.vn/,https://www.google.com/maps/search/?api=1&query=SomeHow%20Quang%20Trung&query_place_id=ChIJCxvrH5wpdTER-jyeJSxxqrI,ChIJCxvrH5wpdTER-jyeJSxxqrI,4.2,103.0,False,https://lh3.googleusercontent.com/gps-cs-s/AHRPTWmCUINga8FA-dFNz6k4BVccd22TSN8fqhPRkIzSS2jsgtsZc1E8KwUp-3Ijf86WyENS73ZIpcncC_yM9jHV806SW0clnQeCIw0OGQXuzOag84WJfJcyZGRnE7VA0crQvpX4L9Zrlweyxlbr=w426-h240-k-no,https://lh3.googleusercontent.com/gps-cs-s/AHRPTWmCUINga8FA-dFNz6k4BVccd22TSN8fqhPRkIzSS2jsgtsZc1E8KwUp-3Ijf86WyENS73ZIpcncC_yM9jHV806SW0clnQeCIw0OGQXuzOag84WJfJcyZGRnE7VA0crQvpX4L9Zrlweyxlbr=w1920-h1080-k-no | https://lh3.googleusercontent.com/gps-cs-s/AHRPTWn0MDA-zlyJltmNPeJr4X5urBgBOjJ9NftCBBXEVgYMLimr9VWd7g6kQpsHJrz5lt8o7s7ETz5KjgXdPktvV3Elq6fiznIwvPG9vFw664MSv9I8ZdwIU5h2uazcfR6kZLgSGvty=w1920-h1080-k-no | https://lh3.googleusercontent.com/gps-cs-s/AHRPTWmNuV1zr2evrbN9yzYHR2UhwfPq7AliocunJKYnw8tmGuNySffOvvwF9II0grGsJnqPmMd4Ynl1qFevNfIW1pPDBpU0dI2L1iUllFqkc3tcjsnQxqXXOw0kmL_dKe8yjR2xAUs2=w1920-h1080-k-no | https://lh3.googleusercontent.com/gps-cs-s/AHRPTWmJWKm9nitaFQKnnLA2h-OQgkqN9RranHOesZgBtXHbE44SwKcRB8SK5lRyTUZdbAImQzbcytqfRUIyrVSuc5EJyzjS6HD4kiMgyo_qRdxr38ACggrEPXUkScclufVBTiIKrzw=w1920-h1080-k-no | https://lh3.googleusercontent.com/gps-cs-s/AHRPTWnxWvj3o9cwafOAd7mOUV4e4kW-F1R5n4L9X9dT_aAH68FRqxMQu5VhpqR6geINdoOTT_R6-PRdHVE5H2QmdwPGVVi2You96IcT8Kt6LkyUMhpMJjDkFMwmrCBtcwlJ51wlLc5s=w1920-h1080-k-no | https://lh3.googleusercontent.com/gps-cs-s/AHRPTWl6UJshYVv1emP7lDcqIstUkJgiNMI72k9hyseYz1Xdu3B77pT_0nAdKqWXnEIgV-6fwyE--Up-MuxXSXXPK05oFdMl_puREiKzsY_sUqfDDBOxNGR7MCJRzHYWpExdcHyNWnoO=w1920-h1080-k-no,shop quần áo nam,82,2026-08-17T05:05:46.917Z
A,47,83.5,Lơ Boutique,Cửa hàng quần áo,"3f 79 Pasteur, Sài Gòn, Hồ Chí Minh, Việt Nam",Sài Gòn,Hồ Chí Minh,+84 942 690 991,https://www.losilkvietnam.com/,https://www.google.com/maps/search/?api=1&query=L%C6%A1%20Boutique&query_place_id=ChIJO6eazi8vdTERLey6B8UeIl0,ChIJO6eazi8vdTERLey6B8UeIl0,4.6,54.0,False,https://lh3.googleusercontent.com/gps-cs-s/AHRPTWk--XIWj12WNUow_SRhWo7wYiH0ptbnDSfda5po3KVrHNylrbP8-EmiMjpB0EcT_N1W0p2xKE2NtJOgbcI1mLnbrvEKm3KfKvZSm9oF48kWjeaqcme2Q4KXf21hEo2w1Q0g0ls=w408-h544-k-no,https://lh3.googleusercontent.com/gps-cs-s/AHRPTWk--XIWj12WNUow_SRhWo7wYiH0ptbnDSfda5po3KVrHNylrbP8-EmiMjpB0EcT_N1W0p2xKE2NtJOgbcI1mLnbrvEKm3KfKvZSm9oF48kWjeaqcme2Q4KXf21hEo2w1Q0g0ls=w1920-h1080-k-no | https://lh3.googleusercontent.com/gps-cs-s/AHRPTWlwy5qgvXxHQ1cGKj3epCvhx-NDOS5QG6oCgDU_GYD_vlbLfzWd8kvNM2t9d6yEyXoeZs1g5iy_LSbljOdNbjaTgjjj39pkzX8t_aIgBzpxet1Pah117SQI657mz1IgehU_Ncn4Eg=w1920-h1080-k-no | https://lh3.googleusercontent.com/gps-cs-s/AHRPTWmrpSbiuHs1Mqp5ffwR_TnKx-Nckp1hZTzbDYd2x3CSp2u447C6aVua87J_XRpxVsoKyMNMt6wQTjGbSWOPRCGXJhiTf6IuMJ8srgPE35k7VgTJAYntAhyyIDRrzyicTKMJX7Lxh7_HDlA=w1920-h1080-k-no | https://lh3.googleusercontent.com/gps-cs-s/AHRPTWlK16cHszwWR6RMvYkfX6F1Ko6W1oGUysgsIGz-pq7H18hvbUU25Luk71jepq0yb3-ucJzsFacLwr-WqcfduTNQavUstGzXGo6nkqtWgYBk9XAKTaHiNH3Pp9DJ7fgHmDC0WRvIsC2J73-I=w1920-h1080-k-no | https://lh3.googleusercontent.com/gps-cs-s/AHRPTWlozaOaTPwpp-AnAN_EQQT0kK2OZpUaqRVlW8xgam2r9jPrKe79WHtNMSN-karUR1v_luwRU0dguFt1JuZijvruKrLnLVSlzkSbRrV9JQqf5NPyHAnmRqlIQBxCAhyAcCiCP2BHAQ=w1920-h1080-k-no | https://lh3.googleusercontent.com/gps-cs-s/AHRPTWlXWs_2EdbofZm9zBeWSawb-xwXbedcT6GjHYbi0qDXtxROTR0oMHJeWpZi57QYikgXUbAmmeUbI51gi1U10LgI6OkZz3Fp2WYJz55AjdyNiNsP7QfFVMTOscWPH9NCRQ-S2huQPw=w1920-h1080-k-no,fashion boutique,10,2026-08-17T05:03:15.669Z
A,48,83.3,Thời trang công sở K&K Fashion Tô Hiến Thành,Cửa hàng quần áo,"268 Tô Hiến Thành, Cư xá Bắc Hải, Hòa Hưng, Hồ Chí Minh, Việt Nam","Cư xá Bắc Hải, Hòa Hưng",Hồ Chí Minh,+84 28 3862 5791,http://kkfashion.vn/,https://www.google.com/maps/search/?api=1&query=Th%E1%BB%9Di%20trang%20c%C3%B4ng%20s%E1%BB%9F%20K%26K%20Fashion%20T%C3%B4%20Hi%E1%BA%BFn%20Th%C3%A0nh&query_place_id=ChIJSde6w9oudTER6oySNMyeo2M,ChIJSde6w9oudTER6oySNMyeo2M,4.7,36.0,False,https://lh3.googleusercontent.com/gps-cs-s/AHRPTWkZLbIJPcK-ZSC8dLkOjvgguA6O2B09JwzqkmHlRD7xJcoc0wJBlwQkMj5bqFaP0TiqrwTB44pIl5Cl_xbHEZEFALX_IIKIS2W1_0v0mz16VX5jCF334OHQsAhPBabYT61SWMUF5utT3T0L=w408-h258-k-no,https://lh3.googleusercontent.com/gps-cs-s/AHRPTWkZLbIJPcK-ZSC8dLkOjvgguA6O2B09JwzqkmHlRD7xJcoc0wJBlwQkMj5bqFaP0TiqrwTB44pIl5Cl_xbHEZEFALX_IIKIS2W1_0v0mz16VX5jCF334OHQsAhPBabYT61SWMUF5utT3T0L=w1920-h1080-k-no | https://lh3.googleusercontent.com/gps-cs-s/AHRPTWl0nHUNi8m08HrNccgqToZ7dYFvzMiw0cNq6ZXHPWtBAMDAufXKXwTGAuZ4hfA9iKAu8b1e07ksVMQkCHND1B1pOF3EOP6hki6g67oK88WXuK0g0NdHufrHaAwcUHR71zsOtt4=w1920-h1080-k-no | https://lh3.googleusercontent.com/gps-cs-s/AHRPTWmgWpUNxqJzjnbCw7S9Clqt5Y_yprjTyctN1MQF3aaAs-fhAiQsTtSResdTMbTqxq9xB4aQxsNQgM62u5VKcU1HO6dxdtfMMJz0UEcD-oQf5bjngrF6ho8HvTBJEhHjzQrUMTmUvQ=w1920-h1080-k-no | https://lh3.googleusercontent.com/gps-cs-s/AHRPTWmpPjzwK3EJY1LhIsjICDU7vK-9hIJXfj-p2dOW3rFp9h-C4wZbdEsiAZhz0N9pZrpEnY1c2DeesuVNsYTObOhOOsM-EyDM3tuBEWcq2MABDvs7JdwAV9KIoZUHcHRvGX2xiBfIGB5H4RY=w1920-h1080-k-no | https://lh3.googleusercontent.com/gps-cs-s/AHRPTWmE6Q5gn5bTIotk22uBdaGf9AmwnUE_4YUafpkN28vlGK3ZkdkivNwptpoIAjzgyyV1DPq6g4MZ2wZboLJ_eYmLOs0dfXqYUbD6RMp0AIVXrSeuVwd0bp9KT3qjYzaGfSvxkWcJcKqII4o=w1920-h1080-k-no | https://lh3.googleusercontent.com/gps-cs-s/AHRPTWmL8JX4l5NtSTVZ0u_QL4qNDOKgv2rXcOFpxtmgZD4bGB9MWWn3hi1sIWbwHGITMV6tKKkKSn7l_bdfp8PVXe9FExV6kzx8zd7jbc6bJ7jqjXzgxDlmV_nvpu2RF2HI6r8wWl8FN5J5E9o=w1920-h1080-k-no,shop thời trang công sở,13,2026-08-17T05:04:02.646Z
A,49,83.3,Vintage Club,Cửa hàng quần áo cổ điển,"371/4 Hai Bà Trưng, Xuân Hòa, Hồ Chí Minh 70000, Việt Nam",Xuân Hòa,Hồ Chí Minh,+84 909 682 897,https://instagram.com/vintageclub.sg?igshid=MzRlODBiNWFlZA==,https://www.google.com/maps/search/?api=1&query=Vintage%20Club&query_place_id=ChIJ40bNHIUvdTERneymr4kMciE,ChIJ40bNHIUvdTERneymr4kMciE,5.0,197.0,False,https://lh3.googleusercontent.com/gps-cs-s/AHRPTWlUYA3YEiFMbQdeAHmWIvgMVfdVO3l1J-G1m0GpwtJrQ09_9NNZbyUNfW3A6YNuOMxHrDc6MWCpSd8CSD9YMxQkLrNd-S3V22da7tAPJ2TF6hfwQQklD3fdmACm81FNM4nxmc_srqLIALr-=w408-h544-k-no,https://lh3.googleusercontent.com/gps-cs-s/AHRPTWlUYA3YEiFMbQdeAHmWIvgMVfdVO3l1J-G1m0GpwtJrQ09_9NNZbyUNfW3A6YNuOMxHrDc6MWCpSd8CSD9YMxQkLrNd-S3V22da7tAPJ2TF6hfwQQklD3fdmACm81FNM4nxmc_srqLIALr-=w1920-h1080-k-no | https://lh3.googleusercontent.com/gps-cs-s/AHRPTWloIgCuB4dIU8JlaFZl9HOs4vcw9tq6v9Sib27FFrJlcOGiAkZPVNl9U8l0sclu3iHjlX_BOnc9p6kxzazVpFCBYaEi95iViD-y0zWEIp4uZPrAEruqQr1emQV7InQ4RyRitQ=w1920-h1080-k-no | https://lh3.googleusercontent.com/gps-cs-s/AHRPTWnr8V4d2fO9Nmg-4dseHCz64M8uoNdHCtkRLwjFhYaIHrH_ZQgD6o0S_FnrYhBFjnIU25sCRiXKrVSSpkbZNNAB_ck4UcThj-gVrCng86ne6emKwm-DdHOZqq6CSfnXmwIzWQktXa4xptcL=w1920-h1080-k-no | https://lh3.googleusercontent.com/gps-cs-s/AHRPTWktPJ5LR3xft3phWbxUadpNBHMl2OEHA9VdMNj7c6CZDfARmp4HI5dJ5ktL-AfrA0WTCubW_lxADkOVX8iccvtYtjCuJVbEm23rGoBpLvqwcnjIMKp9bxv5ZJ4Bd5dUYXkBtthoMHfkgL_E=w1920-h1080-k-no | https://lh3.googleusercontent.com/gps-cs-s/AHRPTWmF8EBT3toA1g9ieS8dZiimgqBWwj6ZtTSRzo0FFeb6b6gB-8KABWxckux5NX055p3FWMMVtyxD23aGHN61VkyrBO1IlCyXey2jxlowBe0U_Q9ua7sz9DLy5hH5Wk4ztj5D1RYYNeu4F_sF=w1920-h1080-k-no | https://lh3.googleusercontent.com/gps-cs-s/AHRPTWleM34NM5BRZOO9sFiqBt7sukiIvOFFJ5v9oO8gbaUH5DL4vvRmldMy_QlyrZKrC7NeijNZjZUF2Ptn37ejORvKur60VKW72zpkEL408uBJyJ2-xX0FQYDm5u5wtCl4cHDdzLfZ=w1920-h1080-k-no,fashion boutique,93,2026-08-17T05:05:00.905Z
A,50,82.9,YL Boutique,Nhà thiết kế thời trang,"S107 Vinhome Grand Park Đ, Nguyễn Xiển, Long Bình, Hồ Chí Minh, Việt Nam",Long Bình,Hồ Chí Minh,+84 905 941 327,https://linktr.ee/yl_boutique,https://www.google.com/maps/search/?api=1&query=YL%20Boutique&query_place_id=ChIJxVMhsnUhdTERVy1u4HVfg54,ChIJxVMhsnUhdTERVy1u4HVfg54,5.0,16.0,False,https://lh3.googleusercontent.com/gps-cs-s/AHRPTWkDl_dk42OqxZwSbG17ANjcLCSu5Ko5_MMjv2siXkjjXHg7g6gtbS7H7OQEeVst89JMd3w-Y0q3fe0Q-lWPiKS8OLos9os0Vzv7Avi4ni7Ehmhsu2Lp6E9ctzom7KIhyt2Ak4q-sA=w408-h485-k-no,https://lh3.googleusercontent.com/gps-cs-s/AHRPTWkDl_dk42OqxZwSbG17ANjcLCSu5Ko5_MMjv2siXkjjXHg7g6gtbS7H7OQEeVst89JMd3w-Y0q3fe0Q-lWPiKS8OLos9os0Vzv7Avi4ni7Ehmhsu2Lp6E9ctzom7KIhyt2Ak4q-sA=w1920-h1080-k-no | https://lh3.googleusercontent.com/gps-cs-s/AHRPTWn3D7YlVNg3koediX4mMWXZyAjcsWd3ELMOkyFY9Ym9gnrJTnClKw0aSI8NNynXcvJPZVfftoNDG8yoFasM_XU-RFZ02hoZbO2oPKvYjokN8tGb5uyaDU01mMg_7ZtlEajIpvo9=w1920-h1080-k-no | https://lh3.googleusercontent.com/gps-cs-s/AHRPTWnKq6X7lUD0dgWrbiva5Il2bCliWu90bqGGPdK2A2fPUHQ3wHbmC19vFbLEHuq1pApnUnYQf2JlckVvEF-RF1QARYAP_X81rh_Z43wN4nWQGEVdT3y46RP8mhtxHRhaSv18_hSB=w1920-h1080-k-no | https://lh3.googleusercontent.com/gps-cs-s/AHRPTWnRDtO9zxyDU1a_Yd6xw_BMrY3jJiPzkkLangZ8AJbDngGiPypGkY-uHIqlzSxKDE2d_Qy6PWOORdgXEykqScS_enz7XCxvG3fZ8X3mgQkHaqY1tjIOs33A59JZ2ECbhwaRFNM6=w1920-h1080-k-no | https://lh3.googleusercontent.com/gps-cs-s/AHRPTWkrbLCR1cDGC3Ixpo6tTo8LsO4qGfWM8gy1EgPq8vLhzKYis_8gkQpGcmO9R0ehDAI0L5dlh1ddpkQaBh2NmRh246MSIxtjAV_SgfEqnFK5ZMBoLI05txB6OPRErf_6DpIrWBEuSvVlxJGG=w1920-h1080-k-no | https://lh3.googleusercontent.com/gps-cs-s/AHRPTWnqIEuwQWzo4QZny0Fj9PxEEefa9thcWSxTfAyhuaHTXxSGVWvXpJiYGJVkrKvgeznky0st_Bp_TxFMeFPJo7njnH8OA5yyh7r6MnrA8hBdQnSDt0urgOwhQUPtEvpAMkh5pB0tCQYp4yY=w1920-h1080-k-no,fashion boutique,62,2026-08-17T05:05:12.949Z
A,51,82.8,House of Nhã - Curated Vintage & Designer For Women,Cửa hàng quần áo cổ điển,"46 Huỳnh Khương Ninh, Tân Định, Hồ Chí Minh 71008, Việt Nam",Tân Định,Hồ Chí Minh,+84 398 753 278,http://www.untilfaded.com/,https://www.google.com/maps/search/?api=1&query=House%20of%20Nh%C3%A3%20-%20Curated%20Vintage%20%26%20Designer%20For%20Women&query_place_id=ChIJVZRldG93gyQRPapY7Lj9c-E,ChIJVZRldG93gyQRPapY7Lj9c-E,5.0,90.0,False,https://lh3.googleusercontent.com/gps-cs-s/AHRPTWk1bZHehafu2U5YOQbss7dYU40KWi3y1IQlH5GHbMkS7tqUgycPxtZaMv2F9F3TpU5E1qcUbPvPKARXdYPsx81py3rTwsy1XTGLTpsx8LRJf8-0ECxAwnPksepaZd78HwdMQVSNLT99M65w=w408-h544-k-no,https://lh3.googleusercontent.com/gps-cs-s/AHRPTWk1bZHehafu2U5YOQbss7dYU40KWi3y1IQlH5GHbMkS7tqUgycPxtZaMv2F9F3TpU5E1qcUbPvPKARXdYPsx81py3rTwsy1XTGLTpsx8LRJf8-0ECxAwnPksepaZd78HwdMQVSNLT99M65w=w1920-h1080-k-no | https://lh3.googleusercontent.com/gps-cs-s/AHRPTWn5PElovIrnZlg2JspHic1T-cyuB3S7tic7Q38hE5Z9Ujw8urJ7BZu-YN_076KnxOzqWeEZXftpnKqftELPm0K-Mjph7-ExZQ0pxDoD8qLdrNQ47SECYqiBsiULPbbBUAg00U3ptXLLDIg=w1920-h1080-k-no | https://lh3.googleusercontent.com/gps-cs-s/AHRPTWmSbi4HKoY3f_7IunfujLuunxLqUctn-GjBvhUMPV11r8mx3GLXwP7eJPK4FwGNx1S5KyZO7YZdl2UKSAqisv3oM9iu8iz1P5dAEDL5znu6Qf1EvvagW91lBSk86vsUjZCYxmaj-vRfz0P5=w1920-h1080-k-no | https://lh3.googleusercontent.com/gps-cs-s/AHRPTWnZwCrQ0hVB4b8-PRGr5_N9wz_VCpsUecR9bEigv54RcuNoeEoxt1803E-bE4FF9XIosy-zd3yNLgCY1K7MoQwEWcUVBa5cj4PDP0YXmZQsJun6BJ0m9VBEw-XkWEFIBAiNmnIt5205hPk=w1920-h1080-k-no | https://lh3.googleusercontent.com/gps-cs-s/AHRPTWmyR6uvbGo2OBZ89G2P24nZzTOxETLAD2bvx1L2ENnaMuKliG3MvystEOkTliUYQuJt3_TF9LN1CNyFyaaK20hFur8FfXsv6ZHspwCMTBx_RzcBudYvVLKw4Nn-C4tAcuA5LBP2K-1U1fI=w1920-h1080-k-no | https://lh3.googleusercontent.com/gps-cs-s/AHRPTWlZL9xLYGDU3uyJzk9N-wFf3kViBYj1NbNlHNvwUoy2xauwAXOUiMaObKqllZko7xwkggQmA24wHCO9XkyxjfDAJ5TQo859wVO0ViAwRoBFQzv2F2sX9Uw_RjRErV1-Mw4Rm8W3NEJ3M7g=w1920-h1080-k-no,streetwear,83,2026-08-17T05:05:44.674Z
A,52,82.7,OLV Nguyễn Trãi,Cửa hàng quần áo,"127-129 Nguyễn Trãi, Bến Thành, Hồ Chí Minh 700000, Việt Nam",Bến Thành,Hồ Chí Minh,+84 367 596 592,http://olv.vn/,https://www.google.com/maps/search/?api=1&query=OLV%20Nguy%E1%BB%85n%20Tr%C3%A3i&query_place_id=ChIJ0QG6VxUvdTERPs6BXKaHOtg,ChIJ0QG6VxUvdTERPs6BXKaHOtg,4.9,820.0,False,https://lh3.googleusercontent.com/gps-cs-s/AHRPTWn7GZ9CF2fopgU9YHg1B9Tkg2FqdqayJ6UM9AyDfJMU6nV6NSpXcqWQT4RkP1QGon2S3CSpgmLUSLctEr1LL6ChR58WIzs7gL82_HfZ8Xsq2rQs8A0zZWQhcm15kfXc7FhJtYlbFhywT8jd=w408-h544-k-no,https://lh3.googleusercontent.com/gps-cs-s/AHRPTWn7GZ9CF2fopgU9YHg1B9Tkg2FqdqayJ6UM9AyDfJMU6nV6NSpXcqWQT4RkP1QGon2S3CSpgmLUSLctEr1LL6ChR58WIzs7gL82_HfZ8Xsq2rQs8A0zZWQhcm15kfXc7FhJtYlbFhywT8jd=w1920-h1080-k-no | https://lh3.googleusercontent.com/gps-cs-s/AHRPTWkmmBrkDpAM-4Qhk-AkiiqsFGNTYXrJTMkN1HCi-4S-6jcOg5JH-UEDCMz0IUqwg3X-swVozHf0pJbE_Q9rsqwshhkPbXFntSZmwXG5jnCOCaBxWFrsuwg8zdOpVqaTIkPOidSee5gBFfI=w1920-h1080-k-no | https://lh3.googleusercontent.com/gps-cs-s/AHRPTWnNzu9PcCmuAgoGHhp9e_nUuMSAIANRj7GULXK7xeUc_jPW2bsqa-gNoB4JYcONlJmWHm9C4evFdGK9O4YD136imR3VQWyWEZ1WJm6JxbP1cXHx4MYl4n68J5EKhgJRS0aumZIWHINf3wtj=w1920-h1080-k-no | https://lh3.googleusercontent.com/gps-cs-s/AHRPTWnsZMMTxZwH7qtYnQWPoEgb7_vWifXCOj9Di2gk4Meje2ZxPJq4mLvdp46kIgjJ35G3tEsWkEBj0AzHwbJzu8BeNrNV6sUe1N963GV-g_WBqTHkcFAc9fuRBEciRCse1o-jHmOlQwbAfpKG=w1920-h1080-k-no | https://lh3.googleusercontent.com/gps-cs-s/AHRPTWkxgtLBXxiXUnQbWf8XWEq_mT7iij2L8TQlNLg1VjlU4XTnD5OooeFOB7AkqEX1u7qp03Kl2KTVLrJFbx_qmUPXsMLSVN1oYhqXWWbSvUeIHSZY0E5Ngw-6ZJoAqg3c3wygVjJchxSdxNc=w1920-h1080-k-no | https://lh3.googleusercontent.com/gps-cs-s/AHRPTWlxFfeeqn0sbSWrdeiI80oiE_M5eW89SZFKDyOvcRPT5oYTsyGq6PBkrr7hBYIj272rmtXoBKVGVz8vFq5IQTaB8382xMe6iS3BR4F8i-TjF16toBjeeSx178JoChmVh6kmqHdX=w1920-h1080-k-no,fashion boutique,6,2026-08-17T05:04:52.181Z
A,53,82.7,MYO Brand,Cửa hàng quần áo nam,"48 Khai Trí, Tân Hòa, Hồ Chí Minh, Việt Nam",Tân Hòa,Hồ Chí Minh,+84 968 862 823,https://myo.vn/,https://www.google.com/maps/search/?api=1&query=MYO%20Brand&query_place_id=ChIJDXNvgbcudTERw_cofe0JVSE,ChIJDXNvgbcudTERw_cofe0JVSE,4.5,37.0,False,https://lh3.googleusercontent.com/gps-cs-s/AHRPTWmT3zRcq58-WqN2zJMy5Pxfhua8fdCzIDz8Q8NEKuTvk9bMEa_xPmwyL7Wqh0OAjKVdD4v7G7TGWmGh0UI0owI1TjTzmH0Uisum8tnvexRQkfHRGouJC5hlVbceIQCj4H2y_3S4=w408-h306-k-no,https://lh3.googleusercontent.com/gps-cs-s/AHRPTWmT3zRcq58-WqN2zJMy5Pxfhua8fdCzIDz8Q8NEKuTvk9bMEa_xPmwyL7Wqh0OAjKVdD4v7G7TGWmGh0UI0owI1TjTzmH0Uisum8tnvexRQkfHRGouJC5hlVbceIQCj4H2y_3S4=w1920-h1080-k-no | https://lh3.googleusercontent.com/gps-cs-s/AHRPTWk8GaVmN1qI2I_7WKeWa0qEcDu9RNhtHvf0YbIp4g6F0etJherk0JJr7I4sjTXiUKWSxxZPMVP__YOT5BMMGwAdl-MdUsqgQQkX59dumYDrFHbnjlSj9r27wh0dkI5Sxp59-pcpWg=w1920-h1080-k-no | https://lh3.googleusercontent.com/gps-cs-s/AHRPTWk5l55Pw6501b4JiwA5Grth6wOaSQ4e-oaSZ18d_IKhJvNVyDkVz4gjCSzXbS1U0F76iFNOwLyY4uQIv-hEVgrp4-VJaZtuGeFY_qp3OnbZTo1MmnVMDcbQ_90m760ClyLke0enkg=w1920-h1080-k-no | https://lh3.googleusercontent.com/gps-cs-s/AHRPTWmzWoAqaTRtxOp96ZQ17PhCFaaQ2ErbOEbjRIKmGpeL4Pkl4yFk_w3elCyvbz6H8F0XcNtDIsXIrqwDu4RitFHUhdXEzDkvXj4jH65_S7SXYSfuL4E1I911OMoQnhOKx-tb8860=w1920-h1080-k-no | https://lh3.googleusercontent.com/gps-cs-s/AHRPTWkMYKftqHRMMioeHUStNGASnMaXQ3JGBySoconxlONtxtMIyBjawMDlutRYQZE70IQ7_zK3TnBJ0ZsAEGgHx101L_c50vTQ5hAm71Va2hHEJUfze3hOVn3g8ey6FMbJwpgCVvu6=w1920-h1080-k-no | https://lh3.googleusercontent.com/gps-cs-s/AHRPTWlN58233J3IfpDBkJDNbD8DCXP9ub_wUXWw06bL_tDduJoDD5TtIXGFttw_53J_ElOeQxxgORuYWaOrX9vtHvcNgcZtcZ9boeul835B7wjhh2kYyrGtuYGSRYEJvxdd4aO6OTE=w1920-h1080-k-no,streetwear,107,2026-08-17T05:05:37.779Z
A,54,82.5,Canary Linen,Cửa hàng quần áo,"89B Cách Mạng Tháng Tám, Bến Thành, Hồ Chí Minh 70000, Việt Nam",Bến Thành,Hồ Chí Minh,+84 944 625 784,http://canarylinen.vn/,https://www.google.com/maps/search/?api=1&query=Canary%20Linen&query_place_id=ChIJqSpwFZkvdTERwBEz2tg6scs,ChIJqSpwFZkvdTERwBEz2tg6scs,4.9,613.0,False,https://lh3.googleusercontent.com/gps-cs-s/AHRPTWn7SxtoNjgvY2gFa8gKkJgyATIUoICF--EVijxxjlXzo6P5ck0AnkmhdPZcg1TL1jYNoF0pJrXszuWNOrdP1V5YKh3zk20OLHWE78Y8zfUYk3-wcMwWqEdqrwS5Wux79aXWbNrebpQU8h1k=w408-h544-k-no,https://lh3.googleusercontent.com/gps-cs-s/AHRPTWn7SxtoNjgvY2gFa8gKkJgyATIUoICF--EVijxxjlXzo6P5ck0AnkmhdPZcg1TL1jYNoF0pJrXszuWNOrdP1V5YKh3zk20OLHWE78Y8zfUYk3-wcMwWqEdqrwS5Wux79aXWbNrebpQU8h1k=w1920-h1080-k-no | https://lh3.googleusercontent.com/gps-cs-s/AHRPTWkqVLmb7qXh9_FBo0Ry0hyohst0rPKGAs_kmmCLDEiY_0Y5x4_6GM5Dx3oyGKj1sNve65fr2QRHNucoy5E5IeMW4VltGQIQmyGCER71Ars9AsJtigHGUHZOxUQjkmpdcz4-HcyB9P35TTB5=w1920-h1080-k-no | https://lh3.googleusercontent.com/gps-cs-s/AHRPTWmFA10nQ-xechBODI8Zj5tFR7iHBsQzqjEVNDGifuT0z94_Cf3BwX3iwI-ebUI4D9LcA62cwJJ6SChsZdZlczbGhjPMixAPZVT1LjeEAx7FVFCr8M84_vbBABZNck3k9SRuJzR07mFgC77D=w1920-h1080-k-no | https://lh3.googleusercontent.com/gps-cs-s/AHRPTWlDrEW3OOPhzQZUIh9iPi8eNp2eePY1lLbzi2RgaOLJlqy0gGZ5jUvT225RrhP-OWC12-3sV6OwqGQSQoDFujtK1PJkkXKvqkJYK_7Xc_DBPE3x8dlPoZKg9kRU79nM5GO1BdoC4akzIZc3=w1920-h1080-k-no | https://lh3.googleusercontent.com/gps-cs-s/AHRPTWmOyitf8J71YtfNqwt_hKkJolTh4mxswG9dRf15ScMCX_y4fve7QC5htQKZ5rswjlB3Nbg72KiZsoP8uRTqCIRxVdvpMBQrb9uwglCMxmoVsWRXAVmD63EhkKkYm4fNBvP2upmS=w1920-h1080-k-no | https://lh3.googleusercontent.com/gps-cs-s/AHRPTWldVykIF_jZRHkFSIe3Tz1rCDyLx-yZMwtZ1GJr6n_6AO93-H91ODQtEzB3DfJP0-avyIzwSX5lYXyKOlZnSj5fo1yD4RuRnR78MGlv5lEMT6uj6XLa32x2_NFpc_cQdmuh9VPKXJf68JeM=w1920-h1080-k-no,local brand thời trang,69,2026-08-17T05:05:34.198Z
A,55,82.5,DEGREY - Hồ Biểu Chánh,Cửa hàng quần áo,"24 Đ. Hồ Biểu Chánh, Phú Nhuận, Hồ Chí Minh 700000, Việt Nam",Phú Nhuận,Hồ Chí Minh,+84 775 913 335,https://degrey.vn/,https://www.google.com/maps/search/?api=1&query=DEGREY%20-%20H%E1%BB%93%20Bi%E1%BB%83u%20Ch%C3%A1nh&query_place_id=ChIJr8lH68IvdTERHtgV2rc-npc,ChIJr8lH68IvdTERHtgV2rc-npc,4.8,302.0,False,https://lh3.googleusercontent.com/gps-cs-s/AHRPTWkVeWFOdBkK_FO7W_Ug9HzrEmFWheYCXsDGtdQNjmrsCUcQX5-gqEiDqpBn5syNmxk9bSfFxt0QfSrIrC50-DbhTz9a1rNRpBECHLHSk-VePKh90SNuq1YDx3OF5l0HtMjTKE5r4mXkrjUE=w408-h695-k-no,https://lh3.googleusercontent.com/gps-cs-s/AHRPTWkVeWFOdBkK_FO7W_Ug9HzrEmFWheYCXsDGtdQNjmrsCUcQX5-gqEiDqpBn5syNmxk9bSfFxt0QfSrIrC50-DbhTz9a1rNRpBECHLHSk-VePKh90SNuq1YDx3OF5l0HtMjTKE5r4mXkrjUE=w1920-h1080-k-no | https://lh3.googleusercontent.com/gps-cs-s/AHRPTWmzmepq6HApVz6HmQz7bCIfJvALG7KWtinMPggOeRv5yJfFTFfL1k90_mZOooDQsJJSQ7sDAZYdZFVu0md_uQV4ICmNAt-DsKFgYrusRXMhbEDOhDrIsUz5f9J_iS6WsbGFkjUvz0k7jAFP=w1920-h1080-k-no | https://lh3.googleusercontent.com/gps-cs-s/AHRPTWlwiXvnLZh2_JuNwUF10D-ggL_1t3HBKoUE7GWcRSRZhSs34mYJdPBJ36tU2FXSXTjaSBNBCM6TJ01gquxew2rkw7ywhIAAZEG7dP_SIarQocl0ulBpVu1UYSaHLEZCzxaQNQ716s2Ex-5w=w1920-h1080-k-no | https://lh3.googleusercontent.com/gps-cs-s/AHRPTWki_p8x1ha3vdil-sWQzmgYxZWJNbYLG-WQ9N58HmRkEM-fw8cKweAKCCE3FLPBc7gSJBV-bkrgFlHV6TYOndQlojASosL0DRNqJE-wpXi_ovBbK6nD0lIs2WBAqsBR-MTfxu6ytQ=w1920-h1080-k-no | https://lh3.googleusercontent.com/gps-cs-s/AHRPTWlGzm7XNklrezb4eWUPoeRUUmS-blZj9keIZsEbQec7vQRyxmgc53dmayd0RK58xP3r3gMUmP-dusLMLt7BKf1o6Ywtz1jqWJ0A-icMco7HSI_oJnn-EuvTY7tpM-4LRVIcsKI3cHwAqnVn=w1920-h1080-k-no | https://lh3.googleusercontent.com/gps-cs-s/AHRPTWlyT_CFzqlJfFoKWW_fub3M0QZH_oaSIgqBD9WzS59WYyKyMgv7nRU74qmKhB1Nh17DqbDEUtkwPiswipGvbxLXvrgzRGCwlAf_kMA6EzImLNNYrnwzDePvUfq9d6JqPWFEKKUgfA=w1920-h1080-k-no,local brand thời trang,71,2026-08-17T05:05:29.178Z
A,56,82.2,Lam Boutique Sài Gòn,Cửa hàng quần áo nữ,"149 Đồng Khởi, Sài Gòn, Hồ Chí Minh, Việt Nam",Sài Gòn,Hồ Chí Minh,+84 938 674 998,http://www.lilam.vn/,https://www.google.com/maps/search/?api=1&query=Lam%20Boutique%20S%C3%A0i%20G%C3%B2n&query_place_id=ChIJUVeAbSAvdTERgcTn5GEkYtA,ChIJUVeAbSAvdTERgcTn5GEkYtA,3.6,12.0,False,https://lh3.googleusercontent.com/gps-cs-s/AHRPTWnbSlcWg-_Ek6DVA48r0pqiA4LnuvM2v-b0aqnS9Tnj05uZ5AROD7IuibRE2VpMPqAlHjNYznijGMEleywR-LUv5hRk767gdumF3_kYbxA8Yq5nOKsaBFzWPxE2eQhZgGCUMvBGJg=w408-h544-k-no,https://lh3.googleusercontent.com/gps-cs-s/AHRPTWnbSlcWg-_Ek6DVA48r0pqiA4LnuvM2v-b0aqnS9Tnj05uZ5AROD7IuibRE2VpMPqAlHjNYznijGMEleywR-LUv5hRk767gdumF3_kYbxA8Yq5nOKsaBFzWPxE2eQhZgGCUMvBGJg=w1920-h1080-k-no | https://lh3.googleusercontent.com/gps-cs-s/AHRPTWmUJ22kAvdhnozvM4Qeuqy78CpYMo6qGEAckXCrNTeou4bBDA6ouO_Ij0bEhb2fUuP89qjT-tAWyAytmv73FKChvkmWsvppZ4zGi6xNJ7G7A1A5mn8ZXDrBH0cPJMrGciCNoYnhyw=w1920-h1080-k-no | https://lh3.googleusercontent.com/gps-cs-s/AHRPTWnLfjVlcODpB-NriX5G9Gcqa0KSJznIySW1XgQrE7OIpSefVHmBirwdqsHjJB0w2llbk01NC5PaeCjIVOTDrHnUNytJcDToeX6IEZYfH6XyL21A5XTy24HCkfi7snTrn3SdBaPxUg=w1920-h1080-k-no | https://lh3.googleusercontent.com/gps-cs-s/AHRPTWnWYTxnHn4aoC01BnufjYKuBIr2tn1i3t4esQYzfuKS9sRED4erqFYFxunpkLffbFCpK3KhJgErrn2zY2qIcwweZCC2wwt3HFwrLCOBRmfqVzekt-BDOHks3eULJxR1Pd00odef=w1920-h1080-k-no | https://lh3.googleusercontent.com/gps-cs-s/AHRPTWl3u4A5Ycg6QL9eH8uJDsAIRUPnchIJFqrU8zfhwjWD_HRE7D7zCHZux6ya-SxlnzG4fYHgtKVZ9l6WAKTT-yzE072sOk5XfzPmzt8rw_voVm2qTrLeV9BkVgIWaCfH4jFADN8=w1920-h1080-k-no | https://lh3.googleusercontent.com/gps-cs-s/AHRPTWmUwrIjLe42A9M0fM-xC1rxFxBccp1g03qYHLLKrkafc4Yov1w9xu5WWzt7AKulDR9MIreQhVUbK41w_4_FjkgoyXim2D3CoQSCuuNK7_JG9BE_8YUJVk7VrJAfD_o49eM75IrSMQ=w1920-h1080-k-no,fashion boutique,15,2026-08-17T05:03:13.211Z
A,57,82.2,JU CLOTHING,Nhà thiết kế thời trang,"31 Nguyễn Trãi, Bến Thành, Hồ Chí Minh, Việt Nam",Bến Thành,Hồ Chí Minh,+84 909 904 433,http://juclothing.vn/,https://www.google.com/maps/search/?api=1&query=JU%20CLOTHING&query_place_id=ChIJZ1nAcZEvdTERn0K61_D3Bsw,ChIJZ1nAcZEvdTERn0K61_D3Bsw,4.8,33.0,False,https://lh3.googleusercontent.com/gps-cs-s/AHRPTWmsmfoUtUIqe0-Adowvg7O_C4fwfAGKwRjeKIWkQciXcLE51B2B4xIj54wh8b7HxZGGNr-Fr_GUKn6opKATjTOixfihRcPok0qgHTwqkajUXdXsPriL7joZV7qwRfvgLq3ZSASabkbFXboG=w408-h306-k-no,https://lh3.googleusercontent.com/gps-cs-s/AHRPTWmsmfoUtUIqe0-Adowvg7O_C4fwfAGKwRjeKIWkQciXcLE51B2B4xIj54wh8b7HxZGGNr-Fr_GUKn6opKATjTOixfihRcPok0qgHTwqkajUXdXsPriL7joZV7qwRfvgLq3ZSASabkbFXboG=w1920-h1080-k-no | https://lh3.googleusercontent.com/gps-cs-s/AHRPTWllXbGx0dfzhbAE4T0IbRCRhXohP1BAya_GHuoqDOaeLtdfWX7u1wbQ9Ayw25NzAKUqzI2qYatdz08Ajc2bOQZtLNRWrwXsEKtk5xomFZffWDhQDqgEBmXsfBXrORx9xs9RPkA=w1920-h1080-k-no | https://lh3.googleusercontent.com/gps-cs-s/AHRPTWnl1LEWjsydWIEO9PiozAZoaOwIbudhvM2CF8Nnk3pyKCUBmSA7q5XZ-GlMKKszgWaNDzzYCfq0vi6pumBwEdVuLVHLbjwnMiWsrOi5XMLDF0ws8n9egwp4WA7hseFdrjHQQOg=w1920-h1080-k-no | https://lh3.googleusercontent.com/gps-cs-s/AHRPTWlMG4Gp3RfikfNpQvCiwDvmxUneIvnHnnwi7_OXXjCIOJnBVgnn-XMtne2GRs6Jfegv_0yNR7H7lVGr8bXQ5fPENFFdcMm5r0w8L9bBqbZZRlaJy5svNKNWWvjQGrwgAxqAZI9UVeM6f6kz=w1920-h1080-k-no | https://lh3.googleusercontent.com/gps-cs-s/AHRPTWmiK0IwSu08ksS7YFX2zR509cgR9ma24miYLgba_fd5mZ2F_44WpHfg8rhZ3J8Ljli8_4mEmPKf0l8hjBIXrTkguUHO5yb-5wfzt_b4JdS3CBldXg0wAMPvyPiJcCct3zibGR7m=w1920-h1080-k-no | https://lh3.googleusercontent.com/gps-cs-s/AHRPTWnFPVUSE-QXXkW-leFvvFaqNyUq2tXQI73xV0PK6sU1UgVds5PaKrIinE01MggE1hOiMvSGJVjXXve9kgiGs3wUhkLhLPSvHI2aDkQuegw1SIDHiz-7YiD3GgAbLiXe2Fgun4E=w1920-h1080-k-no,local brand thời trang,76,2026-08-17T05:05:29.059Z
A,58,82.0,Thỏ Tây Gò Vấp,Cửa hàng quần áo nữ,"509 Quang Trung, Quận, Gò Vấp, Hồ Chí Minh 700000, Việt Nam","Quận, Gò Vấp",Hồ Chí Minh,+84 933 983 743,http://thotay.com/,https://www.google.com/maps/search/?api=1&query=Th%E1%BB%8F%20T%C3%A2y%20G%C3%B2%20V%E1%BA%A5p&query_place_id=ChIJIyuLuwcpdTER1jKJ08nGefI,ChIJIyuLuwcpdTER1jKJ08nGefI,3.4,109.0,False,https://lh3.googleusercontent.com/gps-cs-s/AHRPTWmekypGvqKPFWyDjBDOyudQj8bgfu1aCcv2kNt_XUqjoEuBmpas3v3r09EWAAXyIdX2KSiufXjKtOf795pdsDKDjXnrZYnGeXjVHIClF-yS7n5ckpmVroSiSlvdP-Ar7775l64VP54XLa3v=w408-h340-k-no,https://lh3.googleusercontent.com/gps-cs-s/AHRPTWmekypGvqKPFWyDjBDOyudQj8bgfu1aCcv2kNt_XUqjoEuBmpas3v3r09EWAAXyIdX2KSiufXjKtOf795pdsDKDjXnrZYnGeXjVHIClF-yS7n5ckpmVroSiSlvdP-Ar7775l64VP54XLa3v=w1920-h1080-k-no | https://lh3.googleusercontent.com/gps-cs-s/AHRPTWnCCfcsy0R6JhdrbEgr9rZTrlsiOYfOiu-ItquY37OeM0Pkyh1udyco4yg3yI_4eoWzuspHCV7i5TMgHQGKOJCyY36bc5s-vD33K3CANBEmqIXnqWv62Jo29Z45ks7kTm7nYwBcN_Y8KE9v=w1920-h1080-k-no | https://lh3.googleusercontent.com/gps-cs-s/AHRPTWmfmqb9SiCK5HhjKOKa_E3n0P2KVFMgycVHZQ22do6ocP_hzU057fBEVzmcQb3ExwuZocGfiH6-dPMsaGZna8JTq56EFS8wnmztiGEZiQnB5kJFGKZaETydJ5i91j-x8_ufLBfHkQ=w1920-h1080-k-no-pi-0-ya5.9999914-ro-0-fo100 | https://lh3.googleusercontent.com/gps-cs-s/AHRPTWmmqWD5hKGMXtWuR0xBv8KirDlXjgibRWRlYTHBNQwPCBMckkVucJR8swjfmfy9ENsm5sezhwKJDjQ6hMhT5f5DnM8v8fEVzQJOxKHOpaoIaUzYqGW__SvnBdZzu2OuPK4IAU_kiOTAIkq8=w1920-h1080-k-no | https://lh3.googleusercontent.com/gps-cs-s/AHRPTWkLnKXSt1Ok9uTdtP2gZZlev9Hmnhl9I75iSYC_U5Autm2SNwF4OZZA16cMFiQQVr4uBN80pbdfIuJ95W41B02i4QIOd1FfPCNPJ7w8XPKfve6XQiUc2bawvSF9Gc4LRowA7Bd31Q=w1920-h1080-k-no | https://lh3.googleusercontent.com/gps-cs-s/AHRPTWl_hyHYGonvcs3UnBsvFCq1Fx_1dwroJSb-NixFIMPy3d-gJsgGcOH6AQeTMFRcZRv7Fr1NpgBdaqrOvo3RQL0Rs0DbMlSEOcnHaziEVJZY3CqZ1_CPs4jBy7mEXybcY5l8GC9r=w1920-h1080-k-no,fashion boutique,59,2026-08-17T05:04:56.444Z
A,59,82.0,Local brand HAVE FUN WITH THE HOMIES,Cửa hàng quần áo,"72 lê thánh tôn quận 1 Phường, Phạm Ngũ Lão, Quận 1, Hồ Chí Minh 70000, Việt Nam",Quận 1,Hồ Chí Minh,+84 938 999 663,https://havefunwiththehomies.com/,https://www.google.com/maps/search/?api=1&query=Local%20brand%20HAVE%20FUN%20WITH%20THE%20HOMIES&query_place_id=ChIJ1ZAVhJeFdjERrD4ZQhhAB_o,ChIJ1ZAVhJeFdjERrD4ZQhhAB_o,4.9,163.0,False,https://lh3.googleusercontent.com/gps-cs-s/AHRPTWk9Cro2EX88bSAQchH4XyR5BkFld1DQJw6M0Ppo223kDZcPJITXdOVYwULs4zH85aekvpWn1uljIaKD7OQMe4bdqadAyh0vT6ZowmvHRJh2K3L7qB_JPYpdC_X8mlSFH9UTatU=w408-h408-k-no,https://lh3.googleusercontent.com/gps-cs-s/AHRPTWk9Cro2EX88bSAQchH4XyR5BkFld1DQJw6M0Ppo223kDZcPJITXdOVYwULs4zH85aekvpWn1uljIaKD7OQMe4bdqadAyh0vT6ZowmvHRJh2K3L7qB_JPYpdC_X8mlSFH9UTatU=w1920-h1080-k-no | https://lh3.googleusercontent.com/gps-cs-s/AHRPTWkOZ8IWjGUcM_jjFkzj16rKac1hdbZRvE1ZMUTckVmbusF5UHzWedhOowYRwiQo0plc1D3A1pTiWiZ6Gsc0VanS_sdIrm7BUT78UYg4Feul4zbBZy8n6HXnNtWSNMNad-FkGvbp=w1920-h1080-k-no | https://lh3.googleusercontent.com/gps-cs-s/AHRPTWktosyEA0C7VNTEyZiK_zwCb4YEMKeZ8gLzLrzwo5tGeC79RLrGNHeGu4jBJHbOGXdwOBAMahiWj4WbfrJnWljwflwo8-EYwi4P6Kb6VQbvvP0kvy_sWR3vGM5J9QMVLRceDMLWxTpZ_fY=w1920-h1080-k-no | https://lh3.googleusercontent.com/gps-cs-s/AHRPTWkShqZnCGrJibrLiZHUYwl1ydMg2LPMubpIHVlSBvDi4WtFEg3RCi_ZWSJSrDyCgbIS125oxXQg21CelvRocMFOW9Cjl6tFBNXnjDvBjGqImKxtLUk38ozraw5yfGhSMi5ZY-NaFC6hGHh_=w1920-h1080-k-no | https://lh3.googleusercontent.com/gps-cs-s/AHRPTWmk9m-nvrXuRBrHgMMop073eWvYTdRWveIV_og24Ebd87WMj2o4UzQXIN5sJcGthDCzzckLF4urEH_Jmu_JtbfEpCDscsfc__L-XXIu1DNVQWxjBcOw7J-Pn8S-PF8KPeFSFHvdjzJfoX4=w1920-h1080-k-no | https://lh3.googleusercontent.com/gps-cs-s/AHRPTWnK9kiNsHxTZeHovk25NRfPipHkDT9oJwbI_btjQM88jbdBdAJEvrXo4lQ4gR62lfJxEQR8cgC08VKupWCPNoYipxWs8T3ws_BpfeImblKcf-yIRnSg3wRGXhtId-GCOXuMzPvGBrCeUz9D=w1920-h1080-k-no,streetwear,20,2026-08-17T05:03:01.161Z
A,60,81.8,FNOS,Cửa hàng quần áo,"150/35 Đ. Đặng Văn Ngữ, Tân Sơn Hòa, Hồ Chí Minh, Việt Nam",Tân Sơn Hòa,Hồ Chí Minh,+84 785 485 789,https://fnos.vn/,https://www.google.com/maps/search/?api=1&query=FNOS&query_place_id=ChIJJ6i6uwEpdTERDEZdV2SSq0o,ChIJJ6i6uwEpdTERDEZdV2SSq0o,4.9,682.0,False,https://lh3.googleusercontent.com/gps-cs-s/AHRPTWn4drxAQhLm1tfmEOcJEllIhkPRGQOvquyYjvtJeP1eCvKupfQUm362UMLWqsnxL4a5lwfbK1yPFBkImm683tPCxW7L-pTBCqSD7cenOsJWvNUWtUR8tSbiNQ3dL5-WQlOxlyHS=w408-h544-k-no,https://lh3.googleusercontent.com/gps-cs-s/AHRPTWn4drxAQhLm1tfmEOcJEllIhkPRGQOvquyYjvtJeP1eCvKupfQUm362UMLWqsnxL4a5lwfbK1yPFBkImm683tPCxW7L-pTBCqSD7cenOsJWvNUWtUR8tSbiNQ3dL5-WQlOxlyHS=w1920-h1080-k-no | https://lh3.googleusercontent.com/gps-cs-s/AHRPTWmnuY6-JeGDae8TBS1TrvJWUAkn0W2YKC40IIieZ2ytqW3kOBxyJCt_I-pEzRFOjSZv_7_MAgfaJyY3MlO3WDahcFqeYgFDYvH1gwcRu52uHt5ksxNyxuknth2E-Df-RVSpbpI=w1920-h1080-k-no | https://lh3.googleusercontent.com/gps-cs-s/AHRPTWll_lY3T6y-4NJaAt5WrfRKlMUSaoUsTWL-fmiCZGkW7KpM9cESTC3U3hOtWG9vvONwOTIdsL3Nx5fHrU9knRhrQPSGBnBwl46id6LaQVtapitKpMD6lJl8vOUuTqoVuPLNIuPZ=w1920-h1080-k-no | https://lh3.googleusercontent.com/gps-cs-s/AHRPTWlGBx32wjAKTPP8NbHPFwYDsmOIeGE_H_61tpBjOeRMQdn68VPU4CfO8HnxpZlFfg65NO_ArIxXTP3Od8ZA1fzJqLk6RCnylCMFheimmw17VpEFArDZCV-LdGf3bIsMY_PdKXE=w1920-h1080-k-no | https://lh3.googleusercontent.com/gps-cs-s/AHRPTWnpVfbqPSUKVrYUBDCsK3nC_-7auzPKfXs15U8gy1_Ghkrzy-CW05dYGNH2_gr9wl6qhQYpJNSi-UKbpIoGWOMks4l1pIDesWh1wb5a95F6VfzreQpkkPQzBvlu-f0IvJ9-uw7dtw=w1920-h1080-k-no | https://lh3.googleusercontent.com/gps-cs-s/AHRPTWnfDDRG_4NFdhpUZsVwNTJAoElo4jqCK91xLgW4912Y13AZyHpnGewWSrgVWmxmRJGGvViiL43bR8ftcTcc1RlxEHsCEPn27pLrw4Kg3Y0oe6KRN4PrHLyM_uxjvCc9kWZtcNnKS71iRsk=w1920-h1080-k-no,streetwear,4,2026-08-17T05:03:11.332Z
A,61,81.6,VANIA BOUTIQUE,Cửa hàng phụ kiện thời trang,"8 Lý Chính Thắng, P, Xuân Hòa, Hồ Chí Minh, Việt Nam","P, Xuân Hòa",Hồ Chí Minh,+84 909 335 035,http://www.vania.com.vn/,https://www.google.com/maps/search/?api=1&query=VANIA%20BOUTIQUE&query_place_id=ChIJg2uqliQvdTERSkc8A_MP-qA,ChIJg2uqliQvdTERSkc8A_MP-qA,4.9,80.0,False,https://lh3.googleusercontent.com/gps-cs-s/AHRPTWmI7_vCuW8xRvgeui4qW3WGzBnMW-sTRu7q--545KAOsVvLQGfEt7HDIrLUxmdBUdDqctKm_kjYgpIDaiYpwMcgE2nJLFvFYvFFT50xn4wbZ7LpJxvD5bLnBX2S1YSRteR5e7HEBhsHLF8=w408-h544-k-no,https://lh3.googleusercontent.com/gps-cs-s/AHRPTWmI7_vCuW8xRvgeui4qW3WGzBnMW-sTRu7q--545KAOsVvLQGfEt7HDIrLUxmdBUdDqctKm_kjYgpIDaiYpwMcgE2nJLFvFYvFFT50xn4wbZ7LpJxvD5bLnBX2S1YSRteR5e7HEBhsHLF8=w1920-h1080-k-no | https://lh3.googleusercontent.com/gps-cs-s/AHRPTWlgcbxeRPEgFrlAdqCJfpal8gHM7LrpAt1_x78IHLOtwC6MX_6r5XbOk6RCQMf8Mc872jlFED0oasuHgHdrmMDPkoPDBHC-yZ1gRf8z59IvzoJRZa6yfvJ4_tUGq0OfBomId0ppkAUfTLdv=w1920-h1080-k-no | https://lh3.googleusercontent.com/gps-cs-s/AHRPTWkTLs2Qbos_yIWCdmW82pSSW3xJbJMGSgx8Y51ak4i_BmIB0etKJmL4W39m8kmenbDEWBInpGrBHKD_WYrjOSKwzgd2cmcipQkmL93tLnWkce1RU7t1GH-V8mpvHJ50s4eg6to078m4VOuq=w1920-h1080-k-no | https://lh3.googleusercontent.com/gps-cs-s/AHRPTWmLfcUUvq2ykxd0SB-wlwK_aL8CH-WWzKId1_UFTuh1tQrKwnGN0QtJiH1HtWXBjfxrVjhqIvwLlFTxQuoZ5u-LIQ6Y4kV4jy-jPYl-8_Rb8Hs976pNi7FogNd8mwUHmuyYMiBKeRlHS7du=w1920-h1080-k-no | https://lh3.googleusercontent.com/gps-cs-s/AHRPTWmNzrw2YqiU_gGaMewH5fHbZ4XO97K-umJXxTYIkefKvDVTr7motQfr6c5wOYy8z8BfSy_eFIQBa3SU8-HT9aLGLy2kb1OAPHPWzJ6H3e5Hgbke0B3NHQ5LR25_dA1lXi5cxLbHPgQTdsR5=w1920-h1080-k-no | https://lh3.googleusercontent.com/gps-cs-s/AHRPTWmk9l2oC2AfYr4TbuA9XruwLUpnS1KYJ3yJj_vQwrpdFDL8i0H2UaeS-wyU00kAZfQ0u2rgDrYf4Tsaig5NlEZrzJM6K-rHPQWq1bb1etYANKI27QcjxIgunMch37Cu3qXkyev4iw=w1920-h1080-k-no,fashion boutique,8,2026-08-17T05:03:35.292Z
A,62,81.6,MOLLYNISTA,Cửa hàng quần áo nữ,"341 Võ Văn Tần, Bàn Cờ, Hồ Chí Minh 70000, Việt Nam",Bàn Cờ,Hồ Chí Minh,+84 582 551 120,http://www.mollynista.com/,https://www.google.com/maps/search/?api=1&query=MOLLYNISTA&query_place_id=ChIJrRcebkcvdTEREuk3VIGmSNo,ChIJrRcebkcvdTEREuk3VIGmSNo,3.6,50.0,False,https://lh3.googleusercontent.com/gps-cs-s/AHRPTWmMHTcOKoko34Qlh90gnjlKhWvNfSlnxO3cFOdlhFgC-yHiCGKw9Glsr4MOzFU7lI4_0yjqozhMCtIyfqhaje9t-OBqFM2IQ8gmDOLylcO6CEkDvROiIKIJ-rX6nHYkNthTkqKU=w408-h408-k-no,https://lh3.googleusercontent.com/gps-cs-s/AHRPTWmMHTcOKoko34Qlh90gnjlKhWvNfSlnxO3cFOdlhFgC-yHiCGKw9Glsr4MOzFU7lI4_0yjqozhMCtIyfqhaje9t-OBqFM2IQ8gmDOLylcO6CEkDvROiIKIJ-rX6nHYkNthTkqKU=w1920-h1080-k-no | https://lh3.googleusercontent.com/gps-cs-s/AHRPTWnjX9F5LPoxEEgscW5Bw7KTXKRJJL8XYyu2T5gXUQf0YzQCeK_Hf1tV8NJ5IISl7YfjfhuQgefW8YoLufsqg6-GyOAhxc4Aun3t6B5JKzidJqiinnd8njz8-vmItczdSDg7biIDfKZGq0QT=w1920-h1080-k-no | https://lh3.googleusercontent.com/gps-cs-s/AHRPTWnnpoXt2oAf88kWFWgURp2S_EAfvdmcHDDSqjF_zJY36RmepZSebEgU1ZSD3GkZ-vkbhxDLgap16n-UFlhbsztsULK9Y3sBYQCmfMu074b3UzztGsyckiQcJ_DOE47Cq8ZjJlVVXBSCn5rK=w1920-h1080-k-no | https://lh3.googleusercontent.com/gps-cs-s/AHRPTWlr6KJq9kh0IgxgV54MBgP6kWrl1BRqyT0SgVTLFKgaoILjrpRf1BDfOulvn0kUYh3ZiK-brEoFcggCqaSynlLUr4B5qD0t0KlXns1OQ0A3pdjyZqDNO5ZUuCEQfJEUuGC9vW9Yis1EfPM=w1920-h1080-k-no | https://lh3.googleusercontent.com/gps-cs-s/AHRPTWlnBc_Nae2h33sK9bK9dW7819iQPYrvR5WcyTAYQu9xvXUe9PaNd5MnCgzqOYq4Cg0iyFv_z1kKG3hA8b-QLXK29cLWE9X0RaCYH9cY17sYzGc-3EZUm7lCAsztDRGHFjyOIHNnshiEXv_X=w1920-h1080-k-no | https://lh3.googleusercontent.com/gps-cs-s/AHRPTWn8d6SOQgXswBjqUy4GqGoW8W55DF8FWBIhm1fU8HZhVvPqLXIfSwGA8hViOJQR1MvgIcXKr-6eGUzCvF34Xw9K20uW0Kk6D2Tr3-cI6z_fCwVqmliHggFatFNb8V9DVaYWJycJItdgJ5M_=w1920-h1080-k-no,fashion boutique,68,2026-08-17T05:05:14.269Z
A,63,81.5,Grimm DC,Cửa hàng phụ kiện thời trang,"Đ. Kỳ Đồng, Nhiêu Lộc, Hồ Chí Minh 700000, Việt Nam",Nhiêu Lộc,Hồ Chí Minh,+84 988 419 100,http://grimmdc.com/,https://www.google.com/maps/search/?api=1&query=Grimm%20DC&query_place_id=ChIJ6QgLcmovdTERTJYoF2u5o4g,ChIJ6QgLcmovdTERTJYoF2u5o4g,4.6,124.0,False,https://lh3.googleusercontent.com/gps-cs-s/AHRPTWnUlzSQjm_cuw-oM_64LTS4OVh8cGA2K075QSXWG4JHPyNvMLaZWeS0qZMuQMRqNXG5Om2MTATCPgiiNhfOYpQuZ0GrtKKxMr2BwNQl8l4OTx2vMV8Lvcg4VzYfsDjFY9Gr6sghFw=w408-h408-k-no,https://lh3.googleusercontent.com/gps-cs-s/AHRPTWnUlzSQjm_cuw-oM_64LTS4OVh8cGA2K075QSXWG4JHPyNvMLaZWeS0qZMuQMRqNXG5Om2MTATCPgiiNhfOYpQuZ0GrtKKxMr2BwNQl8l4OTx2vMV8Lvcg4VzYfsDjFY9Gr6sghFw=w1920-h1080-k-no | https://lh3.googleusercontent.com/gps-cs-s/AHRPTWnc-w9QOqisyUVPCLwEMS4TdOXEPGSA_cgKOErRcZrNa_vUzb1UdpvlJstvkEZH3DM5gzrvkMuC14SvoM-1amVpkXkeBNy_eJFrhFZfgYoQ057Kf5E-mw3CJQ4hT76cxlKF9UUk=w1920-h1080-k-no | https://lh3.googleusercontent.com/gps-cs-s/AHRPTWkyLbvx2XAGIpR3fwo79NoU-HUyfcCR4kEt1mA7TI-7gYPeQS6jSk3ffiHmkaO3BRljIl7i5BsQWRpEZk61XRBfqfCfZNizCrhZodePLnWreL0Hi1JWQxC0ApYOiSE9pGv6o3A3=w1920-h1080-k-no | https://lh3.googleusercontent.com/gps-cs-s/AHRPTWkMr1ey_Z5Zks3Q_ryCzUAX0gOs5IW3UfpA5DJXDwpx0iaJ5UxkIFbzkYYaLUNoIRvL0091wQe1fripz2q8M5wW4zhBYZJ3ia3MydMvGeBHyvfEm22-973siAnlUHkC2aWc5mVEaw=w1920-h1080-k-no | https://lh3.googleusercontent.com/gps-cs-s/AHRPTWluMLx7kfRHaDro_raw6xgHVNF0Qo0aW6LORvphPOegcN8sBIYgpFbCxMQt7OWEYXEYWKz7d5XHUC8mHF5e0SK3bQtJlXKrI8-P1zGShl7xqJCDuz7YG7dl4Dp5q7-PikS6bX4q9w=w1920-h1080-k-no | https://lh3.googleusercontent.com/gps-cs-s/AHRPTWlQWQt6zx9qooGRXxouzyVcSIfgL-bs8N4EbcOkn09fw5BjAna_QhBqrpSqzXjZ2OeQ_C-i1GCcouBKjb36gS7hAhR55S2eikq0sfe3IBtcndzvpZ1UEDE7M9aXP9mqAFxc4_jiAQ=w1920-h1080-k-no,local brand thời trang,9,2026-08-17T05:02:30.899Z
A,64,81.2,HARDY BOYS ® | Vietnam – Minimal & Versatile,Cửa hàng quần áo,"386/7 Đ. Lê Văn Sỹ, Nhiêu Lộc, Hồ Chí Minh 700000, Việt Nam",Nhiêu Lộc,Hồ Chí Minh,+84 938 483 926,https://hardyboys.vn/,https://www.google.com/maps/search/?api=1&query=HARDY%20BOYS%20%C2%AE%20%7C%20Vietnam%20%E2%80%93%20Minimal%20%26%20Versatile&query_place_id=ChIJq1NAwWgvdTERngIpnrA6Sv0,ChIJq1NAwWgvdTERngIpnrA6Sv0,5.0,574.0,False,https://lh3.googleusercontent.com/gps-cs-s/AHRPTWnvG_sAcWZ3uDLIEGtk3ddBqnzCvXwYdoH5UPqUQboKAO3dnFd_XtBpVA3GvfHlVkHZH7TCJcuzQqRx_6athYNusaiHLh4Cxnkn-Ixnkvmvq6udlDXzNi2nfJMc_YHaUNUjHD3kNqco4MRv=w408-h544-k-no,https://lh3.googleusercontent.com/gps-cs-s/AHRPTWnvG_sAcWZ3uDLIEGtk3ddBqnzCvXwYdoH5UPqUQboKAO3dnFd_XtBpVA3GvfHlVkHZH7TCJcuzQqRx_6athYNusaiHLh4Cxnkn-Ixnkvmvq6udlDXzNi2nfJMc_YHaUNUjHD3kNqco4MRv=w1920-h1080-k-no | https://lh3.googleusercontent.com/gps-cs-s/AHRPTWmOLxZIBpB1tKf718_rVLXOYfiVDsWHsTwkV2PwzOKjv7y7M66tQ9W3EZoglNbES1W4xQ9v-nxhKoGrPL-xscOZaBEeyRn1zWyEMGw6Rl-7kcipLK96oaRKeQFQM1kOYjcMEPkOIlnkk_jO=w1920-h1080-k-no | https://lh3.googleusercontent.com/gps-cs-s/AHRPTWkY9nqZ2Wk1rXjSLgyvrgj38QswmcDGV5rbiPaFh310owzuIU0Tenc6lMB15BXQR76Xzvte3fs4xMDli_IMNeFSTJwsNPHLstVuabNIgH8HCKO5lSWB0plp8MZXexNc3bDv2Pv_5CSpENk=w1920-h1080-k-no | https://lh3.googleusercontent.com/gps-cs-s/AHRPTWm_zIcq3fDHjci5nFGXKluVIYGOn_38c1-fUw65emUJ7swK2pYFXNauR_6d8nt8JBeCBLM72PRdU8ylAM7LhL-0BUPo4tGRpGJUdChUBY2sUK5wedtPHZWNYVDZGEWwdeeZPBMaPXd1LLj9=w1920-h1080-k-no | https://lh3.googleusercontent.com/gps-cs-s/AHRPTWn8mcMnYWSZ_XQkEeiObDpBKWCMDiN2dgrt5x1Xh24qM1H7Uy8_rkyLtXPXOewrWRkfKSkbJxNOMpMYfCaSsxrIt5lIQmkDJyIEtwZ14YeslXtxHobvkVuenga0phsFBw6o4BqUhhha4x4=w1920-h1080-k-no | https://lh3.googleusercontent.com/gps-cs-s/AHRPTWkyiSQi3y0TxKrKM-uwtupzUPTrve9zESUKFHSu9x6r6b_xjZ3shxe0ZUE8qBEsUjTV-6zZKeMyQwQbDqIx5h0_mX1Lsufg52h7WWRyGqljOK5zlLnBTdcte39lsVQSvYHPCTcsRwv6M8Ed=w1920-h1080-k-no,streetwear,15,2026-08-17T05:03:03.896Z
A,65,81.2,STRESSMAMA,Cửa hàng quần áo,"214 Hai Bà Trưng, Tân Định, Hồ Chí Minh 32000, Việt Nam",Tân Định,Hồ Chí Minh,+84 347 687 003,http://stressmama.vn/,https://www.google.com/maps/search/?api=1&query=STRESSMAMA&query_place_id=ChIJO02YB2IvdTEREDo8PpB98nA,ChIJO02YB2IvdTEREDo8PpB98nA,4.8,711.0,False,https://lh3.googleusercontent.com/gps-cs-s/AHRPTWneCyIN70PmlWgcGZNREondWK2CKSSdNxtSFzwmKeOHAKpqLo_1J6LlInsIjy8BtGnnuVsCavzBhtxhL1fQrQQNeFZ9zrddP_2wzjDfwJ90jO_kh74_VjjN4_b3bgx7kmdLpmuoPLkDmcNp=w408-h725-k-no,https://lh3.googleusercontent.com/gps-cs-s/AHRPTWneCyIN70PmlWgcGZNREondWK2CKSSdNxtSFzwmKeOHAKpqLo_1J6LlInsIjy8BtGnnuVsCavzBhtxhL1fQrQQNeFZ9zrddP_2wzjDfwJ90jO_kh74_VjjN4_b3bgx7kmdLpmuoPLkDmcNp=w1920-h1080-k-no | https://lh3.googleusercontent.com/gps-cs-s/AHRPTWkg_Dtl0ixO_zC3K0MtLj82gfyICKpKkM4SIX-3K4SyOVIIYboqynRMsiTMw6z1kuRLVZn_rMQdBttVSY9Rrh7APlWz2p1zKSBUDgvHHnPXbEbWGzJ5sqLxmRh80TTZncNt6jUXEBkJEx3R=w1920-h1080-k-no | https://lh3.googleusercontent.com/gps-cs-s/AHRPTWkr3ddHQbAZctsuecK1rXE23235unOW91DGNovguTp0gfyqEugWZFfPl3DbVOxQ152wgAuHISv3xHa18tP4d-O70CsLBrNd4iTIKCVtThXExdhs7ZKgCAlaZpeByusbl4S2yKpHhfEbNISJ=w1920-h1080-k-no | https://lh3.googleusercontent.com/gps-cs-s/AHRPTWkYdPjeYkfKaDROPzQvLCIuTbDBjfAd73L5-hc0whJHPvzlGUykEVzCpsbu9WzUBhdhvLjfbSSO3zuhKpgfZ_t3rcKbFRYylTFapGXO9jxl-1c62h93I1KTcSzmON4oWU0Y64lSlGvZCc8=w1920-h1080-k-no | https://lh3.googleusercontent.com/gps-cs-s/AHRPTWmy5LdoCP5VPklZmUw7ed0Nrzw2s9Q9r8nYqDE22EdA5Li96E699TWczsoshUEwJFEgComFRC_PX_5jBJw2DmmtnPJoD9EkB0T-w5_xUB2fry8UtPw4JvEFrwFuX9obnm4NYeqsZbLr7dpm=w1920-h1080-k-no | https://lh3.googleusercontent.com/gps-cs-s/AHRPTWlJks_TMaHiJTZLSFp1lFzi3F2XvIpLXXpjKRGOSfbhx7Q-HNgDh_nWqwAkaRlLoBUiZq3Q2aphd8QoJqZsEodfFw6VoaoM_R8-_XbaaRgAkmC2cO9X8Kvi80QFfehLn_Dj68kgOt4qSXM=w1920-h1080-k-no,streetwear,16,2026-08-17T05:03:20.438Z
A,66,81.2,YODY 172 Hoà Bình,Cửa hàng quần áo,"172 Hòa Bình, Phú Thạnh, Hồ Chí Minh 72015, Việt Nam",Phú Thạnh,Hồ Chí Minh,+84 859 819 258,https://yody.vn/,https://www.google.com/maps/search/?api=1&query=YODY%20172%20Ho%C3%A0%20B%C3%ACnh&query_place_id=ChIJhVjzF84vdTERmawiHulSUlM,ChIJhVjzF84vdTERmawiHulSUlM,4.6,351.0,False,https://lh3.googleusercontent.com/gps-cs-s/AHRPTWmVdi0TwxJPnEc5su8-rlOUij8glZ44BXxzDlHSFb9kOqJph5fGMKhDCJqUqC_ZFT9G7kkXyDx7Oph5TpEgbDWKOSuapgBuAIQgu3bVfWhwYFUXgZtWRwwdIgKngID4xNd2alLcgu5SDuU=w408-h306-k-no,https://lh3.googleusercontent.com/gps-cs-s/AHRPTWmVdi0TwxJPnEc5su8-rlOUij8glZ44BXxzDlHSFb9kOqJph5fGMKhDCJqUqC_ZFT9G7kkXyDx7Oph5TpEgbDWKOSuapgBuAIQgu3bVfWhwYFUXgZtWRwwdIgKngID4xNd2alLcgu5SDuU=w1920-h1080-k-no | https://lh3.googleusercontent.com/gps-cs-s/AHRPTWluN-cxD1F3gdI9ElZgyHhv-jg6wQuLbJEI3Fpnmyteadldhh17cflNv5evPGEJ9sJq6D3zhxNJwH0D8GhDRGxQdkqsIYp4GjobmnSAvr6kP4bQ-jsWrmp6KhzOXksPargICA=w1920-h1080-k-no | https://lh3.googleusercontent.com/gps-cs-s/AHRPTWkcmtt3BxEOyUaVoU5I5OQ_6mnuQA2HqOqoOt90S1N5lpOq2NW-8BeYFj5biJEVGVccJhhnPBN-ERreGOkQNxK_Um3XSPjj6NIfSLZuos9rz57PhJEUYAwwGyJne4hGsZO3C5SXZzsrNrL3=w1920-h1080-k-no | https://lh3.googleusercontent.com/gps-cs-s/AHRPTWnokIiRCfK6OfYe_fJ7jl6kYIe8JbXJH7HR2jsXAubbGdnMTbF_XQFpUaLK4wA4vH0hT8Jr68IqiqbFPw-KHwYX1ltFUVMlJjY0beyL5-DXkAvEO00WSrSy75j1Ty7x2m9kuWZL=w1920-h1080-k-no | https://lh3.googleusercontent.com/gps-cs-s/AHRPTWn16sgFablIy_KjFDi5cnDbGgCLZwZDhwjK2aeTbAB56QaGVOmsTWcLwTrLpsdWxHYezovWbu1BVyOj3jzIe7-sVw49lqgfF23ooiL3Iupu9hMDrvByiXl__SH_XelAbZ_cSCJqptltRApG=w1920-h1080-k-no | https://lh3.googleusercontent.com/gps-cs-s/AHRPTWlXxzywnId5jxVPq7QajyfoWzrEoLeWMHdbVwB_XyxOytSZ7l95AhYg0Y7un-aSV-yNxllPsLCl8aphFawJZ32wpcVZr7d4DloJ8ELfJBaeeI_SHQ3wMUF_xmXbxfF6309iaYpG61pOO_-_=w1920-h1080-k-no,shop quần áo nữ,96,2026-08-17T05:05:37.133Z
A,67,81.2,Thời trang công sở Dịu Hiền,Cửa hàng quần áo nữ,"2 Đ. Nguyễn Văn Lượng, An Hội Đông, Hồ Chí Minh, Việt Nam",An Hội Đông,Hồ Chí Minh,+84 903 130 380,https://diuhien.vn/,https://www.google.com/maps/search/?api=1&query=Th%E1%BB%9Di%20trang%20c%C3%B4ng%20s%E1%BB%9F%20D%E1%BB%8Bu%20Hi%E1%BB%81n&query_place_id=ChIJeduDP6svdTERYMMl37_pn3Q,ChIJeduDP6svdTERYMMl37_pn3Q,3.0,1.0,True,https://streetviewpixels-pa.googleapis.com/v1/thumbnail?panoid=nDWJhK72pz61DH8Du6MunQ&cb_client=search.gws-prod.gps&w=408&h=240&yaw=24.446487&pitch=0&thumbfov=100,https://streetviewpixels-pa.googleapis.com/v1/thumbnail?panoid=nDWJhK72pz61DH8Du6MunQ&cb_client=search.gws-prod.gps&w=1920&h=1129&yaw=24.446487&pitch=0&thumbfov=100,shop thời trang công sở,17,2026-08-17T05:03:41.726Z
A,68,81.2,YODY Nguyễn Thị Thập,Cửa hàng quần áo,"495 Nguyễn Thị Thập, Tân Hưng, Hồ Chí Minh 72915, Việt Nam",Tân Hưng,Hồ Chí Minh,+84 886 332 258,https://yody.vn/,https://www.google.com/maps/search/?api=1&query=YODY%20Nguy%E1%BB%85n%20Th%E1%BB%8B%20Th%E1%BA%ADp&query_place_id=ChIJ7ZW7SHIvdTERdieUBrn8s4k,ChIJ7ZW7SHIvdTERdieUBrn8s4k,4.6,537.0,False,https://lh3.googleusercontent.com/gps-cs-s/AHRPTWkMT-7njf3ewkitPhXe6NJoQ83av_Z2obBnKSRzg6pdgAkFnBNB6dbimk6BVqj2ltVVrBSS9qYXrGJO_fVFKpuijpJXs4S2xoM6FvaWtpo-MrSiNREk2pfuVngjFEP-59Sk1Ldgl5YJq-uP=w408-h544-k-no,https://lh3.googleusercontent.com/gps-cs-s/AHRPTWkMT-7njf3ewkitPhXe6NJoQ83av_Z2obBnKSRzg6pdgAkFnBNB6dbimk6BVqj2ltVVrBSS9qYXrGJO_fVFKpuijpJXs4S2xoM6FvaWtpo-MrSiNREk2pfuVngjFEP-59Sk1Ldgl5YJq-uP=w1920-h1080-k-no | https://lh3.googleusercontent.com/gps-cs-s/AHRPTWlHORc7Qbf4X02ht4ivEMvzWoTxHcxCLh4wyY6OKsIpv4kUPDVkf9QRkxSl5UVu97NdAUCNy5YBaCwP8ZUqUytBC-FT9oT8mFnqwddb1ZZE2dSqvHNP6TZNuVHp5VeMG-xs7WUj=w1920-h1080-k-no | https://lh3.googleusercontent.com/gps-cs-s/AHRPTWkg-k9Cz3qkTcJpWLdtH4OhJhFL8vtuGt8JhGn93E1xOaOG2XhmwkzxAScVmwhV3ZVwE6Vu_VtIpbP--gxDsOFzCJk6v7B2M-Xv2PIcV3ak27c1y5M-57PT4EonNozP8QZbUViF8g=w1920-h1080-k-no | https://lh3.googleusercontent.com/gps-cs-s/AHRPTWnf2m0nDuBTpKjHUKrpA-ZrnRzj7h_JZ6hWlfcYIgVIh4ckMp9mDz4cXPOpstQBkaS17lOspXQcIzqgQp57iYZ7olQuEWgt5jnvyz1ahXkOgpQRFg5LX9PnWsCeDJ4Ti0y0piT2RBOpiQ0=w1920-h1080-k-no | https://lh3.googleusercontent.com/gps-cs-s/AHRPTWn1NX-Z4pfndRkMfVxK_pdmq6GMHuy1laJfpMWdoMwD38y-oJX54whtt7xzlWPh559P7aaLWI-pIFB7odGuTVb-5E_WAM1IvcQHRKyS2XEFO5yzaIWEoMjjmmNiikSjKRIYo9K74Ya4XTTf=w1920-h1080-k-no | https://lh3.googleusercontent.com/gps-cs-s/AHRPTWlrrQxFL8wCgizn3186goRA3UlX8Jjsl0KhI9_XssoWUzy9q2puA83d1avZEsRscUP4a5_4OjjF1RJhPZ74oTperNdtxxYSOaexcuPV1a2X5XKYeqji-skXJDcfCheJbyoggl4lLw=w1920-h1080-k-no,local brand thời trang,97,2026-08-17T05:05:16.979Z
A,69,81.0,LÀMIN APPAREL,Cửa hàng quần áo,"35 Nguyễn Văn Tráng, Bến Thành, Hồ Chí Minh 70000, Việt Nam",Bến Thành,Hồ Chí Minh,+84 971 432 492,https://laminapparel.com/,https://www.google.com/maps/search/?api=1&query=L%C3%80MIN%20APPAREL&query_place_id=ChIJMXxoTTwvdTER4v23F_STim4,ChIJMXxoTTwvdTER4v23F_STim4,4.9,1024.0,False,https://lh3.googleusercontent.com/gps-cs-s/AHRPTWmM4R09IWg_ib_DZkbNl3k9l7gEkkBDnuTxuT9a3wPSJx6MgAdGp89FDD6okNDLcu_ALjBx3VIGxFc_45FYYKKwFNCn9GY7j9E7TrmhA2w8Qa6cC4zvQ7Qffe2sQ-zVG8tbS5pY=w408-h408-k-no,https://lh3.googleusercontent.com/gps-cs-s/AHRPTWmM4R09IWg_ib_DZkbNl3k9l7gEkkBDnuTxuT9a3wPSJx6MgAdGp89FDD6okNDLcu_ALjBx3VIGxFc_45FYYKKwFNCn9GY7j9E7TrmhA2w8Qa6cC4zvQ7Qffe2sQ-zVG8tbS5pY=w1920-h1080-k-no | https://lh3.googleusercontent.com/gps-cs-s/AHRPTWkU4qJMRUcCS5I8-nFHRRpH68cVEhnQK8e2XWQM72etg0rgdfVtHJyKJUtKtsUKJbqiBpk94If5Pn0oi4mhfkrdTmBWgaEh6MOU64GPZRsavoM8T7WaJVE1TMS_roNWqkg6iNvB=w1920-h1080-k-no | https://lh3.googleusercontent.com/gps-cs-s/AHRPTWnq9WNFPY2BtiuA40bPnGGHl1S0CbO_y_YNjf1baEaxpgE8R3Z2BjPaJDIXOTe8GjlRySXLjmve7UZuEqGQMrJo7go2SbTAtyNlGNz0ZelUuMwuR4UdfDcIU_y_XsRUQ5iglwP55cHDkkfX=w1920-h1080-k-no | https://lh3.googleusercontent.com/gps-cs-s/AHRPTWmSTKJNjHFzpWW3FH-1dfpU-fjdbECWnp8gVQUTZ9C1fSdaPle31bInKAs1I0Ssa_J6K1hS4Z7DXCWPvR1EFHKF3L4TFZKhCNwLXup39b4K1DJ_R-_1Ipq52M7ZKGDiaZhuuQ6pz05PJDoI=w1920-h1080-k-no | https://lh3.googleusercontent.com/gps-cs-s/AHRPTWlODmqmApWRgthRoRnWyhvEVV5CAH9RuskupkjV4wzjBUwr59imsnUmz79wHotyObfENdyR4I1bM0xzFDvu6te0XTBxpOkyelUpYBrgj9k3DpfLncJUg_Qx9bkJzlxd9uRatlXxAHbp1pNe=w1920-h1080-k-no | https://lh3.googleusercontent.com/gps-cs-s/AHRPTWmQ7V5eS_ggxeUu5EmZF5CqjCgejjzzD7x4GZE5jSCmSFbeyLP5NDuc-6GVNQB6oTK-6VbvjgPm-UtvaXXy-5yshyVpEhqtqe3QzpaHCiHh4Feuk4qf9O5AHAigXx6gLfXerXoh=w1920-h1080-k-no,fashion boutique,39,2026-08-17T05:04:51.704Z
A,70,81.0,LEVENTS®,Cửa hàng quần áo,"842 Sư Vạn Hạnh, Hòa Hưng, Hồ Chí Minh 700000, Việt Nam",Hòa Hưng,Hồ Chí Minh,+84 1900 633028,https://levents.asia/,https://www.google.com/maps/search/?api=1&query=LEVENTS%C2%AE&query_place_id=ChIJyZudnkQvdTERlGHt-PcdPTA,ChIJyZudnkQvdTERlGHt-PcdPTA,4.5,190.0,False,https://lh3.googleusercontent.com/gps-cs-s/AHRPTWnmwPyUVtmI_mbw2yMYNd7v7pFkewXZqTvwvnsL3fg4gb-DKIVJtPFi-zxUH_Uw-spVfETnU7WWTKe382ttiLCqGZWKgHHqFt-t-YqWIHMBkJMq0L0RK1llEtl9rgM9iyykRZTbTGRiXod7=w408-h544-k-no,https://lh3.googleusercontent.com/gps-cs-s/AHRPTWnmwPyUVtmI_mbw2yMYNd7v7pFkewXZqTvwvnsL3fg4gb-DKIVJtPFi-zxUH_Uw-spVfETnU7WWTKe382ttiLCqGZWKgHHqFt-t-YqWIHMBkJMq0L0RK1llEtl9rgM9iyykRZTbTGRiXod7=w1920-h1080-k-no | https://lh3.googleusercontent.com/gps-cs-s/AHRPTWkTmPKOgsdBobH7FMr0dL856CQakY0CrgbqiUeEa7_POn4Oj68POfrUq1KQBBF28Tvx9Vm2vvQEUHt8Y3XrOJXwiOwuTrMt48VDnOmThPkzqAejeIdML0ZMq_BXuA_Kg_YE=w1920-h1080-k-no | https://lh3.googleusercontent.com/gps-cs-s/AHRPTWl-hOzsMtJjQM9BLGIuYO4vXL7xJa_ij2KowDb3XgGDi_74JiDB9ai_z0_HnduPOUmVvgMKenkIFPceaDw6vKmpSE0O1crQFx6kM6TY_NZdm6NcomWATF-fBXYY2hyNzQ8sLQWJ7BlHG_ko=w1920-h1080-k-no | https://lh3.googleusercontent.com/gps-cs-s/AHRPTWlJaUGPa-hOQPjVSGf_MHj7ijlFJankvMFIoEEw4wem7qNB4JQNu2AhwtQ3ePsnEdyPXSBy1SIktlaUXTDrVct0QqzTy56QaJoFVSogEKI2bjJa1YsGhlIrzsXKIfSebgedJAY2OVfNf7GF=w1920-h1080-k-no | https://lh3.googleusercontent.com/gps-cs-s/AHRPTWl-JPCDvFFfryvM54zNzxpjIwlz_RS75zISWEQe9oVqZGw1ck7tR1rV5mp-31T9wv0gp9MDLe7Fq2cxovq8fOQHbULpwlX0_i9ZlUyUze0kfInUZqZkBH_0xzZ-rXw_9N1IkyNhCL6KHPU=w1920-h1080-k-no | https://lh3.googleusercontent.com/gps-cs-s/AHRPTWnVQweudA7ENP1I4SEV6g3hAXBwis1TuBGOCfLRk0TQ4TG_2O4oJ_ymKj9DzXmhAFCswRa0rO99cEi3Cr8JKqhJwSZlqPpc2Mzy-5JT3V5n5pw5t-VwM1fSOQacGJpkHcF5uZsmabLncrQj=w1920-h1080-k-no,local brand thời trang,61,2026-08-17T05:05:29.959Z
A,71,80.7,Rabity Kids Fashion - Hùng Vương Plaza,Cửa hàng quần áo trẻ em,"F03- K02-03, Hùng Vương/126 Đ. Hồng Bàng, Chợ Lớn, Hồ Chí Minh 700000, Việt Nam",Chợ Lớn,Hồ Chí Minh,+84 368 229 551,https://rabity.vn/,https://www.google.com/maps/search/?api=1&query=Rabity%20Kids%20Fashion%20-%20H%C3%B9ng%20V%C6%B0%C6%A1ng%20Plaza&query_place_id=ChIJ0azKTbwvdTERf_ReO4m_VsY,ChIJ0azKTbwvdTERf_ReO4m_VsY,5.0,11.0,False,https://lh3.googleusercontent.com/gps-cs-s/AHRPTWnFP8tInUv6PjD0oeDToFcEGsuvMwxIMLflAdlxFOpVfcNtAvXodrock9p-1x-GPtc2C0pPVKlPFhdCpZpF9togtu32dXwIbwSIf49ZBKB-Sk_rZqAD_iS69twwcxA5PmNGxBEk=w408-h272-k-no,https://lh3.googleusercontent.com/gps-cs-s/AHRPTWnFP8tInUv6PjD0oeDToFcEGsuvMwxIMLflAdlxFOpVfcNtAvXodrock9p-1x-GPtc2C0pPVKlPFhdCpZpF9togtu32dXwIbwSIf49ZBKB-Sk_rZqAD_iS69twwcxA5PmNGxBEk=w1920-h1080-k-no | https://lh3.googleusercontent.com/gps-cs-s/AHRPTWms67qazBhqcmxvVNlTKYOSRoONmtLDqE6GMk6Udi3u8xSXaaG2zsdEv-rdvgx7x9fRhKDNbNYmoV-PQhBKOG_8GDVt7IxNfI79Dsg3BvoXcvaJ0LHyyBNOFiSgt1fFpkr1S9Vagg=w1920-h1080-k-no | https://lh3.googleusercontent.com/gps-cs-s/AHRPTWlagQ7qB-Yc4k1oBHOfAUFeYDxxxMca2-d02fLMwUWxhgL-utHpcRojb-Xx_6IEKBlGpZbMFdnY-2HOLa0YTkHA6j9gQuWBSaVl5uA-5FX2N9Ax4tOWDwVZ1Tt_WuzbfGFRddWG=w1920-h1080-k-no | https://lh3.googleusercontent.com/gps-cs-s/AHRPTWkLCEKghxXnFgEvLUqnp1xwcMFEXTI38vVkHnpvJ7PGSCCZ0xWuo21F0m_7I-0Rs79A8rrgf9uFpc506hDGbRMbWpeNQhffHnymwlc4YO0mtkTwtN3XWWjKIqN_lBuw4v-Oga24=w1920-h1080-k-no | https://lh3.googleusercontent.com/gps-cs-s/AHRPTWkjKOJc3QViTiOxhMOZ1oQZ8Oq6ETU9-G3xRz2jQVO8h1apYqi5IPor6_4sy_UX4fKqMRKT2W4yO6oXVuMDYeT6shDHmzxCabO0dvoARuDWp9-S-Tmj0UTHjoopot5R7IJUFuIO=w1920-h1080-k-no | https://lh3.googleusercontent.com/gps-cs-s/AHRPTWnyjr9zvK7MmDzPkg2LEt3Vi54m68GCS5VuxBC0MND0vLaZvtLKmaY1umBbkhViWZ2gbbOmCC1S4dwvY03PXPOhKBKzOeq3i7IwAwNFqzwmDaI95a_1dBVmJ-RSaFf703v8jV3oNg=w1920-h1080-k-no,kids fashion,7,2026-08-17T05:03:54.070Z
A,72,80.6,OWL BRAND VIỆT NAM,Cửa hàng quần áo,"377 Sư Vạn Hạnh, Hòa Hưng, Hồ Chí Minh 70000, Việt Nam",Hòa Hưng,Hồ Chí Minh,+84 794 794 678,https://owlbrand.vn/,https://www.google.com/maps/search/?api=1&query=OWL%20BRAND%20VI%E1%BB%86T%20NAM&query_place_id=ChIJeZXAkM8vdTERFwU9pQgcvTw,ChIJeZXAkM8vdTERFwU9pQgcvTw,4.4,334.0,False,https://lh3.googleusercontent.com/gps-cs-s/AHRPTWl7ENSQmqUpHBoNFMSDhA5cVHXHIicJF9_kqccHzYQXvEs-NMoYVM-6E4u0FkzXpa6O8Qx9gGHEpka5imRQg0V3jJI3wHoARXjLk3bFif3TUKOE62RMG6GRgZ20ZPUD3oaX_FXPTgWQjLnv=w408-h544-k-no,https://lh3.googleusercontent.com/gps-cs-s/AHRPTWl7ENSQmqUpHBoNFMSDhA5cVHXHIicJF9_kqccHzYQXvEs-NMoYVM-6E4u0FkzXpa6O8Qx9gGHEpka5imRQg0V3jJI3wHoARXjLk3bFif3TUKOE62RMG6GRgZ20ZPUD3oaX_FXPTgWQjLnv=w1920-h1080-k-no | https://lh3.googleusercontent.com/gps-cs-s/AHRPTWkK9LsIsufFqPDUpTDxM4x5eHsfKEaKNVMA8QGdKVjoOSfKnD2tOyQBiVhdMi-IvQqDAp_Fj0tlAjyV6BOqJqabGjRW--1_yvBOR8alzIXesGgWb3PPXhiwO0nZQ5o-E099nP6Ch5B_cVU=w1920-h1080-k-no | https://lh3.googleusercontent.com/gps-cs-s/AHRPTWnw4z32rB1_ZPtx4jwKc1PFxF8zTQ_maRu7Y_wNsXoibXlzU-tCemp_dD_pt0bBoGhGRYLd8m4q2CF-4iVN000kX2DC0aH0fzxxDnZi7dFdTswSvL2GyYutiSggCLdKBUZvaPv6akaNuvoz=w1920-h1080-k-no | https://lh3.googleusercontent.com/gps-cs-s/AHRPTWl3qPwxK6ID-9YTSDZGiTLDIH-qInRl9MlBLoqT9Wz-BJ9P1Lu_Ydc9Hj9Co4xoHl1NiHkoPxo0aVaQ1oqJ_FeuK0x8a0yKnauNHhNuqR3Z5k60aOsBACk7fyESmqvdjGBPQ-w_Gw=w1920-h1080-k-no | https://lh3.googleusercontent.com/gps-cs-s/AHRPTWlNvRGDi6kfvejOfu5DKh21NNVCuPG9bU_vqa0_fA8h4_mOUBudbkgLk78AvHV87JgLK9wAtR60frF0pZok3tjmULf1ZNHnvXQXDADYvYySRzhHqg2MyyFCSGQW3IL6Ai8JW9qcH9uKB_o=w1920-h1080-k-no | https://lh3.googleusercontent.com/gps-cs-s/AHRPTWlqvIW2JjrHn7nISb0dsDGokBOpxNnZlrDs5kcP18TFXtb6Tcg7pFTkVExvjD6UVeZjCPWJ2tSNiAjYLooisQ-8-yKGN6eSFpXMZxMkgXfqFTV8P2HbnsYGgHPJveEIcAd0sfGP=w1920-h1080-k-no,local brand thời trang,48,2026-08-17T05:05:50.536Z
A,73,80.5,Metiseko,Cửa hàng quần áo,"157 Đồng Khởi, Sài Gòn, Hồ Chí Minh 70000, Việt Nam",Sài Gòn,Hồ Chí Minh,+84 28 3823 8481,http://metiseko.com/,https://www.google.com/maps/search/?api=1&query=Metiseko&query_place_id=ChIJBaWNNx0vdTER0pscVNwTI8c,ChIJBaWNNx0vdTER0pscVNwTI8c,4.9,328.0,False,https://lh3.googleusercontent.com/gps-cs-s/AHRPTWlV1JrKpjxHQPTgoRMsSoY2K6YzgHX_lF8sqsU2vV9q7X9MsUH1l5LMUXdWq78fUWvoThUm-a12B7PSaWY-bA1P7eQWAgmW9qd_qU50iSzsZ0108kh4Af2ujTCKo5idYESeFW5V=w408-h544-k-no,https://lh3.googleusercontent.com/gps-cs-s/AHRPTWlV1JrKpjxHQPTgoRMsSoY2K6YzgHX_lF8sqsU2vV9q7X9MsUH1l5LMUXdWq78fUWvoThUm-a12B7PSaWY-bA1P7eQWAgmW9qd_qU50iSzsZ0108kh4Af2ujTCKo5idYESeFW5V=w1920-h1080-k-no | https://lh3.googleusercontent.com/gps-cs-s/AHRPTWk9lKNdIoDjrq2s2NV3MAgpvfoFw8YtbZvPxugrxQ4snNxoka43tzzo2QHTqYni_YTQ2DvL05hk6jEy24ZCuHULkBtTk_NkzmaS9CzoNssbi1JSaUhr9hYsMSn9HbZSNZgclKIAA4bghZG3=w1920-h1080-k-no | https://lh3.googleusercontent.com/gps-cs-s/AHRPTWkgxRTPTn5_kQJeWPEVnGW3D9jls2JviGoF2yJ3PIh2qurltB0e0dEliWeiPMpPwe8C8gbq8K0y23UC-c-_NL-TrdW56ZTIZ2Ip5Qn_7_sjJMp-gjL3j21G8_Jf-VvJ4ObIVKS9=w1920-h1080-k-no | https://lh3.googleusercontent.com/gps-cs-s/AHRPTWkwfFEPC53hfcCaDNOU-IA_Dik6JbrXH2daM8ORJnvztd2NX9fwkqFV-63wJWdaHEQTeKOmz7WjjtCUB1pOQirrh5HEcnvvbGrOUGQTliuzsn_eb1FolREsywkl-8jnfLujPI0ygX7D4KIv=w1920-h1080-k-no | https://lh3.googleusercontent.com/gps-cs-s/AHRPTWmubBCsU2z1xEsB_w9tcZMU2771F8EyvYL_s5VYFNb2tq9gck2nPEOeB6zO_YWaBHrEIxeDYleOhZsKzBVluYmo9PSswJr_7aSWFYf_guWbJiMQG95S4IqDJoa7dqaA0M6tt_MGvw=w1920-h1080-k-no | https://lh3.googleusercontent.com/gps-cs-s/AHRPTWnqq2n6lXTYUC_xIplEi92jtcEG06-UfkWqFY5E5Y4ABcGB3MOVAW276_6ejxkUbqinI-8VOMjFJvo-XVvh22rjNlPf6wVfVJ2Ku1wEUa2ne_H0pl7CG4IMwiBdaotYssiAP0gcFhHUo0Ym=w1920-h1080-k-no,local brand thời trang,109,2026-08-17T05:05:15.412Z
A,74,80.5,Trio Ji,Cửa hàng quần áo,"27 Đặng Thị Nhu, Bến Thành, Hồ Chí Minh 70000, Việt Nam",Bến Thành,Hồ Chí Minh,+84 906 526 226,https://trioji.vn/,https://www.google.com/maps/search/?api=1&query=Trio%20Ji&query_place_id=ChIJl3e8Y2MvdTERYIIlQNe_TsE,ChIJl3e8Y2MvdTERYIIlQNe_TsE,4.7,229.0,False,https://lh3.googleusercontent.com/gps-cs-s/AHRPTWmrm_yxirdPIpdkgkfrzham6yIHVSm_da7O7LyMieeYetIaYgodAXd1HBE9ebo-GKcdDiCNFGSBMJZ5J4r5GWgyLCB4_s9520INT769y8S7dHUIyn-_izOH6Dc8DnA3_5t61J94=w408-h544-k-no,https://lh3.googleusercontent.com/gps-cs-s/AHRPTWmrm_yxirdPIpdkgkfrzham6yIHVSm_da7O7LyMieeYetIaYgodAXd1HBE9ebo-GKcdDiCNFGSBMJZ5J4r5GWgyLCB4_s9520INT769y8S7dHUIyn-_izOH6Dc8DnA3_5t61J94=w1920-h1080-k-no | https://lh3.googleusercontent.com/gps-cs-s/AHRPTWnA0FRdQ1jUdzc5T1_OwtcNgmHhwujLYVaP1LOMO6UqR83GDUrliAl3eCAMliPVJvJmndKDCKxQpQj5tWpylBTwAISgzATkQSJ_S0dND60xIDsQ_lLzH-4Ji-5PJkQZGtGPBJWldszjEi6u=w1920-h1080-k-no | https://lh3.googleusercontent.com/gps-cs-s/AHRPTWkkCbl_hgfqg-POhsEgbWG446UU41bpKBfDJVw8JJr_07XAq4XMQtJ1EknzW5sMune1hdSTId8TQWATqpZCaTW_Fh2OviNfWtqQncp7GI6TTKd6Egpvx71dostbjjpuRDjhRZbhIzt7hNN8=w1920-h1080-k-no | https://lh3.googleusercontent.com/gps-cs-s/AHRPTWkMskuHo5D137_89qiKbzOT9VKnQq0XFFNAf-cwExOPYb4r7BqHivc1dyaSPJgytz24_4pI8vO4HoVMlSjsCC8Wt8DmtbRXBIGrW3hIHLvCm4Ss7cu_a98y1qMeOS7S5X765qVOAyo0vRU=w1920-h1080-k-no | https://lh3.googleusercontent.com/gps-cs-s/AHRPTWncwA7_8ivMuexj0KZVsdSHHc7a8EqxZ--nRTaA56SFE5NBO14hOrZ3BiuQSFRWa21q_PLwf9YiPwSaDTbX7u5rGxiykaL93Fxh66nbYNlD7V3zFJ5eAW3PzSuUmOoTG0GusJLfPQ=w1920-h1080-k-no | https://lh3.googleusercontent.com/gps-cs-s/AHRPTWnOz7fYl7ar2AHv_uTB3LGvbeY_rjHv8OhAGMILjwsFtRbElmmlQo6YF9jy2hNQWwHPf2ly2B_8wBulOPUPnMx3OpIKyGz-33ogZMMmMuhYxWYuCo91ztzB3X9-5pYvVlj_kix0=w1920-h1080-k-no,local brand thời trang,111,2026-08-17T05:05:20.099Z
A,75,80.4,Gamble Worldwide - Flagship Store,Cửa hàng quần áo,"175 Võ Thị Sáu, Xuân Hòa, Hồ Chí Minh 72415, Việt Nam",Xuân Hòa,Hồ Chí Minh,+84 932 268 279,https://gambleworldwide.vn/,https://www.google.com/maps/search/?api=1&query=Gamble%20Worldwide%20-%20Flagship%20Store&query_place_id=ChIJg0Bfvg4vdTERpVbUUtTYa8M,ChIJg0Bfvg4vdTERpVbUUtTYa8M,5.0,445.0,False,https://lh3.googleusercontent.com/gps-cs-s/AHRPTWlFHGwHx2sPYJ0-hpAPB36XW9VCTx3t0m0pQX4aOEzHU4Dr7Ydj3lqi_cuU0g-CU3a_t30-BVfOLFDK2zgldfWGNGT4529FOE9sWkEEB6DZS0fyFilbLY_FcA8j0S4yGVrBUJ2MIbkbEmFl=w408-h544-k-no,https://lh3.googleusercontent.com/gps-cs-s/AHRPTWlFHGwHx2sPYJ0-hpAPB36XW9VCTx3t0m0pQX4aOEzHU4Dr7Ydj3lqi_cuU0g-CU3a_t30-BVfOLFDK2zgldfWGNGT4529FOE9sWkEEB6DZS0fyFilbLY_FcA8j0S4yGVrBUJ2MIbkbEmFl=w1920-h1080-k-no | https://lh3.googleusercontent.com/gps-cs-s/AHRPTWn9YNML3JUPWuRah157XSkZM0Uk76_Tp8g79diOM_8JdeQ_2PvVgOHPAXQNjBRDCfJvh8vyskimn0aZ5SqpyNiPZp8JEdZg7grLWCYIawSwE_6cdmZdC03wFSQIhCOqjh07adubAG2iLq1m=w1920-h1080-k-no | https://lh3.googleusercontent.com/gps-cs-s/AHRPTWl-b8cX6ggE2pAtQXm5i2Mk4gDphBjQXyd9-uCi5JjdZAhn_T3JfHPa_q2atamhkyDNYs44jGTeSgRvCHjtsSyqym57q_wOfWRzx4UJJ3Kivvz8oBxMDolleui4v-9EZLW2GwrQYcMSypMc=w1920-h1080-k-no | https://lh3.googleusercontent.com/gps-cs-s/AHRPTWmrzLtUob8vfxCx2ckRtQBty9tx4W-xuQcfy2KC2fqy2OOEU01vRhgkIvKAky21UP0_NOTurxAFrCdMriMDShFJ5ucoWR13WIQbquTl5S0h19H9gFoeG8pAmoykvQh3Z-yaBhg3FkzllMw=w1920-h1080-k-no | https://lh3.googleusercontent.com/gps-cs-s/AHRPTWkOq9XfdLCR6G_nArjSQ04uFjVcP_is-OyV98wv4uy1Ct25RNbkeIGImAE0UJTM3jO1GkphvURF6D3rHNKGGaZSf16L4zeJ8pQGXXWBAU7HsU3-TGQZSBCSWWfmRoB9eAZqf8qA7079Wdpx=w1920-h1080-k-no | https://lh3.googleusercontent.com/gps-cs-s/AHRPTWktgsP_bv42kGEf48Zjd9KWUlRFjfGL1YaBruMrBQu7ssQJbVrirWYifQxt0WrSq0WEXTksX-dawGnJSV3zWbpIja_6n6d8ZVnh-DWjBcyzYxQy67qlsEk5XseV-rdDPz_EG6LoifZcnnw0=w1920-h1080-k-no,streetwear,92,2026-08-17T05:05:43.493Z
A,76,80.3,The Idiot Official,Cửa hàng quần áo,"62 Nguyễn Thái Bình, Bến Thành, Hồ Chí Minh 722000, Việt Nam",Bến Thành,Hồ Chí Minh,+84 817 766 880,https://theidiott.com/,https://www.google.com/maps/search/?api=1&query=The%20Idiot%20Official&query_place_id=ChIJNRqhuFgvdTERQCx69eTPWBM,ChIJNRqhuFgvdTERQCx69eTPWBM,4.8,241.0,False,https://lh3.googleusercontent.com/gps-cs-s/AHRPTWkx0qI1SFAe-ZTMEPQklPdkZwIQbqVG6w1VTlZJh_R0nSLBwUxX7u5UwC3rdrhuwFu3XsjxlFMJU_ENIN-qDcnrsgHY6Co_LBhjGpP83EUVsdpnhFq-R7gan8dCw_pUisBbykXYsDJpDo5L=w408-h544-k-no,https://lh3.googleusercontent.com/gps-cs-s/AHRPTWkx0qI1SFAe-ZTMEPQklPdkZwIQbqVG6w1VTlZJh_R0nSLBwUxX7u5UwC3rdrhuwFu3XsjxlFMJU_ENIN-qDcnrsgHY6Co_LBhjGpP83EUVsdpnhFq-R7gan8dCw_pUisBbykXYsDJpDo5L=w1920-h1080-k-no | https://lh3.googleusercontent.com/gps-cs-s/AHRPTWkA1E0-e10mVdDmhOMQXIsIbYIRXjKmmNvtyJ8xKGDBdt0t7zyiki8dWzQvm9DyS6PzkSkDvLKrBnD9ZS-vyAeIyyS4ZQSGKJHPBBkWa2nXWLrzE6zo3FONSyytXGTQyzRA1cNd_6JI2sIZ=w1920-h1080-k-no | https://lh3.googleusercontent.com/gps-cs-s/AHRPTWnetPW_BD1tsD7zuPvY9iGTO2LAL4lWQB1iKOFNNDYwU8Cs-Rlht-f7ltKvNuXVBvG_6RaG5MmPE4NqIQVBOdqnXKsJ50TdYs9RdkHx1R3-4AlRa6m2wFCs-xWLJDIxaVtmuaYDXA9N7sNf=w1920-h1080-k-no | https://lh3.googleusercontent.com/gps-cs-s/AHRPTWkhkjnAi2t3NcoDSuMW8w3Xk6aGZIpPpaWh3-Z9Z0A7m-KPjZ-dqmZlE2Y3MfEV18xOYjm9J-nYsDvheA42Igm0TTqCAPxYAjbihxV3Vzc60CIwSxwCO-dgozu0DhQDwlrV_hXlf6Bs_TdT=w1920-h1080-k-no | https://lh3.googleusercontent.com/gps-cs-s/AHRPTWkU9ZmYGIXMuwkkV_UYwtkAhpDbhaGyGpv14qkTJ_qmTDeKzUQ2ijB4TFlWPxQiI38_ygpfa_6rsPCm5vpzPZfioCKiiFhpCX7ivDGLkqxz3jcxRsAZPI4cqDN-gZyMrap1DiwP6CZkvr4I=w1920-h1080-k-no | https://lh3.googleusercontent.com/gps-cs-s/AHRPTWk0xOOqzajiAAmP6jPkn3h60FbtAuy51O8em2hw2D5UzlJxqbVQj72SjELBwbH1xprnxrNgKzJLfTlJ_s_YxTbrYKZhsDSMgNGraaK-5EtZ5zUWH7lYu5vK8Hxvrmq87hYNdOa7OCkctB_Q=w1920-h1080-k-no,fashion boutique,53,2026-08-17T05:04:54.792Z
A,77,80.2,Tsafari Fashion & Lifestyle,Nhà thiết kế thời trang,"QPF3+JJ, 44 Nguyễn Huệ, Sài Gòn, Hồ Chí Minh 70000, Việt Nam",Sài Gòn,Hồ Chí Minh,+84 333 945 447,http://tsafari.vn/,https://www.google.com/maps/search/?api=1&query=Tsafari%20Fashion%20%26%20Lifestyle&query_place_id=ChIJYSK3KQAvdTERyFYUAFiTslY,ChIJYSK3KQAvdTERyFYUAFiTslY,5.0,21.0,False,https://lh3.googleusercontent.com/gps-cs-s/AHRPTWnbIxSkW6UWDVm7s0stl0zBqNGy6zLzOZq2tm5bMIUDiYIFtPSmAajtkXlubAGmheuYR5BSEJq96aVbsAO6bHq92gS68P0BEh6BtYia9OQaPcCI2BuMfwHzrrZR00tr02M9DaQ5V4xmQeo=w408-h544-k-no,https://lh3.googleusercontent.com/gps-cs-s/AHRPTWnbIxSkW6UWDVm7s0stl0zBqNGy6zLzOZq2tm5bMIUDiYIFtPSmAajtkXlubAGmheuYR5BSEJq96aVbsAO6bHq92gS68P0BEh6BtYia9OQaPcCI2BuMfwHzrrZR00tr02M9DaQ5V4xmQeo=w1920-h1080-k-no | https://lh3.googleusercontent.com/gps-cs-s/AHRPTWlnVYQOoZHhy7WEaFYsjGeXGHBoL-Nk0VEqVLFts-a0h3MiUJvstQABdYGznikN1qlyyCE7t9meRYjsk1jqODzg_UBGOUHttgVog_dO9QcBuAElRH8Xo2qGbRMBxGAthwtj28USYg=w1920-h1080-k-no | https://lh3.googleusercontent.com/gps-cs-s/AHRPTWnzM0a27rg7JsYjsCGd4Bj45e2ivTm25wHckud-FoKLpaDiYc_fR2WTm6JIhQTwExbwaeNqq76KuvuKc-2jW9VLlPwitg23TJ822rTrssB7Uh-dgEcV1rtSHKl0DUDSSDi2dqKroglK4m11=w1920-h1080-k-no | https://lh3.googleusercontent.com/gps-cs-s/AHRPTWkIRrsbns0CQSri2LA8RHvnaK7uBOzj8npLiV_BzVC4_v9oaj0047XglYCedRUu4KtnhqOREN_dVy9zQCSgZvnCQeBGtmqW7Axc_QKL-sl9opNmJu6KnjEHM_KPsArWLHSrdBpzzCUaMxo=w1920-h1080-k-no | https://lh3.googleusercontent.com/gps-cs-s/AHRPTWl-ie2ujdIT5nzkeundwytjX0OrYNepHGvY_qLU36yPbIeLzeOXJmvoXtE7Hslp4ZjsPrR_pdyPhQJGjWNs3Hyy5Oa1X9ZcUWcLYxtKcQFHj0_QJKt0sSWC1I0GV-uQxyyhSJ_a-jb2JJXx=w1920-h1080-k-no | https://lh3.googleusercontent.com/gps-cs-s/AHRPTWnwj42XWg5kepR5yq_dcD3vD02pfiq82jlcdOW-UPDbPxQo4M9OsaAN50EOBENZ09WlOxuXJLf_1pi2d9sCC9boBy_gmAQf8QV-iSzzNADj21Phmg-0kYEF3Q8GSU-HqFzSsxiQNAMn6eXa=w1920-h1080-k-no,fashion boutique,115,2026-08-17T05:05:08.397Z
A,78,80.2,Quần áo nam Riooshop,Cửa hàng quần áo nam,"37 Ông Ích Khiêm, Hòa Bình, Hồ Chí Minh 70000, Việt Nam",Hòa Bình,Hồ Chí Minh,+84 983 541 687,https://riooshop.com/,https://www.google.com/maps/search/?api=1&query=Qu%E1%BA%A7n%20%C3%A1o%20nam%20Riooshop&query_place_id=ChIJw8HyVY8vdTERGWNxc6yMors,ChIJw8HyVY8vdTERGWNxc6yMors,5.0,1.0,False,https://lh3.googleusercontent.com/gps-cs-s/AHRPTWkvwmB9WKo0lUST1S3u0I1p2DuCr4WG8SYb71F_qSmvZ4-5H5gUt2Y-B0S5kRn9vXzitMkvB7Uf1DOCxULVLM4rJVc3B70Fb19XekLfwNoEnlZ_P-KiLkDnk0Y5Q__-asKk7ZI=w408-h306-k-no,https://lh3.googleusercontent.com/gps-cs-s/AHRPTWkvwmB9WKo0lUST1S3u0I1p2DuCr4WG8SYb71F_qSmvZ4-5H5gUt2Y-B0S5kRn9vXzitMkvB7Uf1DOCxULVLM4rJVc3B70Fb19XekLfwNoEnlZ_P-KiLkDnk0Y5Q__-asKk7ZI=w1920-h1080-k-no | https://lh3.googleusercontent.com/gps-cs-s/AHRPTWnvkFN_qIwgnFFITXKb7YH7RR1J0dtkBLkpob7bh7TNXIs4oV2kZ0M1qnWkhBrHOARDuCPT_1bfWrdG8BQyvqUotVxkRKSBPLlu9rvMeR5exaEBtEN6aLuVX3QbfKJlijxf0m7s=w1920-h1080-k-no | https://streetviewpixels-pa.googleapis.com/v1/thumbnail?panoid=m48GHvANintQ3RL2gIOEOQ&cb_client=lu.gallery.gps&w=1920&h=1272&yaw=308.73074&pitch=0&thumbfov=100,shop quần áo nam,77,2026-08-17T05:05:55.746Z
A,79,80.0,Jamlos & Rustea Saigon,Cửa hàng phụ kiện thời trang,"Lý Tự Trọng/26 Ward, Sài Gòn, Hồ Chí Minh 70000, Việt Nam",Sài Gòn,Hồ Chí Minh,+84 899 899 767,https://www.jamlos.com/,https://www.google.com/maps/search/?api=1&query=Jamlos%20%26%20Rustea%20Saigon&query_place_id=ChIJrevGVk0vdTERGqMcrS5F7C8,ChIJrevGVk0vdTERGqMcrS5F7C8,5.0,1119.0,False,https://lh3.googleusercontent.com/gps-cs-s/AHRPTWl0dtre1zRmNft3NO0O36LTL8Idrf34mqf6nHhp5sEO9RK6OhuoaDsIkArWDfwSIAa9hWtfJAkmgFpUQyU0TbYXmLk7WcddYSh62wwESwCO2TQeTvArgeiTDRMAVecd4a8PY0chhPdW5bYt=w408-h544-k-no,https://lh3.googleusercontent.com/gps-cs-s/AHRPTWl0dtre1zRmNft3NO0O36LTL8Idrf34mqf6nHhp5sEO9RK6OhuoaDsIkArWDfwSIAa9hWtfJAkmgFpUQyU0TbYXmLk7WcddYSh62wwESwCO2TQeTvArgeiTDRMAVecd4a8PY0chhPdW5bYt=w1920-h1080-k-no | https://lh3.googleusercontent.com/gps-cs-s/AHRPTWnG36k3hNMcd8dU2ShiORC7bE16cMFegeBtgjOOdttN0n1yH28qvmQoudwVXXtCjYz9fcCIqNnBR1ofbyXBFhU2Wxgz4VWMBmK0cZLdqGaO-zJwDzHIBCMwydQ9ay1NYJXGDS0VsdIj5IgM=w1920-h1080-k-no | https://lh3.googleusercontent.com/gps-cs-s/AHRPTWnGVMMulRQXlHosiqt1-hs4M6IwePpTC_HdrsuWuTyIdL2LJM2SkrQhclzKu05dwQ2UPJE__X4Zwb0eV37lzL01AFihwkzym78ckQG-FPRLkDSlTBDMfC1xgHVKr8KpPvqXJVn4=w1920-h1080-k-no | https://lh3.googleusercontent.com/gps-cs-s/AHRPTWm78npAHogu-4Mtx6ZWx87IcaG5N86tUhcxbe7WkQRgmzlgnSF1IAoZCJ6uX2_AZ3FRqy-Nu3B48rgF8RrisegpHETaaWoIUp8Ap5z0Zvzs1Yf7xGMZhHNBVYLNucZYNZrzo7fMGNhN43vY=w1920-h1080-k-no | https://lh3.googleusercontent.com/gps-cs-s/AHRPTWmABhRTvj-TbJpSzAZDKQ2153qr1llNBBcNKQHor-bsa05Ro30-MBAl0xA2aNzM_tFgL8NMZI3Kac_SD4za9AMU51J8_UggekFy58Mgy6pmkK7PkXZjJ20AVL2NmyjnjodnCYdNHgZT6kGw=w1920-h1080-k-no | https://lh3.googleusercontent.com/gps-cs-s/AHRPTWk80OqBMUY6K6koE8NceTygdXk6IweJ70SS6_j42q6XuLmkoJstK4d3-9PveFj_fCxlBCuEFXvCXSLzLc7ThzY4lwKj7ed9XLKvdXpcNEsaVbnLiKzD11gD1y01KYioscDGJDxTK6ZUQapG=w1920-h1080-k-no,fashion boutique,20,2026-08-17T05:04:48.468Z
A,80,79.7,LA VIERGE,Nhà thiết kế thời trang,"225/6 Đường Nguyễn Đình Chiểu, Bàn Cờ, Hồ Chí Minh 70000, Việt Nam",Bàn Cờ,Hồ Chí Minh,+84 764 166 766,https://laviergeofficial.com/,https://www.google.com/maps/search/?api=1&query=LA%20VIERGE&query_place_id=ChIJrSSbY18vdTERY-K6r0_mJIs,ChIJrSSbY18vdTERY-K6r0_mJIs,4.7,41.0,False,https://lh3.googleusercontent.com/gps-cs-s/AHRPTWkXcGN54MCbV_2tqY8Tokl7uU88KoFEsTxEtsM0QH2X-bSgoYnQkIKf5Jq4plMzRZM0LD5YpUiWysa_gKedDiwI9R4BXgLkUvtOgZHFodzmoWAkWMjMrP6QsD1SL7gIJmhaDJew90r9Fztx=w408-h306-k-no,https://lh3.googleusercontent.com/gps-cs-s/AHRPTWkXcGN54MCbV_2tqY8Tokl7uU88KoFEsTxEtsM0QH2X-bSgoYnQkIKf5Jq4plMzRZM0LD5YpUiWysa_gKedDiwI9R4BXgLkUvtOgZHFodzmoWAkWMjMrP6QsD1SL7gIJmhaDJew90r9Fztx=w1920-h1080-k-no | https://lh3.googleusercontent.com/gps-cs-s/AHRPTWmLVfLpSIaqRhZYef8wt5kHMcmGCEGiG14A5LECjCRujAOOBRewSdkVomaXVNOV8LYLa7G9m9F6aemea2H0BC877iowWMZ1tLATLYf6S29m_Ss3ZEyMsLFpRrMUs8tthvJElXKxv2W9lJht=w1920-h1080-k-no | https://lh3.googleusercontent.com/gps-cs-s/AHRPTWlZfxcRgtrKjbjA-MOLlZnngkFTfE76SzZfwJe3WOaEAG4RiiOqtjbZA2oHbeHHFbqx22IFLydLTG8u9O25yN5tDFUPlFXZy5G8KqQPgQNxH_u0GcOUrAs5uIdU4dewSR-5YaGzVWmFPMef=w1920-h1080-k-no | https://lh3.googleusercontent.com/gps-cs-s/AHRPTWljUJchHYnBQu61JiZwt0zj8yv8FbIfh8Z8jPGKoXQ-MQhrZ4m_RevlrxgyRrszFLSolBUqsdPEV63kRMr8A-yBitlIbjBe3EnOzk32hNEDrcMx9McS129Gphl_5WVDo4o8c1gX9A=w1920-h1080-k-no | https://lh3.googleusercontent.com/gps-cs-s/AHRPTWmw8luF0EN3GTmJ1cxgtCRg82dr-6E5Vg_ljqixymQJAZXkXYWNCld3zRcgDT5VDrhiF498x3G4qsKGZyuuKBRFLF3QO5ZXoj_dpMh1xifx06fTPXhv2YlkKSQlhQnjlvdU1TsAKPG5L9Q=w1920-h1080-k-no | https://lh3.googleusercontent.com/gps-cs-s/AHRPTWkPRDjp_04EgLxAPUv6zapeB694I9DK_aY6SY36mfH4cHTgZuonUbSrsUlDbqnsXyqKhMFRyRkuBKqZXKizAlNoJCyXyhjkeHu5qH8_55sBhSSIyUhN-__WQuPesMbcEjF-TR4aSqBjxFST=w1920-h1080-k-no,local brand thời trang,127,2026-08-17T05:04:47.419Z
A,81,79.7,Nàng Vouge - Thời trang nữ,Nhà thời trang may đo cao cấp,"QTSC 9 Building, Tô Ký, Trung Mỹ Tây, Hồ Chí Minh 00700, Việt Nam",Trung Mỹ Tây,Hồ Chí Minh,+84 836 137 637,https://nangvouge.com/,https://www.google.com/maps/search/?api=1&query=N%C3%A0ng%20Vouge%20-%20Th%E1%BB%9Di%20trang%20n%E1%BB%AF&query_place_id=ChIJn3LDIlQrdTEREauP5DOgdSs,ChIJn3LDIlQrdTEREauP5DOgdSs,5.0,13.0,False,https://lh3.googleusercontent.com/gps-cs-s/AHRPTWmRpI9ycuqzje-l6KYQcn_rQ3HruQI-uban6NYvSRS2H2srDI80wlOLYTzs0SdxgXDjBoEi2S6zjenhnnFE-ACLr9UDPABcgpce6bAnQ3rmca3kO9KbKtk1JQqp-njSMgC3Gwz7=w408-h400-k-no,https://lh3.googleusercontent.com/gps-cs-s/AHRPTWmRpI9ycuqzje-l6KYQcn_rQ3HruQI-uban6NYvSRS2H2srDI80wlOLYTzs0SdxgXDjBoEi2S6zjenhnnFE-ACLr9UDPABcgpce6bAnQ3rmca3kO9KbKtk1JQqp-njSMgC3Gwz7=w1920-h1080-k-no,local brand thời trang,107,2026-08-17T05:05:20.465Z
A,82,79.6,Blanke & Toouch,Cửa hàng quần áo,"218 Đ. Lê Văn Sỹ, Phú Nhuận, Hồ Chí Minh, Việt Nam",Phú Nhuận,Hồ Chí Minh,+84 899 702 598,http://blanksoul.vn/,https://www.google.com/maps/search/?api=1&query=Blanke%20%26%20Toouch&query_place_id=ChIJBX8Jml4vdTERHO5DxIRSwpw,ChIJBX8Jml4vdTERHO5DxIRSwpw,4.8,52.0,False,https://lh3.googleusercontent.com/gps-cs-s/AHRPTWlEomsqHvT1-UXGJWB2w2m4HefK9rc-cUdB3LWalsAtr-QQ33YiBCtK3J75i1vuQNJWepdjZY1RMAhO11fI-LKtH_Siw2UW_sPEYdL1BbZ4waN-J3UEdjyVuIAqwB986BKh8Us=w408-h408-k-no,https://lh3.googleusercontent.com/gps-cs-s/AHRPTWlEomsqHvT1-UXGJWB2w2m4HefK9rc-cUdB3LWalsAtr-QQ33YiBCtK3J75i1vuQNJWepdjZY1RMAhO11fI-LKtH_Siw2UW_sPEYdL1BbZ4waN-J3UEdjyVuIAqwB986BKh8Us=w1920-h1080-k-no | https://lh3.googleusercontent.com/gps-cs-s/AHRPTWktJxNEQQyLmgk_S1Fu6umLrMz9davrOiY5T1Ux-I04WXzKdEf7cHcZ6lhzh5s7Logee74E5SutvplUjuiDCHeSTaE8mXd51lGu-Vy-elVngKzpxPNSWwJlFaDgm3O9lXpM9ob98cDsC9-4=w1920-h1080-k-no | https://lh3.googleusercontent.com/gps-cs-s/AHRPTWkJkklCuhP6lfpqBKbLfgxdF1UQRhhRobDwReXSVcZtCPoihwTMlw7K7SK1rjgEZEEeBAj0tDcjfH4qaW7Qhd6txfzG0fFvJ87aRIbF3T9QHtd3U54HnujwkFtIyklhBtkkh7grf3D07gXE=w1920-h1080-k-no | https://lh3.googleusercontent.com/gps-cs-s/AHRPTWkUpnsQ-xJogLK0cxSyNfLxziNcImUeL2zOD_NEbUHNOaSzODuHb7aUsELztfs-SvvngO9jAGrv3wMPY43neRboUpmouy0PVZ97oldgb2u_QAF7W1mICgyJUMPPeHXUu_7_1f8xyYuA5efC=w1920-h1080-k-no | https://lh3.googleusercontent.com/gps-cs-s/AHRPTWmUPhiwMTUPAqZtAA3BP9W-3kFI_QiSRU3541EKiqX9SO833wFCLn5QM2u-ILPwiEihiu-s52E79jbStRJ5-JeNPhB3IueqVvawjdfvCrNMgL323gdecgIvQrEZE5kJOEuybTgk=w1920-h1080-k-no | https://lh3.googleusercontent.com/gps-cs-s/AHRPTWkjg5SDD7sRoNgnKqj1xmZO2i0sU5NnALRqn7BlbMEzRzHEHFqS4u64BT6m6DW8NM47ybZTBWJr-5ylMsCNE__IS0U-D-0LJNzoCggUQBtgwIqOrbEB7WCGw4bV970k4S8H24aVtKY053R3=w1920-h1080-k-no,local brand thời trang,88,2026-08-17T05:05:22.287Z
A,83,79.5,PHUONG MY,Cửa hàng quần áo nữ,"81 Lê Thánh Tôn, Sài Gòn, Hồ Chí Minh 700000, Việt Nam",Sài Gòn,Hồ Chí Minh,+84 28 3822 5433,http://www.phuongmy.com/,https://www.google.com/maps/search/?api=1&query=PHUONG%20MY&query_place_id=ChIJayFbgkcvdTER5a6Yoc3yCB8,ChIJayFbgkcvdTER5a6Yoc3yCB8,4.4,12.0,False,https://lh3.googleusercontent.com/gps-cs-s/AHRPTWktOjus6JDOAWQSnsMSjH0iYOgWtjZsuMZoB50ng-AMdgh8e2ptMkWjV5_v5_8p4Gy1EHeSSwXAJU8J4rS0y4ca7dpkatQeBW3gyeZ4rf6SfAXY2fDVzx7R_DbMfyOEoIpSd9cOAw=w408-h552-k-no,https://lh3.googleusercontent.com/gps-cs-s/AHRPTWktOjus6JDOAWQSnsMSjH0iYOgWtjZsuMZoB50ng-AMdgh8e2ptMkWjV5_v5_8p4Gy1EHeSSwXAJU8J4rS0y4ca7dpkatQeBW3gyeZ4rf6SfAXY2fDVzx7R_DbMfyOEoIpSd9cOAw=w1920-h1080-k-no | https://lh3.googleusercontent.com/gps-cs-s/AHRPTWly2KRfgaGWK_pHIrFhN3EMEnXz_-_ltZXBt_jWMRHAUHxDwwU2m5VbgEzZ8ZWxgZjb1ipz___jKcNZWsvpFLKGbvtvNU4cDXCKv0-CzFVXCR4KfHnTF_JFC3Ty21cGFwyIlpjHdA=w1920-h1080-k-no | https://lh3.googleusercontent.com/gps-cs-s/AHRPTWm03XvmuP3nsNa9noU5tCWj3YX8D2qxSEVWSfprv7sy3PDDj2ziCaPZLP8Gif6RfFpwwLQb3CL6As8ziMKL-ONlinF_JsJWFZP9ldntymEM2Kez_RbqF9wptZ_wmUACZBySC3aJ=w1920-h1080-k-no | https://lh3.googleusercontent.com/gps-cs-s/AHRPTWm3brvJtmUpcQZd5VsB4aGBiho4lkMmx17nN6tk9ViXJ9bbGcrA6hkzgRYDmg-DdDovFqKyCtkNxDxHBrgY3i1AZquaMhoU7XIUvy9j4BFLcJ1Iwo2UJnlTF2CpCI24Z4YdXtN6=w1920-h1080-k-no | https://lh3.googleusercontent.com/gps-cs-s/AHRPTWkTyMCM24j43TuyLbpTrN7ybvVjYCf-qDSZ17NmpKEmPJx8BT2-wjbaBzC10ExYVZDUtsga9iAaZMtgh-J6AuCbTKnOjcYqcqcuDWrVud1QEfIEGhPpXiM-7hm1Gw3aG2mqdLtiZ7y4W4U=w1920-h1080-k-no | https://lh3.googleusercontent.com/gps-cs-s/AHRPTWnLY9Fn9Uf3ha3cqSVyO3iNgGNzopJoMa-S3bRERFwHj_XxMxTyjin8UdNqKFLDNdzMBKLDl49vgRG9VRjrdKCwH9Y_NykHr_nNhSltqoEz2oiPBvBRG_YPCMJf7wt_R4Dv5LZhl8jIkT0f=w1920-h1080-k-no,fashion boutique,9,2026-08-17T05:03:16.803Z
A,84,79.5,Donnan.vn,Cửa hàng quần áo,"279/1A Trần Bình Trọng, Quận 5, Hồ Chí Minh 72000, Việt Nam",Quận 5,Hồ Chí Minh,+84 938 220 036,https://donnan.vn/,https://www.google.com/maps/search/?api=1&query=Donnan.vn&query_place_id=ChIJwRJUxsovdTERGH3Dbp59CJY,ChIJwRJUxsovdTERGH3Dbp59CJY,5.0,85.0,False,https://lh3.googleusercontent.com/gps-cs-s/AHRPTWnDt1VKera5Nu9aTvsXj9dM3JVRUj2qXfUixmi62ppPNK0IFW7INLG8mjhJCHmL7GGvFyc--Fe_PFjbZ00ghsyPVpCrnloq4kL416iCdoB7WhGvV_wAg7Ed7Zq0NVmasPPT7TB83eZG9jNV=w408-h544-k-no,https://lh3.googleusercontent.com/gps-cs-s/AHRPTWnDt1VKera5Nu9aTvsXj9dM3JVRUj2qXfUixmi62ppPNK0IFW7INLG8mjhJCHmL7GGvFyc--Fe_PFjbZ00ghsyPVpCrnloq4kL416iCdoB7WhGvV_wAg7Ed7Zq0NVmasPPT7TB83eZG9jNV=w1920-h1080-k-no | https://lh3.googleusercontent.com/gps-cs-s/AHRPTWmVfkyi8b2x0trq_4JhphV8h2RggrEFYmVFWr1NqQE09wdQxW3ESz_pYFY1-puqEHlt4jOe7uw9Kj_8voLACYjQuRvni_SLV1MTdneOEqVvWCREU9E2qDMn0VrQhU-nrQNuF1BJauRjSKz2=w1920-h1080-k-no | https://lh3.googleusercontent.com/gps-cs-s/AHRPTWmtolZC0Kot1tqY_BGMvcRyvsjlegGeOoWxgBOjlNrgte9nsLnZ8q9dfwWbUUCEfpcsn8AfLovx5ZPXwqbu7kSILMhydBY8E5C59xWQ85V6MPcmaDx7SW-whEtUfcV94q7XPrn8Zw=w1920-h1080-k-no | https://lh3.googleusercontent.com/gps-cs-s/AHRPTWmwr4dGhuckFHCIPltT5e-n3aPTU3AjTCHoAdUsP2YzwP3P6RdqONhbuyMflHxIR4BJFiVJYF93Ont6ye9Oc5TjrGDtEMIxgp7gPlFhosq_jb2izPPUmb-HGjEvcA6z_hNwCvE=w1920-h1080-k-no | https://lh3.googleusercontent.com/gps-cs-s/AHRPTWkx-h-dYtUAhBIRGVSi6KC1Of079wPyUxYo2T-6tQon6kiT9OeTUVIbGEgRmdif5k_srWQCwSqVvmsLtWm6pt8JefpW8uV6FHWYUHNgIA9pLj2JUpAB7-sA0ARGdwnKrtVj-S3iRQUDIE3w=w1920-h1080-k-no | https://lh3.googleusercontent.com/gps-cs-s/AHRPTWndA19TQzwa4xkg8KoCDOhhCrKHrIl3wHovssHkMZNl-NXLIKa_DLsKW-4O0mMLN1f7HLQE_vtexZNhSKA8AmCKlON8rT7vZZIXw09PWJuQIycaW-Ez2vRb2nGNCuWAg4sc96JUSgYW9Bop=w1920-h1080-k-no,streetwear,9,2026-08-17T05:03:25.283Z
A,85,79.5,Hana Store Clothing & More,Cửa hàng quần áo nữ,"281 Trương Vĩnh Ký, Tân Sơn Nhì, Hồ Chí Minh, Việt Nam",Tân Sơn Nhì,Hồ Chí Minh,+84 907 586 277,http://www.hanaclothes.com/,https://www.google.com/maps/search/?api=1&query=Hana%20Store%20Clothing%20%26%20More&query_place_id=ChIJmUFDdSAtdTERZEQUbmXIsA8,ChIJmUFDdSAtdTERZEQUbmXIsA8,4.2,10.0,False,https://lh3.googleusercontent.com/gps-cs-s/AHRPTWnJSHvOgC6vm6BPr0lMBoIkOLwKrEFMMSKrvQhK1pyV8pHv_zRnZpKTYEiu1n8wntJlSAAcwdBzBpJd75YRudtX_Bm2YHWhJ5TMTYtG9O2jtJZuWUH7b49LsVgnH5RA1m9obWQU0IiowwQ=w408-h408-k-no,https://lh3.googleusercontent.com/gps-cs-s/AHRPTWnJSHvOgC6vm6BPr0lMBoIkOLwKrEFMMSKrvQhK1pyV8pHv_zRnZpKTYEiu1n8wntJlSAAcwdBzBpJd75YRudtX_Bm2YHWhJ5TMTYtG9O2jtJZuWUH7b49LsVgnH5RA1m9obWQU0IiowwQ=w1920-h1080-k-no | https://lh3.googleusercontent.com/gps-cs-s/AHRPTWn_AraAnNIAwCBgc66irOaNDyyqUEBFNlX_FjXoU8SorbYyoMpATyP6W0oTkrAayT1yZufDnJ2AhfMqn9sOoAbjaZE-NsKm2KSVeuLApRc_daHzum6IQmD5ezr-37XQLC4a6rm4wg=w1920-h1080-k-no | https://lh3.googleusercontent.com/gps-cs-s/AHRPTWnQtbaCW0TAsUf1h_8nlQbxi7b4aNZAloX28b0BbZs11P6xl2Q6L6TOUWnVTbrbxvW0rJ1MBAW2ddrnjwmF2zVaM2YaJcqbXwoJgLujGQDx-e6AKde6WA8piXOfksuAocYKEii4=w1920-h1080-k-no | https://lh3.googleusercontent.com/gps-cs-s/AHRPTWmLgNp9knIXCsD7ezHXnx3Gux64G-carBz_xJF-2nQo5VmAvWhzch0RXK2LNI-oZE6bAb7XlOU5N8AvP2idhlEJsMGUDGSc8aGUqK3FxCixS8vVQFmxmW50-4hOrs4to-qcI-cZ=w1920-h1080-k-no | https://lh3.googleusercontent.com/gps-cs-s/AHRPTWmhPnTViXfkiYhbdWUgqi7MIWIy4TeK_wMB8A8OFcrQL5HcGlIRcO9SdbccIlXlkWSGvUep3z2XfmVnfmSWr9fhCHJcY1T4YB0MSQef4doXOFOo9EKuQL2ktY2VQBytkwPAAF156A=w1920-h1080-k-no | https://lh3.googleusercontent.com/gps-cs-s/AHRPTWm59szcn5HySsbRUeGwQ70RlXjIU2jADDFCf-5awBKFpRQFFGYSS_whYx4qljozyhc4vXf4rDROnaWf5pO_fTEZteIF92MMRijks5HIPhaYbLx84PgizB18jjBgR7di3BT0IZELSA=w1920-h1080-k-no,fashion boutique,69,2026-08-17T05:05:11.880Z
A,86,79.5,2B CLOSET,Nhà thời trang may đo cao cấp,"261/5 Trần Hưng Đạo, Cầu Ông Lãnh, Hồ Chí Minh 700000, Việt Nam",Cầu Ông Lãnh,Hồ Chí Minh,+84 986 806 729,https://2bcloset.vn/,https://www.google.com/maps/search/?api=1&query=2B%20CLOSET&query_place_id=ChIJTR3xRTwvdTERjEuuqm1zic8,ChIJTR3xRTwvdTERjEuuqm1zic8,5.0,5.0,True,https://streetviewpixels-pa.googleapis.com/v1/thumbnail?panoid=mKTbH1yngOXUQnvBut1Qdg&cb_client=search.gws-prod.gps&w=408&h=240&yaw=134.62022&pitch=0&thumbfov=100,https://streetviewpixels-pa.googleapis.com/v1/thumbnail?panoid=mKTbH1yngOXUQnvBut1Qdg&cb_client=lu.gallery.gps&w=1920&h=1272&yaw=134.62022&pitch=0&thumbfov=100 | https://lh3.googleusercontent.com/gps-cs-s/AHRPTWkou7pQ1bVfXsXmBN0ho8kpfBQR8wURweP4XBQFux6fn_9v3h0SJJdLX8BLtWNFBBJllYDZSHfU5MxGjAm6w8_mIlm6TxCRBAfjjYufb_AflFDQxoMVYQnKdwpfQNjZ99ZNXYHS9A=w1920-h1080-k-no,local brand thời trang,51,2026-08-17T05:05:52.793Z
A,87,79.3,UNKRUSH - Tân Định,Cửa hàng quần áo,"69 Đinh Công Tráng, Q1, Hồ Chí Minh 70000, Việt Nam",Q1,Hồ Chí Minh,+84 916 720 692,https://unkrush.vn/,https://www.google.com/maps/search/?api=1&query=UNKRUSH%20-%20T%C3%A2n%20%C4%90%E1%BB%8Bnh&query_place_id=ChIJ_96s4G0vdTERTJ5cLu1Vh_0,ChIJ_96s4G0vdTERTJ5cLu1Vh_0,5.0,85.0,False,https://lh3.googleusercontent.com/gps-cs-s/AHRPTWklSjRQkHGMJz2UVDDF0E3XKQGyEl-MDRLWj5xbc0Gief4wdKLYSIdKTjWranheOa0fo9NwB2xYVmn_H0sl-uZHf1-KWXjYxnqDNkHvbqfghCvoURqtB-WM-qDkyUW3SQByvcvnzJ5yHYXM=w408-h544-k-no,https://lh3.googleusercontent.com/gps-cs-s/AHRPTWklSjRQkHGMJz2UVDDF0E3XKQGyEl-MDRLWj5xbc0Gief4wdKLYSIdKTjWranheOa0fo9NwB2xYVmn_H0sl-uZHf1-KWXjYxnqDNkHvbqfghCvoURqtB-WM-qDkyUW3SQByvcvnzJ5yHYXM=w1920-h1080-k-no | https://lh3.googleusercontent.com/gps-cs-s/AHRPTWknx5mggXLZW4l9FyYoPLYHSCgcm_BbDpA6i1nAw2hIxtvJAq4z8k_YEIDrI-nlmSY9el_7WfMlEiHOWH0BFO_uEyavPDoVeW81MMp7jVPf6MIPOzRaSPTiWcrqSVMNJfwb_a0bIOkIS1Ba=w1920-h1080-k-no | https://lh3.googleusercontent.com/gps-cs-s/AHRPTWmwBGkyowogz8lBPqz-WUYybgJEU64b6ngdikvxM6Pt3SrN65Ph73l_7hKbCi00wYalS5ERdwyPfRtkOIbPBlf1c_cNn8WXMJNhkYtuQ_FrWSbCVxWbMmf-oWkx0yegXNp6_0D-u2QFlns=w1920-h1080-k-no | https://lh3.googleusercontent.com/gps-cs-s/AHRPTWmBV4lNlQNkN84zxwg9sJMPnQFkXYEjHFcTBKB1kmcFydxbXao2kKRi0bvlNaCmPgwRQYkVHRU8fEBNpNPKI-n15gL9DBBlE419hlqK2qF_xxIn4wjt-cMSPL0AvBxBWLNeeenQu4mky8qh=w1920-h1080-k-no | https://lh3.googleusercontent.com/gps-cs-s/AHRPTWlPvzXlaZfj4CpHaRUVmNJmfkoq14vLcXSSainLp885swQ9zg1cB17-oO3tvFnomxABa0iORkKJRxAzEF2gM8NZGGEc1gDLx4SWtNmhBtPHkesVGIilaLSXMqQegxc6ql7VCzRq05lW1hBq=w1920-h1080-k-no | https://lh3.googleusercontent.com/gps-cs-s/AHRPTWn29C86YooxPiHHVCisItNpEZOrKmlMMOJSpJOIcMrXWSlQDBZ2w4EXsXGnISwG0j5pjW2DUvdJZl8OFbOb0Q8BoAdsCMTRk1GHP5ptlK1aYiiOSoit66q_OtbqAex6eIKh31BB003CNWs=w1920-h1080-k-no,streetwear,14,2026-08-17T05:03:03.717Z
A,88,79.2,Sibling House Trần Quang Diệu,Cửa hàng quần áo nữ,"36 Trần Quang Diệu, Nhiêu Lộc, Hồ Chí Minh 72112, Việt Nam",Nhiêu Lộc,Hồ Chí Minh,+84 903 916 556,https://beaconsai.com/siblinghouse,https://www.google.com/maps/search/?api=1&query=Sibling%20House%20Tr%E1%BA%A7n%20Quang%20Di%E1%BB%87u&query_place_id=ChIJm3Jp3gEvdTERTO-fh86XRrA,ChIJm3Jp3gEvdTERTO-fh86XRrA,3.6,30.0,False,https://lh3.googleusercontent.com/gps-cs-s/AHRPTWm9QMgiNW7wK2kthaDeolpZ1oFMPs-pGwWtVpaWWGKLa-fR7Ym96mKfvUAV3fmIrSddyoZAefSCrEEnzwbqihhZMjxF_P9RnlHFDIMuFZGS_lKb0hut17i0_fn581ZA8gratUHv=w408-h306-k-no,https://lh3.googleusercontent.com/gps-cs-s/AHRPTWm9QMgiNW7wK2kthaDeolpZ1oFMPs-pGwWtVpaWWGKLa-fR7Ym96mKfvUAV3fmIrSddyoZAefSCrEEnzwbqihhZMjxF_P9RnlHFDIMuFZGS_lKb0hut17i0_fn581ZA8gratUHv=w1920-h1080-k-no | https://lh3.googleusercontent.com/gps-cs-s/AHRPTWltSNJC0-NnPQU9tYXOk_ItBHs6HaV9B7Di00QMDd81_-s9Q2zftbhG4gd_hTaI-2_tdL2-PHdqeno-3TKH7cjnmJDVSnrnTpYdICGvymw-Z2YhVGDNkV8iO7OvVEUqETgOyJ7N=w1920-h1080-k-no | https://lh3.googleusercontent.com/gps-cs-s/AHRPTWlKe2OKFob7VKfqkG9dUdYu-9MuRFiMY7WZZx73LEPNxbthiVdWrqqsbhVeVGQ74nmAt-fldug6IDwofzixixB9u66J4ZUsZIYGkkLPlGCOEzacYMUsOsQlbc_iCbjqVBOImDAa6g=w1920-h1080-k-no | https://lh3.googleusercontent.com/gps-cs-s/AHRPTWnK1zRZf5K619X2XQIkplrn6VXmtOnjXVNs9-m5QVol1qaFYbS1Th7zSPxfMMP4iYJnYx6r71X6k1pO3NZUMZKy0nk4Yneo_zGsTMrNT3lKCvTshF0A6R-QjElvf8f0i6KfBtrf=w1920-h1080-k-no | https://lh3.googleusercontent.com/gps-cs-s/AHRPTWmDHLRQqKmSOkUiBCRKczVsGiSyxp8V7naQH7Uf2rxO4MHPvCDJydgD0h_x4G6DtGte-xSBXGR3oGYUHRezK0UiwwRpPYYpRx3uiEjQsJh3O46nBrIqCtEfhDf4oJu7H3O1uvv6=w1920-h1080-k-no | https://lh3.googleusercontent.com/gps-cs-s/AHRPTWk2pIsuibuWB9mMZnDiJBRvaHG6KNGNCYiDmT4jh4vNge2egC6tHe8zOSWkDlQeu1Wnz5JiPUGYJjE4vJvNlkyi4URkGgPb4q_JOkEmsZWh9j8Ndi3dHPP0nt21kgioXoILZNnr=w1920-h1080-k-no,shop quần áo nữ,76,2026-08-17T05:05:53.737Z
A,89,78.8,Hity - thời trang thiết kế Việt Nam,Nhà thiết kế thời trang,"248 Đ. Lê Văn Sỹ, Tân Sơn Hòa, Hồ Chí Minh, Việt Nam",Tân Sơn Hòa,Hồ Chí Minh,+84 935 953 858,https://hityfashion.com/,https://www.google.com/maps/search/?api=1&query=Hity%20-%20th%E1%BB%9Di%20trang%20thi%E1%BA%BFt%20k%E1%BA%BF%20Vi%E1%BB%87t%20Nam&query_place_id=ChIJPaLbcT0vdTERj5a5cIMH9Ng,ChIJPaLbcT0vdTERj5a5cIMH9Ng,4.9,33.0,False,https://lh3.googleusercontent.com/gps-cs-s/AHRPTWmdM2CDM36Hy9t0z3PSe-SuFU2TCjguY0Zi5ayCnD_8MoKYC29YhyWpsZC6Pn5XIV4HMI6bh4J5c30JJQdARC45FDZwjG2p3zdPfuMHRTE0tDzQoYRpz762c08Rf-eJtYWatPpISVeWQTJ9=w426-h240-k-no,https://lh3.googleusercontent.com/gps-cs-s/AHRPTWmdM2CDM36Hy9t0z3PSe-SuFU2TCjguY0Zi5ayCnD_8MoKYC29YhyWpsZC6Pn5XIV4HMI6bh4J5c30JJQdARC45FDZwjG2p3zdPfuMHRTE0tDzQoYRpz762c08Rf-eJtYWatPpISVeWQTJ9=w1920-h1080-k-no | https://lh3.googleusercontent.com/gps-cs-s/AHRPTWnr2CJAeMAgokH7aov_AlL2hh9D_EjvIARYk7Jzj9jLrVVqU17yP2cWLOjBdm1S_3HdxNorcS2VsuYTZXSLpP0VloAhc2kmTUx1z1EVKNblerDDEa77fJOVHozfZ9eHuIgw-rur=w1920-h1080-k-no | https://lh3.googleusercontent.com/gps-cs-s/AHRPTWkXzTK2BRe4yivQiFjXciyMAcDpNP4vgw4PWWQ1JGAtkJJM-w5Nw5V1rGBQi0zmK-uMo92T53BD7r__VPc5doDeHzr9C7yrzfnYsiBIJg3z9qk203diIzBZY_6b3eZc_SPG5Ffz4jWB15o=w1920-h1080-k-no | https://lh3.googleusercontent.com/gps-cs-s/AHRPTWl15CwtVQBNEEbq9d4AjC6NjakPexDDH1HZdVFZtrRQ7qpUUcZodcNFKMqsSOv9mES3RMu0mrxqsFwR_kN-MQCuHnhrVNHEJP9Un_y4bNZBo4dJDFXmubMcxLXRN-P38Cuy_kmO=w1920-h1080-k-no | https://lh3.googleusercontent.com/gps-cs-s/AHRPTWkoX8w4hAf6HYhw4xIaC0J0RWXOI1K2nVv9Zzf3XUyNbxXN4VdzpwcgTb_hREUyGBe_QyQU1RM-VW0vOq0SgOIL4za5GzZXLolzSoJtiTr3QyqJCugIjJN0QmqNqUjkHyZe5HF_8uv_XZli=w1920-h1080-k-no | https://lh3.googleusercontent.com/gps-cs-s/AHRPTWkKJC3ninhYmZt-lwDRxazyBgjzBzDjSrearBq_uLrSphL8T80oLB_RSb5PSlAKiFfoWTi33n3ryPE9eqbxMwzJXztsaX38tDh5yWYb8hXgpGMia_vG7YOGIE0RtiKYuJw0ndi4tYSuw9tc=w1920-h1080-k-no,fashion boutique,83,2026-08-17T05:05:09.616Z
A,90,78.8,Rue Miche L'édition,Cửa hàng phụ kiện thời trang,"Unionsquare, tầng, hầm 3/171 Đồng Khởi, Sài Gòn, Hồ Chí Minh 70000, Việt Nam",Sài Gòn,Hồ Chí Minh,+84 904 260 842,https://www.ruemiche.com/,https://www.google.com/maps/search/?api=1&query=Rue%20Miche%20L'%C3%A9dition&query_place_id=ChIJw44if4wvdTERIIdYEQM87HM,ChIJw44if4wvdTERIIdYEQM87HM,4.9,791.0,False,https://lh3.googleusercontent.com/gps-cs-s/AHRPTWl9Lq-SQlYSWll--LUB0TpVro2UY-FGtbMqOG6dZqw9ZrKplwIQYO2eceMDnrQ5sjq3kbwg791HdoolWyox3x1HeSyLOnScZ3HfHkVtlpsVX3KJV8OJl2GfG30abtnTAnQPqI-5d7kbOHX4=w408-h271-k-no,https://lh3.googleusercontent.com/gps-cs-s/AHRPTWl9Lq-SQlYSWll--LUB0TpVro2UY-FGtbMqOG6dZqw9ZrKplwIQYO2eceMDnrQ5sjq3kbwg791HdoolWyox3x1HeSyLOnScZ3HfHkVtlpsVX3KJV8OJl2GfG30abtnTAnQPqI-5d7kbOHX4=w1920-h1080-k-no | https://lh3.googleusercontent.com/gps-cs-s/AHRPTWkS6E7s_hVMneRDTnjFrzSV0-nL5DXRyVcghJdBsgRLa0GWE7Xlg9I3fwOXc6yZp6Oq15_hmYZxT4-2ITXP4zrjNi-7DZEKuP2CvLtRuqUPE3JkLqbL7AB18n1Cv3fQ-C9ekS7s204xphU=w1920-h1080-k-no | https://lh3.googleusercontent.com/gps-cs-s/AHRPTWlVKuFGYLO0yLV4qQJwBcyNJVQnzcsYyjsvU8pONu4UDgEXbfh775xtoOgcwS-w1cNd4vT78saiwFnO80F_AadHsNIkttT_doHgobT4vfH-CXNjDn_Cq40Q6Ft1wWdJ9YuvQBl78o7MF949=w1920-h1080-k-no | https://lh3.googleusercontent.com/gps-cs-s/AHRPTWmTwylh7glI7XcQII74F5EV6hjO037LWqzN4NEyuPc_JxUoR4WksJHHTmRWq6Pa5TaWCt3vQIF8MeJNqQXQrCamIbM5Iy5D2t5sElzI5QoTLdJzDC0gvx2qlbeDkm_ycLwOWvno-5O-Lnjt=w1920-h1080-k-no | https://lh3.googleusercontent.com/gps-cs-s/AHRPTWl7ZZ0zgEk33TaLkGPXDi4wQ8dCNVXKz-pq9vDOWnLvS85eJBCIpfDTfsSMiaTDOewBxVbl4ui75rUkCzP_fm704_2bkKuK_OXckwv8pXK_ymuvnTJyrLlodO5aWKrEWzXHKnA4Byji0qI=w1920-h1080-k-no | https://lh3.googleusercontent.com/gps-cs-s/AHRPTWkL9V16_s2_kejBzzWCy78YPXw8I3mfDs_1PxzT5rWLqb8q5wzJx7mLyYUAV-z0bMk_GulqB5EQ8XgMSwJP7CvXL6XULxSXRhWkmfJjXEex2mDstLoqn1K2bKNybQr-02E_k0u6hc7JVw=w1920-h1080-k-no,local brand thời trang,103,2026-08-17T05:05:16.468Z
A,91,78.8,RECHIC LÊ VĂN SỸ,Cửa hàng quần áo,"336 Đ. Lê Văn Sỹ, Nhiêu Lộc, Hồ Chí Minh, Việt Nam",Nhiêu Lộc,Hồ Chí Minh,+84 28 7300 1143,https://rechicbrand.com/,https://www.google.com/maps/search/?api=1&query=RECHIC%20L%C3%8A%20V%C4%82N%20S%E1%BB%B8&query_place_id=ChIJ-9XQgakvdTERxVotfGlNomc,ChIJ-9XQgakvdTERxVotfGlNomc,4.8,548.0,False,https://lh3.googleusercontent.com/gps-cs-s/AHRPTWk_79BOJexDiz9Gem_b-G2Kd7qpqHk7uAphSV5ViEspsbxvtpJ3QSEea6M-MHVX-zxykSzpjushA2T6Wuin-MQLejf_-e4xMsY7aDKhOmSTMdvEp5UWkIpw5l1uqmvrIVaMs0Tdu-kePKKJ=w408-h326-k-no,https://lh3.googleusercontent.com/gps-cs-s/AHRPTWk_79BOJexDiz9Gem_b-G2Kd7qpqHk7uAphSV5ViEspsbxvtpJ3QSEea6M-MHVX-zxykSzpjushA2T6Wuin-MQLejf_-e4xMsY7aDKhOmSTMdvEp5UWkIpw5l1uqmvrIVaMs0Tdu-kePKKJ=w1920-h1080-k-no | https://lh3.googleusercontent.com/gps-cs-s/AHRPTWlR4zOslJoMYXJh2rI8s6-jMvaxIzB0Wgu3HRtJHmSglq9KLP0EJeFmhNS38qEz8iBgUB3THIvv4dl7XyWAnDBf36BltZuloyLliKF5m7c9VjTVgMfi3YlGQQxjgQeY2Mt_TaEBqc0hdpA=w1920-h1080-k-no | https://lh3.googleusercontent.com/gps-cs-s/AHRPTWlC6LmYgciakJPkEbeeULr0a8mQ3fg6L9p8UgOpMwr1tG2wTLgefCPBmHIIOF6kKjTCyQvsPJxm5Pzdy-WqCf5Uv5SFgen5t02p2EJqZZGmzQutS80YOGtMaeIoVTVNYaMnorDIUtlfG2TX=w1920-h1080-k-no | https://lh3.googleusercontent.com/gps-cs-s/AHRPTWmfQdYiEK4mWe60ruXL_LsYbaYdG1QM1HDQOHdvpB-YxzD0bE8_K07vevGCUAA4LBmP5GQq2v6pk3w73l7_LbEAwKHD6ezQtUNb6u73Vs-GaWn3irbvQfx2ZbhpPhOy91UjdwAI=w1920-h1080-k-no | https://lh3.googleusercontent.com/gps-cs-s/AHRPTWl0V23kekLBeBa5o1JgNNgGRUV0WXDJ3yUzIBQymDF0uqpmnrv2zdbqtN9JsDKJk8-zOaLwBfszG8aWh2tuHurn0SrRYOkdvIu8utfcBBlPZCgUEA7JBJ40v05mStHdw_qi2taTkhmmRCnd=w1920-h1080-k-no | https://lh3.googleusercontent.com/gps-cs-s/AHRPTWk8DQnzhmaxUrR4WdAIUNyZYmC6Li2oZ67u2WqYHeAJD8aw40I6AD7QFsBfAEAmErOStm-dzafeLYsT11PtQS_IKsr1F15IEDaTRi-vAgiRlDbkfaAGf06oBl7UrDSdgYgkZ5pks5mMGrY=w1920-h1080-k-no,fashion boutique,84,2026-08-17T05:05:09.448Z
A,92,78.7,GoChi shop,Cửa hàng quần áo nữ,"32 Nguyễn Văn Ni, Tân An Hội, Hồ Chí Minh, Việt Nam",Tân An Hội,Hồ Chí Minh,+84 902 780 816,https://www.facebook.com/gochiquangchau,https://www.google.com/maps/search/?api=1&query=GoChi%20shop&query_place_id=ChIJ3bGD-VIrCzER887kZVsSH9o,ChIJ3bGD-VIrCzER887kZVsSH9o,,,True,https://streetviewpixels-pa.googleapis.com/v1/thumbnail?panoid=q-nC1QzTMxFCx078tgKxWQ&cb_client=search.gws-prod.gps&w=408&h=240&yaw=124.00478&pitch=0&thumbfov=100,https://streetviewpixels-pa.googleapis.com/v1/thumbnail?panoid=q-nC1QzTMxFCx078tgKxWQ&cb_client=search.gws-prod.gps&w=1920&h=1129&yaw=124.00478&pitch=0&thumbfov=100,shop quần áo nữ,86,2026-08-17T05:04:19.106Z
A,93,78.4,SBHN,Cửa hàng quần áo,"81 Đồng Khởi, Sài Gòn, Hồ Chí Minh 700000, Việt Nam",Sài Gòn,Hồ Chí Minh,+84 966 699 881,https://sbhn.vn/,https://www.google.com/maps/search/?api=1&query=SBHN&query_place_id=ChIJm5Tnq68vdTERt_9VDuTZpfY,ChIJm5Tnq68vdTERt_9VDuTZpfY,5.0,36.0,False,https://lh3.googleusercontent.com/gps-cs-s/AHRPTWm_FKC8KgjGpL5aeE3_1jmFWFU63Ptu0RFTkXr1sOFhMSwM7QT-rFTczm0uSe-hCYh0zlW56JeCS7YRi0XfTHE3Q6fmpCxY7aXFaN8Zln7C63h8VMKFBgA-rxirb4uH49sNyvTe2mtxegJh=w408-h590-k-no,https://lh3.googleusercontent.com/gps-cs-s/AHRPTWm_FKC8KgjGpL5aeE3_1jmFWFU63Ptu0RFTkXr1sOFhMSwM7QT-rFTczm0uSe-hCYh0zlW56JeCS7YRi0XfTHE3Q6fmpCxY7aXFaN8Zln7C63h8VMKFBgA-rxirb4uH49sNyvTe2mtxegJh=w1920-h1080-k-no | https://lh3.googleusercontent.com/gps-cs-s/AHRPTWlrz3QPfDHniMegZRapwstaiazagtFA5FWenYIItDFYihzmpw5VrO7G0ZICCpfBA6xCS57Yn1jmUxCsRrSNltZ9BtzuLKpU_sQ8nmx8AlN-g0u3lwIdjJceiTbAJMF1Ls7tFFiaNqKiZD0=w1920-h1080-k-no | https://lh3.googleusercontent.com/gps-cs-s/AHRPTWnztXQDGxn2w2zsPsUQKiuveIK1EYhM-atg9lVaKyImL5psv2YoQNYKSyjZxXiRnq0jcYljzeE4FurvpqxpnGPdWE7KVFcM3QdoOQaUYFtmVeoj2BDR6hD0wIX1c3yWRbpyDQWkaFens78H=w1920-h1080-k-no | https://lh3.googleusercontent.com/gps-cs-s/AHRPTWkiMDwFmINaOThuWFnXD1FJ5OtQBA8q7ZWIHHUqK8Gw6YWbdnwm0pTjrRy2rg9sBXIHCdqEzMZNUzrPSO9jJXdj9l3fy3CuemSo52r7T4F7by2HpvuHNa5Ld4AFzxZHMcvsTE7aXkiMc2Y=w1920-h1080-k-no | https://lh3.googleusercontent.com/gps-cs-s/AHRPTWnbCitC_0Z5-hPXUtNIHzeJ3YtRkKTvp4Ym1y9pf83lXD5gcXyao1O786TZl2Ak6QsNfn5VQfCOUCK3t1WqkQ0VS-BdiiwEnfY8V5En2kyOFpIrnvr4gXtHfrX9vvzOklomJ5gUshO1SFs=w1920-h1080-k-no | https://lh3.googleusercontent.com/gps-cs-s/AHRPTWkY_xNZTe6K6VyN8WGdzTXZ9FwpVElxw_BWTWOAgocSOx9ehKZwKGIH75X49sUxkcRDcxDJc_ZRItQ94OTesGlALACXg667vJsT1w52GlgK8oQmSUrRgkFfy6PWXx5HJ8aQJlBcWDoHo8rj=w1920-h1080-k-no,local brand thời trang,12,2026-08-17T05:02:23.934Z
A,94,78.4,DEAR JOSÉ,Cửa hàng quần áo,"49A Nguyễn Trãi, Bến Thành, Hồ Chí Minh 70000, Việt Nam",Bến Thành,Hồ Chí Minh,+84 901 437 569,http://dearjose.com/,https://www.google.com/maps/search/?api=1&query=DEAR%20JOS%C3%89&query_place_id=ChIJwwlnWS4vdTERpL640u6KKVE,ChIJwwlnWS4vdTERpL640u6KKVE,4.5,192.0,False,https://lh3.googleusercontent.com/gps-cs-s/AHRPTWmUgNKlruJI3R9lmrwh8ocAcJBLUNP3dx0NT8WvytJSRQbN1-84QeAP5-Yod5Wnxo7gOEmsGs1NMPguMboGpXmd6Gsd5AWiIc5rbc99We1jaUA-Okvcpndnz03-txl-yykJvpo3B8ysFo-_=w408-h544-k-no,https://lh3.googleusercontent.com/gps-cs-s/AHRPTWmUgNKlruJI3R9lmrwh8ocAcJBLUNP3dx0NT8WvytJSRQbN1-84QeAP5-Yod5Wnxo7gOEmsGs1NMPguMboGpXmd6Gsd5AWiIc5rbc99We1jaUA-Okvcpndnz03-txl-yykJvpo3B8ysFo-_=w1920-h1080-k-no | https://lh3.googleusercontent.com/gps-cs-s/AHRPTWn3eLQathp1Iaw1vc8MhoWCV5YqBUCZUqQwHRjid9VUshz3GmjsauHKyvLX1LCzh6Weom7AhPaah_ZC53RRGgEH081nooPEyQFhgT3Y8yOdYUgNa0wn1ddeYECtKxxHfEPcroTk1RFW6TQ=w1920-h1080-k-no | https://lh3.googleusercontent.com/gps-cs-s/AHRPTWmyfev29X9pur0Qowy_iWQmFVPOQotizpNGLm3RoBULDze5quREX8RV3gMOc-eHCFfk_SS24xlMX0ElpJ2YkLpUy8IJTU-7i95D8RFRX06pwiSOcPWxOPGA11AX0i7aUwxhAERM=w1920-h1080-k-no | https://lh3.googleusercontent.com/gps-cs-s/AHRPTWm0BNOMsIa2gfbh3aUFaw_w9Xb_jy3-F5a7QwUQzcKn239QkWu3MWWyoI_XlydeoLdDh5xA9kWw5oYLpb651k-5hwA6rG6tibruBCHSHOOC8U71rTMZzfULYTrejxBerRE5azISdq0Sx4ia=w1920-h1080-k-no | https://lh3.googleusercontent.com/gps-cs-s/AHRPTWkFXK1S7khzbZTNNglnFUyIz4eQc8Hbnv5GsxBmTDb73COmU5N-Vf5ZnPivY7Is6qrWEJilvrvGtDtFdStY5cQxEKeMAiSr9FtFh-ma8sZD8hs_V0xj8KgU71oUqNCDColgX3Rm4dUtULdI=w1920-h1080-k-no | https://lh3.googleusercontent.com/gps-cs-s/AHRPTWmSUutxlst2_qiEiWkw_zEFDPFgKqpy__Qum4QPckEOacMSM97zLdeltRD8h-axO7UViOwugHtY9wc8oKK1UW_bCpBOw2r79eIh0RPo5SV3M-Ue6mzzEodBXEBJcUCi0GHv0lo=w1920-h1080-k-no,fashion boutique,52,2026-08-17T05:04:53.347Z
A,95,78.3,TSUN,Cửa hàng quần áo,"B1 Vincom, Đồng Khởi, Sài Gòn, Hồ Chí Minh, Việt Nam",Sài Gòn,Hồ Chí Minh,+84 934 076 342,https://tsunsg.com/,https://www.google.com/maps/search/?api=1&query=TSUN&query_place_id=ChIJpaWzmtQvdTERIVIdaIbleBw,ChIJpaWzmtQvdTERIVIdaIbleBw,5.0,496.0,False,https://lh3.googleusercontent.com/gps-cs-s/AHRPTWmOT2aDxYFT-rWYxc_1-g4taqhDOUjR6ZOsXBsJldaHCvQTmY9a54s2cEtRtOMk4AdA_Ljahi-7MIm4B7_je-DVSgPjFeeUM87jFsC1m_JhNMwmZqiY0rgL0uF5_J2Gp4jKnPYT2aK-zdvC=w408-h544-k-no,https://lh3.googleusercontent.com/gps-cs-s/AHRPTWmOT2aDxYFT-rWYxc_1-g4taqhDOUjR6ZOsXBsJldaHCvQTmY9a54s2cEtRtOMk4AdA_Ljahi-7MIm4B7_je-DVSgPjFeeUM87jFsC1m_JhNMwmZqiY0rgL0uF5_J2Gp4jKnPYT2aK-zdvC=w1920-h1080-k-no | https://lh3.googleusercontent.com/gps-cs-s/AHRPTWmv7wrz_M6gtOdItnuVy7a6-JsgHipTqXkvt__7ktV-vwRGkMeQQxuezDwAOjKv7dgA5ZYnm1HG1u1RFKIBnJY_iZNvHjHrsQ73SZec3p-Lq3FHYQ-ccCQbs1KBWnZVICmlbiuFeSaWEngA=w1920-h1080-k-no | https://lh3.googleusercontent.com/gps-cs-s/AHRPTWntseUVNa_zR5wml7wpzws42q2RCCetHfoLV_y5e00X7M6X3kYQ56girhu4XyOEn8-f5UULiTLP4CNV1Lj5vAdfz27_dp1UaPCnq96SPC2ZkXUPjtqUyfyslwODCXt6hmLkgeEl79kUNO0=w1920-h1080-k-no | https://lh3.googleusercontent.com/gps-cs-s/AHRPTWm8mMMEYpJTNkZxH0Hbm0TkjvYLUi6h0Xz6_GkPZHDG3_1h0q-qsQAFjnS9xECMZuPGrYHMpbxfNZHhJSNizdSc7p65diHGJ_z4P_lFmI9n8GwRCkNWNSDxP3RSw_If7tSVb7MRBJHLKY0=w1920-h1080-k-no | https://lh3.googleusercontent.com/gps-cs-s/AHRPTWkYcVwJkn00Gb7hiqlAhoMsX1Wk1NMTEyyOdvguIGUGN3WXR0DIXXT7DRxneZShdpzOKX3c-mMdmeOAfIkABSyN7P2jc8nyXkCYxmbv5CADgdkHDOd0uEAOY7qXzbqmy1EHgOFvbJLbIhIH=w1920-h1080-k-no | https://lh3.googleusercontent.com/gps-cs-s/AHRPTWnpqRalQ7m9LaSiIySMmkQwNtvjhFcrjGrXWHhvoIy-65eKDnHeOczgPKYU8yIbySMHAuR7ImppDLlcQsqcb2jGp37ei4TxwTrIF3jj4mwaK1DYt_zWQXtUNCnPmdj3Z37Evw57QLx9qzbT=w1920-h1080-k-no,streetwear,73,2026-08-17T05:05:52.517Z
A,96,78.2,JOPCLOTHING,Cửa hàng quần áo nữ,"chung cư 10A Trần Nhật Duật, Tân Định, Hồ Chí Minh 700000, Việt Nam",Tân Định,Hồ Chí Minh,+84 938 832 020,https://www.instagram.com/jop_clothing/,https://www.google.com/maps/search/?api=1&query=JOPCLOTHING&query_place_id=ChIJQ0oBitIodTER28Lpy5EkfdE,ChIJQ0oBitIodTER28Lpy5EkfdE,3.7,29.0,False,https://lh3.googleusercontent.com/gps-cs-s/AHRPTWnWwDkH7gfUcJbP_BnchsGdXQ9dewAEGFUFvklughDNeSrq7DG30eDCY5WbPQoyWOX8dAjiQ-c8iWncOdkFvCyRHviisLV8MBYOQ5k8wp_4s7NPkXfRJjdqinMJMD6B9VtVf7huhchRNMQ7=w408-h544-k-no,https://lh3.googleusercontent.com/gps-cs-s/AHRPTWnWwDkH7gfUcJbP_BnchsGdXQ9dewAEGFUFvklughDNeSrq7DG30eDCY5WbPQoyWOX8dAjiQ-c8iWncOdkFvCyRHviisLV8MBYOQ5k8wp_4s7NPkXfRJjdqinMJMD6B9VtVf7huhchRNMQ7=w1920-h1080-k-no | https://lh3.googleusercontent.com/gps-cs-s/AHRPTWkgg1eIll0PxNPZS2VVsNDBvc_aiblgf-KTtqqzgQ8BlKKWmm9OA5liz0y8fhQaQXFwdGekYU2PAZchqk1SdWTs1Rfx4PQVOGkyvvcisD4tdroL-ZDdhp-iMqIbs7ejazsYWvCMopyD0qM=w1920-h1080-k-no | https://lh3.googleusercontent.com/gps-cs-s/AHRPTWkfiBKHnQ_ViHqG9X0_MSBwaTy0BFAJpYD7sRjGo_xmJy_CgcVst0IbTL5vcHJ3HU8cpDRsBTfxkxkThONUFNX8QwGZYjVgKqHEmf3fUGn8ns8cDkIwgQfc6sX7EwrswrYiUTdCv5MFuWeb=w1920-h1080-k-no | https://lh3.googleusercontent.com/gps-cs-s/AHRPTWnEvKqeOGh0sCRqiZPdpfuJfhdUxrcBATbHQJzfoaAdVxk48nrKJrMsxk-YCqXJrkk3r2ZTAvMr-Rdh6cNiJN29qi9qB2tj0U24X8PYJZbt_SDzOOOpm3FVPhvAYGiNjB95Wa1NLuHXTK9O=w1920-h1080-k-no | https://lh3.googleusercontent.com/gps-cs-s/AHRPTWkVpbkC8eXdndVrVec-SChHx7uRMKljI5srCwshDA7r0CfTLfpeWUckiz8EKzPoLRdGj6YCg_AruwZSmLUZZNzhYHmdM5fo9skZ0ePgbt7FID4M_ZPCOjzTyxtCmdImps13pl7A=w1920-h1080-k-no | https://lh3.googleusercontent.com/gps-cs-s/AHRPTWnG2AhefvZ5aQJZtoLI3OMem-pYCP76iWUBj_FgNovPf3xZ_udd7DlmbSzNP7zrhoa7O3n_WFVmqfD8ZDWmuEEa4snVt6beojswGoGMs7W_Am4Ivcj-VdK90pDINzlGNGvruEfc=w1920-h1080-k-no,shop quần áo nữ,97,2026-08-17T05:05:39.057Z
A,97,77.8,CLOUDZY Bình Mỹ,Cửa hàng quần áo,"412/25 Hà Duy Phiên, Bình Mỹ, Hồ Chí Minh, Việt Nam",Bình Mỹ,Hồ Chí Minh,+84 909 527 506,http://cloudzy.vn/,https://www.google.com/maps/search/?api=1&query=CLOUDZY%20B%C3%ACnh%20M%E1%BB%B9&query_place_id=ChIJQ6hgQS4pdTERtfBAmPV_yHI,ChIJQ6hgQS4pdTERtfBAmPV_yHI,4.1,22.0,True,https://lh3.googleusercontent.com/gps-cs-s/AHRPTWlWGWokWhKaad6ebd4Klbtjpap8wWncvY8Z0EuN6qZhkRT0qBYX8HzATj_w-Zl3zddMdcH0d4Yj-TOJQtx_QIwdO1z-1hwiYcYLxv4Wx2XaYBYnQC0Y3g9k-c2lkTGc9LUD16i4M9rMtYka=w408-h544-k-no,https://lh3.googleusercontent.com/gps-cs-s/AHRPTWlWGWokWhKaad6ebd4Klbtjpap8wWncvY8Z0EuN6qZhkRT0qBYX8HzATj_w-Zl3zddMdcH0d4Yj-TOJQtx_QIwdO1z-1hwiYcYLxv4Wx2XaYBYnQC0Y3g9k-c2lkTGc9LUD16i4M9rMtYka=w1920-h1080-k-no | https://lh3.googleusercontent.com/gps-cs-s/AHRPTWkGoEkyHKP2wXJKBRBITL_6TFN5Ggs_OnstzGtTKPrH31yO7OcIFWsVz4RcluWC6oeiSzP_1Ulh3xRJbVlMvEiV4vt5PYj-0jYkqsadkQGSouOEXTsU80fBQwzmQycMyAKK3zhq=w1920-h1080-k-no | https://streetviewpixels-pa.googleapis.com/v1/thumbnail?panoid=GYWsZMYMsPv2greq_BQ6Ng&cb_client=lu.gallery.gps&w=1920&h=1272&yaw=136.41331&pitch=0&thumbfov=100,local brand thời trang,3,2026-08-17T05:04:21.445Z
A,98,77.8,Viettien House 260A Phan Đình Phùng,Cửa hàng quần áo nam,"260A Đ. Phan Đình Phùng, Cầu Kiệu, Hồ Chí Minh 72211, Việt Nam",Cầu Kiệu,Hồ Chí Minh,+84 908 412 092,http://www.viettien.com.vn/,https://www.google.com/maps/search/?api=1&query=Viettien%20House%20260A%20Phan%20%C4%90%C3%ACnh%20Ph%C3%B9ng&query_place_id=ChIJ6z__t9YodTER2vaHuw8HyvE,ChIJ6z__t9YodTER2vaHuw8HyvE,4.3,75.0,False,https://lh3.googleusercontent.com/gps-cs-s/AHRPTWlixqCYFH4cvyg_YA_9za0WtLqePGQkn2EvrX2Eh9wwtJh1QIt0Zd_vG7AHXCcdp1D-DrIKHYYOA9Og9QfIyNjiYH8nbHvw-j2AkJS9x3wWeQpLLoDwnUwjpnpig3K-flK8nX-XsYnfL2U=w408-h544-k-no,https://lh3.googleusercontent.com/gps-cs-s/AHRPTWlixqCYFH4cvyg_YA_9za0WtLqePGQkn2EvrX2Eh9wwtJh1QIt0Zd_vG7AHXCcdp1D-DrIKHYYOA9Og9QfIyNjiYH8nbHvw-j2AkJS9x3wWeQpLLoDwnUwjpnpig3K-flK8nX-XsYnfL2U=w1920-h1080-k-no | https://lh3.googleusercontent.com/gps-cs-s/AHRPTWnp_t-135DopQSXX_7Cj2dOoiC6I8ryqqEoLJnffCTPFbvTDYmMTgUQfz-IXUegpE5YcCPO5RriMaIkS1n9qEFRZ-CBIpjRs8PeLOF5gzovP-M1cfhBA-Mj5iOji9xuurIJ2iA=w1920-h1080-k-no | https://lh3.googleusercontent.com/gps-cs-s/AHRPTWkyMN1-Rx40jJ4ifdVaG4l-gGXUGSWap_aidE-BvpvStQTehRXkbxV9L01jH0F2uFpKWLgaTqaCt047Ge30hEQh_oo4qa2StCyzSTVsRp42GREZr1GYQAVXMjwbUEnxTC1dS2D6apKap_8=w1920-h1080-k-no | https://lh3.googleusercontent.com/gps-cs-s/AHRPTWkVt-gGG0ehbRb1wDylvSEjnJZikEErxP9EUYvHFYemn6duY09gpjzGSAnlmY8Op_P4T9lB-t5ENBMigpF7o_vMBW03pz-Ai6jjyNxgsGv2pQpWjshjnkfZ13ypTC44y0xPQSqIwQ=w1920-h1080-k-no | https://lh3.googleusercontent.com/gps-cs-s/AHRPTWlnKbiJrxtvnVbnUh1_HB2HQ-F1MsEOuMU5Pr1DH7_EOAyncW1HF45ayPQrKl4vav2DuEvRKSLq5tr7YGolW7C2pq1FrBjtV11ZtVwmt5u-duUucwbmQqvil0VxzxGhQGQymOHc=w1920-h1080-k-no | https://lh3.googleusercontent.com/gps-cs-s/AHRPTWkV2MtC21Wm91H6t8aCM3kGNEHHU1rpanA3Y9xjmLbPSoU74L66ZSHDqab7-3_UtUstFz3Bic-K9J8qlQvuKULPvYvai2hv4vQ36pn4eX2pLBA-K7-w4xdP7Rg2uu83V7a6quSiiw=w1920-h1080-k-no,fashion boutique,144,2026-08-17T05:05:11.146Z
A,99,77.8,Đồ Si Dì Tám,Cửa hàng quần áo nam,"21b Bắc Hải, Hòa Hưng, Hồ Chí Minh 008428, Việt Nam",Hòa Hưng,Hồ Chí Minh,+84 973 675 564,https://www.facebook.com/dosiditam1998?mibextid=ZbWKwL,https://www.google.com/maps/search/?api=1&query=%C4%90%E1%BB%93%20Si%20D%C3%AC%20T%C3%A1m&query_place_id=ChIJ6zIEU10vdTERxPj6nGyW3bo,ChIJ6zIEU10vdTERxPj6nGyW3bo,3.8,13.0,False,https://lh3.googleusercontent.com/gps-cs-s/AHRPTWk0YTS7vOycLKMSwqrVuyftdrYghhys_-5zu-FpWtYv434utFVyTJF9EslkZpu3QDAQpQ0B4NI4X2BGRcNc72X3jnfzac28j7W0eHu6JVAN6Jg5-C3FWe8byG2H8BJU-lKtfLOtdQ=w408-h725-k-no,https://lh3.googleusercontent.com/gps-cs-s/AHRPTWk0YTS7vOycLKMSwqrVuyftdrYghhys_-5zu-FpWtYv434utFVyTJF9EslkZpu3QDAQpQ0B4NI4X2BGRcNc72X3jnfzac28j7W0eHu6JVAN6Jg5-C3FWe8byG2H8BJU-lKtfLOtdQ=w1920-h1080-k-no | https://lh3.googleusercontent.com/gps-cs-s/AHRPTWkQK069uKdhdm6MIiM-BouKJhPR6U-n49CbvqJxa2kbssw9_NPsxF5MCxF6pcW6I_OJOjlJ04e9xPZ61ScQxL3oJYANVm59Kty7RdomN-hc65rP9bjtC6r2aWsqck_kkD5CU1USgd8fPlT9=w1920-h1080-k-no | https://lh3.googleusercontent.com/gps-cs-s/AHRPTWmFtjbY3xlWBchnh3iBG5CK4-fmyGRn7_FiO2MVEc-_he5yuyIzhPGJ1yZTXbftMIa9D-WTybpLUvZuJpRQRoz-LhIB4ovoK-CE8ae5rodYYh2-3o-3h3LV9msYqmWMJwuoFUrr6EFWpTFz=w1920-h1080-k-no | https://lh3.googleusercontent.com/gps-cs-s/AHRPTWnYE-vz7LedFY9vQCM8qfjhN552TDCOcjPR4OudiEYhq5z7_zd0d1VYOpmMumVNNwEQoDvllbHyDMMCTYPT0nXrpwi0r39Xk6EV62KkdG5-lEzsDhd2fP8d0SoNjkH5bcJ-yGXQ=w1920-h1080-k-no | https://lh3.googleusercontent.com/gps-cs-s/AHRPTWmEeiGoNKgzznbEbdS6X7pwbZyuMhuLYPd6LwskkhPC9wW7NjVJps36Z_7Bjgl1ZGXxLTAeqgzAFoZf2DaYyfL-XVGuNY0FnPUdUH2QzJvqrdR0B4_8KK69LhCfrRDOLH89ucqQDw95y_rv=w1920-h1080-k-no | https://lh3.googleusercontent.com/gps-cs-s/AHRPTWm23qfUFEsSY13WjScLO6N-WaJ0OS3IIj6CZbfhPWjqINFzv09uvDRvvxWWS2QvFBvNfaC2xsriDynncNwLqI3mPqxE-o42dCWJOo15kTSEt6-9QD8ANymS3mLBIvwtBSG78hG0=w1920-h1080-k-no,shop quần áo nam,105,2026-08-17T05:05:38.994Z
A,100,77.7,Routine GV,Cửa hàng quần áo,"145 Quang Trung, Gò Vấp, Hồ Chí Minh 71406, Việt Nam",Gò Vấp,Hồ Chí Minh,+84 28 6273 1166,https://routine.vn/,https://www.google.com/maps/search/?api=1&query=Routine%20GV&query_place_id=ChIJiQ2V3EMpdTER8KP2NFlmg6Y,ChIJiQ2V3EMpdTER8KP2NFlmg6Y,4.5,156.0,False,https://lh3.googleusercontent.com/gps-cs-s/AHRPTWlrI-mEn5Au5FNem71yGvycObS4cKfGeVlf2vr_5Kx6AkSpji3TlJdfFi5eVKMU2A-iN0iZ4Ba4yQsxgQvCexwnX9pTYy4WCB9RCnLcJb0ZIK7xrUApI7Ebb8C26dGlOXJA-hNU4hri-V3-=w408-h306-k-no,https://lh3.googleusercontent.com/gps-cs-s/AHRPTWlrI-mEn5Au5FNem71yGvycObS4cKfGeVlf2vr_5Kx6AkSpji3TlJdfFi5eVKMU2A-iN0iZ4Ba4yQsxgQvCexwnX9pTYy4WCB9RCnLcJb0ZIK7xrUApI7Ebb8C26dGlOXJA-hNU4hri-V3-=w1920-h1080-k-no | https://lh3.googleusercontent.com/gps-cs-s/AHRPTWlaBe0WOIPRfAdHPIX45rZMwJZaHhqY6OpTrK0KzX7_oUSIgTHaVqCPDB_7Y8SsSSX5ve3rDHJCMA2IvC8beL4R8G3kJytqkCs00yncIYkkImCTIdanOrbo3viZ4jU1qwLSPFmpVQJVNgk=w1920-h1080-k-no | https://lh3.googleusercontent.com/gps-cs-s/AHRPTWn0BYi3GjQv6uP7dFBe5yqZzpwBfEaEoPzP0zMRgAYuNTMnk6Yq7mk1X-z9B8Ka51948Qg3YFwPGwWWGntKccxdh-FfbxHI7Tb3HUrJdA1AKMdzUK-_g8QxfJX27eeRXmCHE7SdjoUkXirS=w1920-h1080-k-no | https://lh3.googleusercontent.com/gps-cs-s/AHRPTWkQ-8ESetLE4Mu0-tm095P0asfAbixpqm3fneyaC3BHXRi2que3lorgZnEb2f0DCRvCtZUX3ni7N2Vf7mypTebzlGZXX2iD-x9ZgHkFeEELO1RvRW3g4yVVxhLUZpPV617IWHemhGNO1cDO=w1920-h1080-k-no | https://lh3.googleusercontent.com/gps-cs-s/AHRPTWkjVm5jLKFPLU5zzLFOpYLjpE0BBYl3ZsQho_Srvr06NVBxrGirbEy0nXjXs2rnvg_AZx-CUup2i9suv2FwlKH-AgLNKQnoI8epplKNflOnm1oqtXEETc-2ILfVW-twc9RZG9sl3w=w1920-h1080-k-no | https://lh3.googleusercontent.com/gps-cs-s/AHRPTWmWBpheHVsg7m4v7V-gv85sW0QnL03JyXVtOoGJsyrSYzs_uIsUE5E3Tus3RQ1znuXUXR-TEnlGFBK4gyw0XxvVgxzZuAPJty3tQqYEU5g2EOhd9t-60f8naO8iT56ogsNhhCqCn-3pc5kT=w1920-h1080-k-no,shop quần áo nam,126,2026-08-17T05:05:26.138Z
B,101,77.6,Datino Streetwear,Cửa hàng quần áo,"45 Đ. Số 12, Khu Dân Cư Cityland, Gò Vấp, Hồ Chí Minh 700000, Việt Nam","Khu Dân Cư Cityland, Gò Vấp",Hồ Chí Minh,+84 888 677 761,https://datino.vn/,https://www.google.com/maps/search/?api=1&query=Datino%20Streetwear&query_place_id=ChIJdXfvoQEndTEROabxQq_7XeE,ChIJdXfvoQEndTEROabxQq_7XeE,4.9,16.0,False,https://lh3.googleusercontent.com/gps-cs-s/AHRPTWk1H0WPVeOanFIKURY9-Bcx6SCOoEksuKrj_Yp5PFuy6415X3E7WjGmt6ql-GWvy7N0BUTT-hyumGG88wDBhC-3Ox6-6F3OHi5FaCZT_ukzrYFrQs75DT9nT6fouIfaHCahzNI=w408-h487-k-no,https://lh3.googleusercontent.com/gps-cs-s/AHRPTWk1H0WPVeOanFIKURY9-Bcx6SCOoEksuKrj_Yp5PFuy6415X3E7WjGmt6ql-GWvy7N0BUTT-hyumGG88wDBhC-3Ox6-6F3OHi5FaCZT_ukzrYFrQs75DT9nT6fouIfaHCahzNI=w1920-h1080-k-no | https://lh3.googleusercontent.com/gps-cs-s/AHRPTWk4H3bx9EfDT_omNxI91bgpBWemXgd-i372hPCFtGoiktQ6fO0xKLpkzvcogfcnbBNYVPHhPAAJBfeUQvCGV-RjN5guDcY2MqIhg646pM9sjlqFT5YOEjaEN47i_NRb8E6qDW3m=w1920-h1080-k-no | https://lh3.googleusercontent.com/gps-cs-s/AHRPTWmPxgOCUA12KZE03zt6hjW3_UahpW7r_EsaBbSo9fREZ5NB5BxO9k_SF5KBNIKfwjnDf5BID1EXL2xaNWO1Dqq3YPfp39Npjqvx10GYDLd2OjaiNUBDcAX3bUlTaVxqmC-0JK8=w1920-h1080-k-no | https://lh3.googleusercontent.com/gps-cs-s/AHRPTWkjiK4isiELUnLmdYYVUhABfmuZi7wjf9jpoKv8yYeGxWOwiRmkSIek2uh73l7FOyooB08n4Mli8zBERHKAqPAdX_fz5TXmy4uX26qs1cX1B4lLWbOBrPulMtbCKFEsYDK_-nk=w1920-h1080-k-no | https://lh3.googleusercontent.com/gps-cs-s/AHRPTWk7LW6kpBwbIrvvtQ7o3XWgG7foXA00oDDanDcXhj9ofoWiXaU79tBBgsxoQYC0ii-BM-jXRxjaMDnUWep0zJ1_3yKUUVU5YJJG0T6YEt4uweyJVVM2GnUvJ-wmBxVc2PGsKzyi=w1920-h1080-k-no | https://lh3.googleusercontent.com/gps-cs-s/AHRPTWls2rOguRD0-y8Hxkby-_j0pyREedlBt6JhuKBH13GSeRYAweLO8fkaLN-G2vdpUmY66oQyaYWj-WCrZupX9oqsFeJBO4XrevA3P9RxkxztSfUGKH_yg0kGbb8zf4TuJbM7XIlY=w1920-h1080-k-no,streetwear,8,2026-08-17T05:03:07.555Z
B,102,77.5,THE LEMONT,Cửa hàng phụ kiện thời trang,"256/21C Pasteur, Xuân Hòa, Hồ Chí Minh 700000, Việt Nam",Xuân Hòa,Hồ Chí Minh,+84 924 111 270,http://lemont.vn/,https://www.google.com/maps/search/?api=1&query=THE%20LEMONT&query_place_id=ChIJHy_yQJ8vdTERhVPFM5iN8kc,ChIJHy_yQJ8vdTERhVPFM5iN8kc,4.7,51.0,False,https://lh3.googleusercontent.com/gps-cs-s/AHRPTWlt8kUDx-et2wrCxwsPNfLMlALlaUDzEwKYKwvucAIU_f2J_BR3tkolraIOaqZKJT6ptjHBOuVSYqdcwDq00z4bs-BVyDRAxSPbRCKdB2oetfENCRts5OlcciFLkO8AFF_YjKTc=w408-h906-k-no,https://lh3.googleusercontent.com/gps-cs-s/AHRPTWlt8kUDx-et2wrCxwsPNfLMlALlaUDzEwKYKwvucAIU_f2J_BR3tkolraIOaqZKJT6ptjHBOuVSYqdcwDq00z4bs-BVyDRAxSPbRCKdB2oetfENCRts5OlcciFLkO8AFF_YjKTc=w1920-h1080-k-no | https://lh3.googleusercontent.com/gps-cs-s/AHRPTWkqRyw1v3UhIDnxQD85CKOptxAZ2NyY8vhT1CVRK1jcE4j5YtHiEQRFSm3VByouY3khHXSToKv_IutJ9iBNBdDnt-dFPOeJo1BixeYDLtEvqCRb65QaCziMIEjQ3GKa-53X-1pD=w1920-h1080-k-no | https://lh3.googleusercontent.com/gps-cs-s/AHRPTWleZ_-vd_tC6NPSbqkDgoyID97XZcYeltWSj33GwKtm7wr4SKDProGmIYhunIxaWouyyfYDyea1HrmtRF_Tc8JeRDIsq3vNz0Dtbc6Yof9oRnbNxwKellT0CB8SjjTJXomPn2L1=w1920-h1080-k-no | https://lh3.googleusercontent.com/gps-cs-s/AHRPTWkUAkzEzRtE9IBdfo3C2DzrLeYIcPsmWUQEjOKfpXJXCcDEm7fQjhVn2pk9CjlavZcysiH7U9cD7r8BrRofRHEW_5Udn5dHvB1-MBUGS9bcgeGSPOK_dhdNT5PT8fs5xdbPyuYKKAKbXl0B=w1920-h1080-k-no | https://lh3.googleusercontent.com/gps-cs-s/AHRPTWnCIPj4JTxqPuW5q149dNReYUwQ0JMoeVFmrw12qVcXzgF2zaVAcmTXpNriLKIvTnLkaTlDLKSgemW8CZXJSsUAqn33q8hhGUXoeJQQTp9pFfrpI1qFDWyo108udw8Ve2sYUZJNAQ=w1920-h1080-k-no | https://lh3.googleusercontent.com/gps-cs-s/AHRPTWk_wdOcpGym1qHiUvQMmSl0TcyAYmUBnOLy-Yy9ihK4bZKMw5fTz6QNHMXNmRO8GpspktUu2qTG9hOjJ532wBQTy62tCV7-kcwubTH2SX3wglxL9WmSeM3IWmb5ykBtjPqSUAUN=w1920-h1080-k-no,local brand thời trang,89,2026-08-17T05:05:17.463Z
B,103,76.8,VIBE FREE,Cửa hàng quần áo,"89 Trần Quang Diệu, Nhiêu Lộc, Hồ Chí Minh 700000, Việt Nam",Nhiêu Lộc,Hồ Chí Minh,+84 702 828 047,http://vibefree.vn/,https://www.google.com/maps/search/?api=1&query=VIBE%20FREE&query_place_id=ChIJv_2AhnMpdTERBjVIJzdaZOQ,ChIJv_2AhnMpdTERBjVIJzdaZOQ,4.5,32.0,False,https://lh3.googleusercontent.com/gps-cs-s/AHRPTWnGES2ZHbDhymmprHVHxEtbXWZhEpEhXvHXpen98sbcxKRI0Ygnuccp5ZqAvGVU-omZgMKr6NWtP8HDvkd-v77Sv463c-GZQAZmbyvTCGvL4XR1-MNbyG5Int6TTQHHwGVX--JXjP2NU08=w408-h544-k-no,https://lh3.googleusercontent.com/gps-cs-s/AHRPTWnGES2ZHbDhymmprHVHxEtbXWZhEpEhXvHXpen98sbcxKRI0Ygnuccp5ZqAvGVU-omZgMKr6NWtP8HDvkd-v77Sv463c-GZQAZmbyvTCGvL4XR1-MNbyG5Int6TTQHHwGVX--JXjP2NU08=w1920-h1080-k-no | https://lh3.googleusercontent.com/gps-cs-s/AHRPTWk4pgsxjD2PdD1yspJu8g2fJX35fRsXce5GXFNNqbnl8NqsaxDNiH6XSOHc3cK02ScUcwdCJXSS-yvQNlhqiZ6yZ5c0qM5z9Kyh4BL6ff9e_jXpFi8OTIV-RTPVPFyWx2OHRmut3IQsJy-y=w1920-h1080-k-no | https://lh3.googleusercontent.com/gps-cs-s/AHRPTWnRPgMY0744aBvKb0JyihjQvXX2sDiiJFlhU2mZt5DCtGDG655C-XqheCT3MJqQwQc57y2eR9kHywfiMCA6-6DYfG0JQS3A-Nd-vt1IB0dRuy8_dMlY1tPt-z4yr0dx864elpwzTaBJkHGk=w1920-h1080-k-no | https://lh3.googleusercontent.com/gps-cs-s/AHRPTWlUqNHhOn4VnQzBFet2nBprC-z6Pr_pPf96tWDRAypkl64V95TDWAOhf3-E6i08yQPsUzUaLmumpScBXj-zJ_FPAvxqoUsvluFLpxnRbnjB_FKAwvs6rz6Luwt9GiUsdxNCUFNLktB16_ln=w1920-h1080-k-no | https://lh3.googleusercontent.com/gps-cs-s/AHRPTWmubXv23QuBk3W_LZL7lgDKWyHYXfx1csDY_5ORRZbYa4SErOZP4JCzkpzanUf4fp7tRphQbnsYyoNyEtFjOhIwTCorobrTz9MqJgiarLDTrACiD85xesP0aC92DmsKXdFmxZyhutrr5D8h=w1920-h1080-k-no | https://lh3.googleusercontent.com/gps-cs-s/AHRPTWm1hw5seEJEvZQ4Pl-5lv6DdY2aWD0PsTkRKBUYMycPPWfzDJr0UHO562ow-hEFHkIyHAVf4rk_VoM-T8Apau_igCT8X4zSgyDMspNOSToxqLwKtu76b8eDeJENDwhLluaQ2cxl=w1920-h1080-k-no,local brand thời trang,43,2026-08-17T05:05:53.129Z
B,104,76.7,Viery,Cửa hàng quần áo,"14 Trần Quang Diệu, Nhiêu Lộc, Hồ Chí Minh, Việt Nam",Nhiêu Lộc,Hồ Chí Minh,+84 347 836 899,http://www.vierystudios.com/,https://www.google.com/maps/search/?api=1&query=Viery&query_place_id=ChIJ_wOrMRYvdTERbJSa8sDnAlg,ChIJ_wOrMRYvdTERbJSa8sDnAlg,4.9,717.0,False,https://lh3.googleusercontent.com/gps-cs-s/AHRPTWmB0aQIFPFnRvGrPva46U3IjhWd7avxRRuHmJo-dGf2rMm8IIo4AmasGD34lOvFF7WFLF5iGphyvDthkFEkDGnLKZhg9sXzCQYQMlKwvOQPghJ_jgWFAvjMEom-hQOs6Am3vPOe7d0U2q35=w408-h452-k-no,https://lh3.googleusercontent.com/gps-cs-s/AHRPTWmB0aQIFPFnRvGrPva46U3IjhWd7avxRRuHmJo-dGf2rMm8IIo4AmasGD34lOvFF7WFLF5iGphyvDthkFEkDGnLKZhg9sXzCQYQMlKwvOQPghJ_jgWFAvjMEom-hQOs6Am3vPOe7d0U2q35=w1920-h1080-k-no | https://lh3.googleusercontent.com/gps-cs-s/AHRPTWnKcKP3EtpbAACE8MjyGTviVIr20YR-qCklOdqrIMRzb7N1aYkQo-sIge_-ttS6AxPksPHoEpfM2NGbq3fnABIC5AksiZWetFes39Ag9VMTMxFR2z5kNAn_PyeQZM_IE1-CCANTCQ=w1920-h1080-k-no | https://lh3.googleusercontent.com/gps-cs-s/AHRPTWlHxShuxcnd8sRX7iQfgQ4jGO6e0wEn3yyyx-AFgjlYbH57ic5hyAdAVsmZozW6_g52b5AsarIRcmJ7jddbljZRR82jz3ILEjGNJvYK02N8qPaAQDa1X1XiH7AHNXkv7jWzrHcbC_X_7t-r=w1920-h1080-k-no | https://lh3.googleusercontent.com/gps-cs-s/AHRPTWlpbf8XiAdObUNM15Pl9geApDuaz7TAmNGIumPkgYT51jyyP8CMLd9qDo5ncoKmz-GTWIsMHc-yAV7Q9eAAK_bZi8jQHuglG9hzlyhTiQnYLIO0cYpUKtnJgCqVpY-CjZg1MGQ1_-CgsKo=w1920-h1080-k-no | https://lh3.googleusercontent.com/gps-cs-s/AHRPTWl9mx0tzxvTVjKDSL9b3MSD1AAjI9N61SAE9xKjU2shUjUSNqNOhCpeI8M7nDUlyJinGlJ6spJXFfiTC7W_s7ncZCWtBudnMusS9kPY6My7tUE8CDIMsVIV-QYmkV7IpHTxFH05r2kP0nrv=w1920-h1080-k-no | https://lh3.googleusercontent.com/gps-cs-s/AHRPTWlZkZhMKq1DFAsNx76SyxOxQ-o0SHOMe0-sl52gG3Jk4Ll3_tRV08lqm7YpOlAqvQq3lkunaCfthkl9XbVQSwvI5hFHVzSedhl79WU3WBhlWByAUfs91Nt4MahigmGWE9KA3g4l=w1920-h1080-k-no,fashion boutique,126,2026-08-17T05:05:05.166Z
B,105,76.7,Vella Tân Bình,Cửa hàng quần áo,"467 Đ. Lê Văn Sỹ, Tân Sơn Hòa, Hồ Chí Minh 700000, Việt Nam",Tân Sơn Hòa,Hồ Chí Minh,+84 28 3620 5951,http://www.vella.com.vn/,https://www.google.com/maps/search/?api=1&query=Vella%20T%C3%A2n%20B%C3%ACnh&query_place_id=ChIJ2cNwADEpdTERV3oUUVfhk_o,ChIJ2cNwADEpdTERV3oUUVfhk_o,4.9,63.0,False,https://lh3.googleusercontent.com/gps-cs-s/AHRPTWkA5BM4JcEGD54J-OpPzl_cC40vGI1W0s-oRi_gWJtr1rYEs_s0fGmHC4Te2zHOdQeoDe7v2z5x-zTbxeooazovbtIHgFK68HtSz3xqy_syFFLEw-SsOU9vDM0pNHnGYrjgBTM9lw=w408-h544-k-no,https://lh3.googleusercontent.com/gps-cs-s/AHRPTWkA5BM4JcEGD54J-OpPzl_cC40vGI1W0s-oRi_gWJtr1rYEs_s0fGmHC4Te2zHOdQeoDe7v2z5x-zTbxeooazovbtIHgFK68HtSz3xqy_syFFLEw-SsOU9vDM0pNHnGYrjgBTM9lw=w1920-h1080-k-no | https://lh3.googleusercontent.com/gps-cs-s/AHRPTWk0jIQkzJXYZm0mYr8EoKX4VKQZfupCsEdwlMpO-pr825FUcVzi--Oia16ZzL86aZUpKAn_QwxOFOT046pt8ClCsvKdyLZ0KMsFw90kWaFax8MqdKKk0DGL8pFKWoXOd6R4ffN4=w1920-h1080-k-no | https://lh3.googleusercontent.com/gps-cs-s/AHRPTWk9iKOcAm7ywCbedaXjdOsb2QJ7NcV6Sjk5Nw_sfH_1MCeIA5nbWZQ2Bd-F3U7ty8Mo6m1SwhzFFao9l3CVS57gwi-DPaa_laNoZbfO3ZcH80HX0Qf1U_ldxwMvqvpicSrS1_1s=w1920-h1080-k-no | https://lh3.googleusercontent.com/gps-cs-s/AHRPTWlRSuK4RBIJolMKoTUNIJAib4oOBGMgtIvWng6PPzD82_w1JZJ517pXpKxVx5_gKuRp_BBOBi-tRgvRtTSz-xLT_XXztpcqeCs_ldrdFyzP_fv3b32f5nKaAv-9Ndecw3JhTWVk=w1920-h1080-k-no | https://lh3.googleusercontent.com/gps-cs-s/AHRPTWnScFFYyJrpoi9BS08Evzo01U9l88NKffGKU8YFmrwSuYLw1mMZk064AI8HmEos8pb8zb9FZBtOdjb1FDSdva5_-wCq-wAbgiIcbLN8lVXKdvZe3HIWTv2GxV01l7WwjYbgXOXYfg=w1920-h1080-k-no | https://lh3.googleusercontent.com/gps-cs-s/AHRPTWl4M63r5eBHEGsGs61w4m5bzywfS_oxj1VbRakXkzinYlJEHf2_UsOFzxcXZrinjybK1g4LF1ihwG4jT-4aRmUZmcdVWr7SaepHTeq8Xs2uq4NIOIz3HYrLnVsnhrXQ5PYjrQWZ2w=w1920-h1080-k-no,fashion boutique,87,2026-08-17T05:05:10.861Z
B,106,76.6,BBRAND,Cửa hàng quần áo nam,"156A-B Lý Tự Trọng, Bến Thành, Hồ Chí Minh, Việt Nam",Bến Thành,Hồ Chí Minh,+84 908 072 324,,https://www.google.com/maps/search/?api=1&query=BBRAND&query_place_id=ChIJjbBFLgAvdTERotAKH9lITdM,ChIJjbBFLgAvdTERotAKH9lITdM,4.7,16.0,False,https://lh3.googleusercontent.com/gps-cs-s/AHRPTWl2fJ-j4_uzjxmPmr9Swxfx00PcHY69gHwRB8d5GKY_0UOzN8rum4l_eWK2qmMCv-YmS71un0N4PjNPOEA8H1ifIGQQ-DMck-uLyUAZtm17JWltZRSu3FGcp8Jyq8EH8uGwXbGq5quPLExq=w408-h544-k-no,https://lh3.googleusercontent.com/gps-cs-s/AHRPTWl2fJ-j4_uzjxmPmr9Swxfx00PcHY69gHwRB8d5GKY_0UOzN8rum4l_eWK2qmMCv-YmS71un0N4PjNPOEA8H1ifIGQQ-DMck-uLyUAZtm17JWltZRSu3FGcp8Jyq8EH8uGwXbGq5quPLExq=w1920-h1080-k-no | https://lh3.googleusercontent.com/gps-cs-s/AHRPTWnRI5JN5f94-L0tsqJyUCqx19j317Zb9RJhN7aaJ_zXrYLtEris54yFYe1XGubdTiShx1EB4CIFoOuSFkfM7qGEMfOt8wlk8DuNCHIeu2tio_O_D48tEZpxlc3S-UGROtYiqz2fZtVg1vk=w1920-h1080-k-no | https://lh3.googleusercontent.com/gps-cs-s/AHRPTWkzzaNpm5MdLub68NkrzzUIA_y0J9lEldYyA1xBBQuwQItI6LIeo6FRfMhdc3TLD51_YCCz_GUra2g2KfUvIQzkrSZ_-5NA2bsr6Yspbxi2qn0hrYrsQWZ3igOb1p_sOkLwLsh1vatfXnaQ=w1920-h1080-k-no | https://lh3.googleusercontent.com/gps-cs-s/AHRPTWnbHaqCHzoJaKSTGSyYuaXVlsCji_77yu97n4dc-lVClC48kli1-rd3dLQlZrMnhfvQ1yU40KuumTM5x1MtMHaUnCVNPxjHuQlWqzm21dJEkBYJ2LqP7zoLgssCGv5u72I2Y0HcNIdRulx4=w1920-h1080-k-no | https://lh3.googleusercontent.com/gps-cs-s/AHRPTWkMle3_bVSqIP_TM1_hCP7uPYwWHw5hgW_nq-UXOXBqQWqpkymm-aOIenbh66b1s1ouWaaseHS2cgUDlu3jY1JMlyK6lmt3V0CRAIToCZ-LtCpI-P74WnD5RSuK97v5SyMGJ6vrF48RMMEf=w1920-h1080-k-no | https://lh3.googleusercontent.com/gps-cs-s/AHRPTWnbAhX0mFeBkCZADhSKkoKE06yAbLT_u79vuzVpLYZkSVPM8UEW8qyTjzJRYOxbXTUijQB0iNMoX8ER14yFU3W0jWDQZr3GX2mLbK5nsaNkqBCSfLxNVtwSnwbp20-teKpn7hDZ-KtpxFZE=w1920-h1080-k-no,local brand thời trang,8,2026-08-17T05:02:53.947Z
B,107,76.6,RYACTIVE,Cửa hàng quần áo,"85 Nguyễn Trãi, Bến Thành, Hồ Chí Minh 700000, Việt Nam",Bến Thành,Hồ Chí Minh,+84 834 702 285,https://ryactive.co/,https://www.google.com/maps/search/?api=1&query=RYACTIVE&query_place_id=ChIJafKN3RQvdTER0bn2zDKrEUM,ChIJafKN3RQvdTER0bn2zDKrEUM,5.0,820.0,False,https://lh3.googleusercontent.com/gps-cs-s/AHRPTWkQ-Hoir9jwkT1duvEd6Qa2oDF1U2cW6aPM2enzG8mycirjjQjaDRYKbMI7dO7TIaXEC4LqPxfwBepNgR4rGUJ0BO9a1FpQ4781d5O9VryPqrrrn0_q2yoZMvfd1u_cW-IWneH2=w408-h408-k-no,https://lh3.googleusercontent.com/gps-cs-s/AHRPTWkQ-Hoir9jwkT1duvEd6Qa2oDF1U2cW6aPM2enzG8mycirjjQjaDRYKbMI7dO7TIaXEC4LqPxfwBepNgR4rGUJ0BO9a1FpQ4781d5O9VryPqrrrn0_q2yoZMvfd1u_cW-IWneH2=w1920-h1080-k-no | https://lh3.googleusercontent.com/gps-cs-s/AHRPTWlTQGd6s0TdFFx0YmSn2sQ-XGLV1-eJU_ShDKeGT96qcGoKPK3jVlODvmj-RGDpeDPNu0vayMU1e1pjOPL1kUSf7YfLJHC8wK6YTIjx42MiZGYVqN3I8fvCn5ewVcwmM1vDa73u9HK1i3Bk=w1920-h1080-k-no | https://lh3.googleusercontent.com/gps-cs-s/AHRPTWmGldtKFBHjFC6UXAu4NBVLXTG7vFMN-rRA2uv14PDMG-J65pN_4ySUU9LDqTEkGWSAdrMUtS9YctXRaqY4NlnII6QFOB2ETXD-eol1aZ4_M-pWV6158em3DprKeLERpay1mW7n7oOWMc-v=w1920-h1080-k-no | https://lh3.googleusercontent.com/gps-cs-s/AHRPTWn7fA7oK29xRfgpcxd1-1rovxAGEAI6nThOLcryQtP2gv6CLh3wq9Y_4Wlv-4rdgvdLYgrTX4_1drjJB3YkC469N5iz3i0y5jm36qWbEs3xri-DHieKEr71uuZaObQ-rjhd64XGYlgNAUk1=w1920-h1080-k-no | https://lh3.googleusercontent.com/gps-cs-s/AHRPTWlMVFvGIvQUwlHxG6i2YqgU-BB3Kes2JPVbh85jBYSlTSc8iwus-ycEVNMa_UrmSHr_4wylYtTnsLlI73b47rJkQ6etgvcRyPyMQpIcAQ4iXCcgNIdvOSBTKpputoiEhSkgsVJhY84lABs=w1920-h1080-k-no | https://lh3.googleusercontent.com/gps-cs-s/AHRPTWmrboIleRwmnUpUqKZZUX6tvvXNguX0BFcRri0pOQ-mZHCtE4KJf0t49nEYh31W9RAMvoa0pe-jom58PShXs3wUjStshiaP6GjU6n3Pp8tTxBDvYKpdu0guwbdOKCgzD39cKJzKd-uiXFba=w1920-h1080-k-no,streetwear,108,2026-08-17T05:05:35.541Z
B,108,76.3,RENTZY,Cửa hàng quần áo,"51 Đ. Số 41, Khánh Hội, Hồ Chí Minh, Việt Nam",Khánh Hội,Hồ Chí Minh,+84 798 969 040,http://rentzy.vn/,https://www.google.com/maps/search/?api=1&query=RENTZY&query_place_id=ChIJ8ZM-bTQvdTERNwbyh0Sp42o,ChIJ8ZM-bTQvdTERNwbyh0Sp42o,4.4,265.0,False,https://lh3.googleusercontent.com/gps-cs-s/AHRPTWm3uYXRQWiFC61cWWFB74NPyMzzza7DKq935LTwIuBCJAh8WGBszhlvnU4UTbMCSrAWEVkBU4KFmqkFk19vnQC2FXjXdg_yE1BD599D3sTSPYpG1Zbm6jxG-g9jxKu7zoDUGKY=w408-h306-k-no,https://lh3.googleusercontent.com/gps-cs-s/AHRPTWm3uYXRQWiFC61cWWFB74NPyMzzza7DKq935LTwIuBCJAh8WGBszhlvnU4UTbMCSrAWEVkBU4KFmqkFk19vnQC2FXjXdg_yE1BD599D3sTSPYpG1Zbm6jxG-g9jxKu7zoDUGKY=w1920-h1080-k-no | https://lh3.googleusercontent.com/gps-cs-s/AHRPTWmdzZ4eE16louGUincGeD-0AsWi8OJhMEniSxg4DHY6IZAUut61qe6I2v0iQFPOUCK9NeDhCJDVAuDTKLS6TAYt1oRbEFE3FLYNpkLKbzL1feV72d6Q3uaSAJUZIyxL7405wEP-QXd7IeI=w1920-h1080-k-no | https://lh3.googleusercontent.com/gps-cs-s/AHRPTWnxyyZDlfmr9C5awczDyCKPym39HOvaL__cUYD03Y2aLREeXgu2e6qZ5BE0Ok9skfsBEb-yCfL1i7cob3kgwo3e_cOrbI9SLKWJSRMpI-Pvbp8xuwLULwOZURt07f3-qJGRmDsQQ4vxwU0=w1920-h1080-k-no | https://lh3.googleusercontent.com/gps-cs-s/AHRPTWlUJnTbumqRFaJwaVjl6tnVai2NRbOinYnvd2sHKgN2rhpyUDZATaSvuT4ER-Onp9uHP37c_9Y3FKD42xoqFu2xd9wqfr4zPWBcc4jTtQmTa13GgMvhzcSouQCcFTtFF8FkUdi17kA70IOa=w1920-h1080-k-no | https://lh3.googleusercontent.com/gps-cs-s/AHRPTWlhew-aGjvYLeV3Z1tgFaFz6c7QA5iJfWhZy04p20CBPEEH0C7bEjynEgZxTh40PUI5RWZZSd0jrrVO-9aBsNvASyC208nqYjo3syN2igz8jlw6i9Cq6DdBCI93T0Gi6XIVmFsw=w1920-h1080-k-no | https://lh3.googleusercontent.com/gps-cs-s/AHRPTWllGqxuh5Ekg4r7ec-bcoxuZpv5xKZV3egPcFt0R75AIIJ5ozABs4OktVRo0J5QXXz1frontcmxHJjCU3jVeFUJnqoTPB30tJeIz0NBVPiFXLzp-Ul22gr_iKTQ3TMjrPr_CGCG-DufQkPH=w1920-h1080-k-no,local brand thời trang,73,2026-08-17T05:05:30.892Z
B,109,76.3,DO LONG,Nhà thiết kế thời trang,"442 Võ Văn Tần, Bàn Cờ, Hồ Chí Minh 700000, Việt Nam",Bàn Cờ,Hồ Chí Minh,+84 907 156 062,https://dolong.com.vn/,https://www.google.com/maps/search/?api=1&query=DO%20LONG&query_place_id=ChIJORgknbcvdTERHscY8_ob8a8,ChIJORgknbcvdTERHscY8_ob8a8,4.5,43.0,False,https://lh3.googleusercontent.com/gps-cs-s/AHRPTWkQX7Q3oyvL8JBqkmQ2G5jz6_SJ6VzkCWLgrsn3jIgbBEDDNgHXYhRuBXqwuStI3LOncV7nGgPr4YC0cIYotgDBSuM3xL-okqX4hq9ya3m6e_KnsoS9J5v_yC3H4o1BaLQphglqrA=w408-h482-k-no,https://lh3.googleusercontent.com/gps-cs-s/AHRPTWkQX7Q3oyvL8JBqkmQ2G5jz6_SJ6VzkCWLgrsn3jIgbBEDDNgHXYhRuBXqwuStI3LOncV7nGgPr4YC0cIYotgDBSuM3xL-okqX4hq9ya3m6e_KnsoS9J5v_yC3H4o1BaLQphglqrA=w1920-h1080-k-no | https://lh3.googleusercontent.com/gps-cs-s/AHRPTWm-96b8_KMrnCmjO2hgmjdXHcZH63VSC9oJdUdBta9dqJvpWdw-Bc0xEzj7vnXZwZzUw8Hv-qb-m2Yb-OGqEGLXDwR7FoBH-J-IGQhMevLjXQ0CKSnmh_rn-ZbC6kkY_PlpfXDc1g=w1920-h1080-k-no | https://lh3.googleusercontent.com/gps-cs-s/AHRPTWlef_fsVV_yQxKoMnqbzgwVgM27-wRVVy_-5bC3zgg1d-gpaz-ZVL63CjDOH5isgpGocGHpaMO-Ke1c7KUqH11PxrI6wZF6V6AIMlxOmHPLqXqWlfulC7LMqo-URZL8ftmTTyhR=w1920-h1080-k-no | https://lh3.googleusercontent.com/gps-cs-s/AHRPTWlP0f_75v85MqFjhsW_k9SLs2Xixqnuw5L-22fE1JYe64bLwY1JpCyNHvn2IrHRkVz5sA-qARQeEIlbstO5SNJoZEag-qm5WJ0CHEMwzhHG8rPqYLw8YWDDluCu_4p1h21F3NUB=w1920-h1080-k-no | https://lh3.googleusercontent.com/gps-cs-s/AHRPTWljTQSxaEZg-2AsirBEW-VEGpd-m-uLfn1u2fO_VtqHRzRm85Xk1Jpt9DHp6-plPnz0lXZWPi9U0nCqfqThYz18qWpRisKdsj273NXo3XCMkqG7hzIyD3_B5N1KGt1RgXG7Kc2s=w1920-h1080-k-no | https://lh3.googleusercontent.com/gps-cs-s/AHRPTWl3rPIFIHDwBxhKHo2WrDdbgGYuf4VAaksJAx2bJNw_qGK7715czwyG8t4uk7XsIR7EJlGypy1-lKsCT2kXL2PxFEKAYobI1AifDydtkS0XGhb4zxSVTqwiQindT6suB1HpugE=w1920-h1080-k-no,fashion boutique,134,2026-08-17T05:05:04.600Z
B,110,76.0,StreeStyle.vn (Chuyên Order Sneakers),Cửa hàng giày dép,"927/27B Cách Mạng Tháng Tám, Tân Sơn Nhất, Hồ Chí Minh 700000, Việt Nam",Tân Sơn Nhất,Hồ Chí Minh,+84 938 661 231,https://streetstyle.vn/,https://www.google.com/maps/search/?api=1&query=StreeStyle.vn%20(Chuy%C3%AAn%20Order%20Sneakers)&query_place_id=ChIJaZzcqtAudTER3XMYfQxiNaM,ChIJaZzcqtAudTER3XMYfQxiNaM,4.5,159.0,False,https://lh3.googleusercontent.com/gps-cs-s/AHRPTWn3iNKiQKk6Qu-ynfZMCAXCKV0ZlZiJ8_7jq6iW2yT_Ttu-AGiAENDlCthZCK2GWHq-YJqsSVml8YFbc28kWd5oWadvd0HBhIFXixMG4LUK9BhXLrOXjG-Tl7ddANf_u-yKGmzB=w408-h544-k-no,https://lh3.googleusercontent.com/gps-cs-s/AHRPTWn3iNKiQKk6Qu-ynfZMCAXCKV0ZlZiJ8_7jq6iW2yT_Ttu-AGiAENDlCthZCK2GWHq-YJqsSVml8YFbc28kWd5oWadvd0HBhIFXixMG4LUK9BhXLrOXjG-Tl7ddANf_u-yKGmzB=w1920-h1080-k-no | https://lh3.googleusercontent.com/gps-cs-s/AHRPTWnnICkShORJFNKqCKAjwXUZyLd4HxTudFJBu3ZTHQr-bIEMYFvvvCYw9_n-6kYPKB9EUy8Km5BKOvJAhSpv2xTHLoWZkCMB6rXqH0vpZmviPY6kGM-p8rYvcfsAEg5rmDY5Kb8g=w1920-h1080-k-no | https://lh3.googleusercontent.com/gps-cs-s/AHRPTWl0k7OXXiO37RqakIq6cHZ36HDx6n6UIxTpfffezoNJ19QXCYOWf2Hz61FiZV4AU01bgEyoHaWs59uroORHr_nea41mkqMsguNXTuFn87B0BvSlEtmZpF2eepu6GmgDDq2ImM4tAg=w1920-h1080-k-no | https://lh3.googleusercontent.com/gps-cs-s/AHRPTWl-mhVzifIbj58O1cLtrra8POHmb8scSaVT-HAv4ddm8SmfuZ45fPMh4H7OKH5flzyVI6N4nkSN9zNTxK9RCKN-P2cBXsp73CVk2gz7DC1muWRkvaruAjeNFddwC3MGH1BkUzVh=w1920-h1080-k-no | https://lh3.googleusercontent.com/gps-cs-s/AHRPTWkCHL_d1snizLiYic0Q04An42UrMv7HNoMQcXrqYpKxODwy0k8ovBmEP51L4qRxyOfHWsiB9neIfhfOoazC9QfjNWJ1rLi5i1ouzW_7w_jAZv6aXpxvAMqLTxW613lSP1EuRSFg4w=w1920-h1080-k-no | https://lh3.googleusercontent.com/gps-cs-s/AHRPTWnXVehR36A90nLM-g2Y5SCyrZk5xTZ0yp9dvmWMb11x-8zXTi5KTAfG08dDie0WIjpNXOgw1ejtpl1r3BwOA4duPTkLKa3aMpReUEr_oFMFeNF57DBZTrRV2mYwI4VL5tj2Hg2q=w1920-h1080-k-no,streetwear,19,2026-08-17T05:03:01.106Z
B,111,76.0,DAPPERANDMORE,Cửa hàng quần áo,"Nằm trong tầng hầm Rạp phim Galaxy, Nguyễn Du, Bến Thành, Hồ Chí Minh 700000, Việt Nam",Bến Thành,Hồ Chí Minh,+84 907 973 397,https://www.dapperandmore.vn/,https://www.google.com/maps/search/?api=1&query=DAPPERANDMORE&query_place_id=ChIJ28MsCIMvdTERQ8Iz_p2ATM4,ChIJ28MsCIMvdTERQ8Iz_p2ATM4,4.9,80.0,False,https://lh3.googleusercontent.com/gps-cs-s/AHRPTWkDLtiW-SWLdYypL3Gfw8N20cjwCELIXhIzquY7-TP3IzBaOLmecu4uCnHfsU1YD2_Sr1xXXhM8sJgvjmOXIQDq6VrQ19K_9A7Yyf4iykxJ1Wcjmg-7RVe8a6H7KozNKHDfRykUiSDDItex=w408-h544-k-no,https://lh3.googleusercontent.com/gps-cs-s/AHRPTWkDLtiW-SWLdYypL3Gfw8N20cjwCELIXhIzquY7-TP3IzBaOLmecu4uCnHfsU1YD2_Sr1xXXhM8sJgvjmOXIQDq6VrQ19K_9A7Yyf4iykxJ1Wcjmg-7RVe8a6H7KozNKHDfRykUiSDDItex=w1920-h1080-k-no | https://lh3.googleusercontent.com/gps-cs-s/AHRPTWnByCqRD7Fnfb9FqdtKsn7xyLfneCrNZSYYc6vpv4kflCxRSRsaycf7Jusv7Ej2xcObY8dQbM69NOlBSfEpHhrtqhEWyZk_6JYIUQZbdAjmtdTDNO_Rt9z4yOqQ23EnHvg52Rjl=w1920-h1080-k-no | https://lh3.googleusercontent.com/gps-cs-s/AHRPTWlJMk6QFVhIYULeVo6a6ZtpIIt0Y_iu62PIzCLuAcEkw1fV01xeI3AOxK6eAC7Cx-Tt1seN7DRg6vD6DNsVFHTkwydrT5H6fFox0J833RKNAr5nil0zYLgdMNnY7PCrKy-F6dl-0Q=w1920-h1080-k-no | https://lh3.googleusercontent.com/gps-cs-s/AHRPTWnx0ftOX7TZ5WWTD5zi7NnG5kkvuHPKs41qENyZ0_ONE6FTWX83Jm0ejFkWdY1fDKe-ysH6WlPA3OT6JbY36dy19yZIwcwdE4e4-B658TLVj-WSJeWWMr1ofWrZFpD50jos3QSZz4H27G1P=w1920-h1080-k-no | https://lh3.googleusercontent.com/gps-cs-s/AHRPTWlqYKqNwKKtMabcnTECJwMa79EYvQ5zu-fOdPWttpjPARCHCWsj4M_IgpLhKBbtgckHrSBFyJs27NNHHopVC8--s7H-8hdOFxPyV7KFZYXoquvltei8p6HwQtPLXYfzFFpdqoJ7bw=w1920-h1080-k-no | https://lh3.googleusercontent.com/gps-cs-s/AHRPTWkeWzHVy0fVjphLI9CLX1ES775e7GHMxipD274_cigV_EAiJahvUGq3KN-mAJX7i7Rh2Ne3cOU_Vhm021j52Kn2vNgZUYnyXmH3n6b5Uc3PB6MEfPNaIXs8GOFPVWP7q5AomUpQ8nKmnTwu=w1920-h1080-k-no,streetwear,80,2026-08-17T05:05:53.515Z
B,112,75.7,PSYCHE SAIGON,Cửa hàng quần áo,"171 - 169 Ký Con, Ward, Bến Thành, Hồ Chí Minh, Việt Nam","Ward, Bến Thành",Hồ Chí Minh,+84 364 543 505,http://www.instagram.com/psychesaigon,https://www.google.com/maps/search/?api=1&query=PSYCHE%20SAIGON&query_place_id=ChIJM0ZxaLUodTERXNi_gcyPhIw,ChIJM0ZxaLUodTERXNi_gcyPhIw,4.8,91.0,False,https://lh3.googleusercontent.com/gps-cs-s/AHRPTWmWlTn5gottOqlmKZ5WlCM2w3jSFCoRznW80jfK_GucxJ15nZpmcBnSAXaE1BTghvjOyhlnVi4Wdzme8P2_iZTs2O8KV6k-x0snnwKqRir8CpDcx2L-kdj0RTzS22w2Bq9PoN3s4P8DcaE=w408-h830-k-no,https://lh3.googleusercontent.com/gps-cs-s/AHRPTWmWlTn5gottOqlmKZ5WlCM2w3jSFCoRznW80jfK_GucxJ15nZpmcBnSAXaE1BTghvjOyhlnVi4Wdzme8P2_iZTs2O8KV6k-x0snnwKqRir8CpDcx2L-kdj0RTzS22w2Bq9PoN3s4P8DcaE=w1920-h1080-k-no | https://lh3.googleusercontent.com/gps-cs-s/AHRPTWmGrrodutoiMkPiE3fm-8FqL01w1a63PKlblU2k1BzMTsADh1zMHbEOXUUJ6Tr4o7L-NqQ1f2tvw6PsXb64-d07GI20nQo6X1eCtFJ0cWQb29cPFy9Hff9yK-rI5dqzTEtNwLwNGyAcCndt=w1920-h1080-k-no | https://lh3.googleusercontent.com/gps-cs-s/AHRPTWnArTzZgRAj4xKCvD_NQjaR9BtmGJF96ri3jhQyrRFFvAcTnDQiUlpaS4c44x3qFnoRXBCP-FPpXf7aR4yagqaUnvmqodWmiA8VD0Qwz-Qhid8exS4sOnhN2VELEHVAukxjdbKV=w1920-h1080-k-no | https://lh3.googleusercontent.com/gps-cs-s/AHRPTWk2_0jkXxReOkzy_Qd-UKKTk1Amw4NFD8l42-HHCoTNSlNXTVta2l6yNZPQga9gXizAanTOMen42402_hyIeW3SrYXXcESwF3Mn8IYp8NbSboK9BH7a98vTK8j2psPJVgp_14QuG-ankt4x=w1920-h1080-k-no | https://lh3.googleusercontent.com/gps-cs-s/AHRPTWlW1oKxzU9xV3vmYB536Us12-wb2dxCmIlVxLhJuS0aoDu-NTGNTGzv5xc-4bifZUHHF5FZG8AgiXpR4wM4lY2NA2sQ7ffXRBC8DIBnupfgOg52Wf1emXBcFgVcSE_aabXwwpeW=w1920-h1080-k-no | https://lh3.googleusercontent.com/gps-cs-s/AHRPTWmUYIv1wumNrMP5TNBnqWmqKC6-m8r6UDVFvfwjmv6vRfA-SODZLW38070cFg7rMnSR-6ymNL_Rl5bGGNJwHncKYb9Is-pcGthuIAdLIGZEFYh_0iDX8nJcXw4YdBTrWnJr03WqQzw76UxP=w1920-h1080-k-no,streetwear,87,2026-08-17T05:05:47.995Z
B,113,75.6,Mauve,Cửa hàng quần áo,"136/6 Lê Thánh Tôn, Bến Thành, Hồ Chí Minh, Việt Nam",Bến Thành,Hồ Chí Minh,+84 948 990 030,https://mauve.vn/,https://www.google.com/maps/search/?api=1&query=Mauve&query_place_id=ChIJsf5omo0vdTERBDBesJnWKvw,ChIJsf5omo0vdTERBDBesJnWKvw,4.9,45.0,False,https://lh3.googleusercontent.com/gps-cs-s/AHRPTWmH8a2oSuAknnOIqRCETyBUOxeOqgKF3Hhh3sJtm42FBi03sUZoIiPkFtnsFS9s-1UiAbDaup_ykcMssjwPEmVogKzp2ynlWHzbyhxCbje4PP_a59mwJIbUkuF5Ta_zKs9qAW-8=w408-h544-k-no,https://lh3.googleusercontent.com/gps-cs-s/AHRPTWmH8a2oSuAknnOIqRCETyBUOxeOqgKF3Hhh3sJtm42FBi03sUZoIiPkFtnsFS9s-1UiAbDaup_ykcMssjwPEmVogKzp2ynlWHzbyhxCbje4PP_a59mwJIbUkuF5Ta_zKs9qAW-8=w1920-h1080-k-no | https://lh3.googleusercontent.com/gps-cs-s/AHRPTWlbeao-7t8WNikfgKfbOoBJoTwl8UxsfAtTSelgzEjV-snkd613f4QF95yxb6JfyXQqzOOMEszSC_DcAZYXgSsGiN9t1e0Qxt-YYvJ5E2aT4Yz7uoNRXy3nyAUOE_MJKrFWjcTpMA=w1920-h1080-k-no | https://lh3.googleusercontent.com/gps-cs-s/AHRPTWkm67D951WD6mwNuPAQwA57VSUumUbsKBuMusiN6uXHVMfAouYoq2pZWGrSwsOP5nZdllxpWKOsuB85UWI3hHlhm4kwgTuPJGJXfDz6ihLV8HGJVpPR0x7MCbZQlg9sbuFEmSGx=w1920-h1080-k-no | https://lh3.googleusercontent.com/gps-cs-s/AHRPTWm8cyRfXTGeNxwGx6O3llU95855AtPfYYLjuaGnyql5IXhA7prydufdov_yjaoDrIA3rc-3uvkoOLPirJX2dO6baX9WQrQFT6rcbCHIMRCUgXS98YU5PPIXvRtHcyWvxODD_n_MpMfU0Nui=w1920-h1080-k-no | https://lh3.googleusercontent.com/gps-cs-s/AHRPTWmdm_EQOTSvsrPOBA8UUBwaDILPlq2upojooOKqU-voCwxRtdVG_FxG6I48nL1F1LT12mqs7J_nr7y7pcdCC6sBlwJeNKNNlfDXE__bnAOuRIqqElFvdIuDVDaXC4Xlgs_AYlnxA_Vnm-4=w1920-h1080-k-no | https://lh3.googleusercontent.com/gps-cs-s/AHRPTWncXtwED9_A0C6frRtcWu_AsoCS_9kWfpX7idJthUeCNyh7En3yntBbAHXORJgl4d-eyTbU9fiDhh9jQKW8DTT5mMa4pdkzEmB9WU8LYbydVc2mqT05r6Ey9f7IXUXND66M87oM=w1920-h1080-k-no,fashion boutique,8,2026-08-17T05:04:50.690Z
B,114,75.5,GIAN SAIGON,Cửa hàng quần áo,"13/30/4, 13/30 Đ. Gò Cẩm Đệm, Bảy Hiền, Hồ Chí Minh 700000, Việt Nam",Bảy Hiền,Hồ Chí Minh,+84 902 324 819,http://giansaigon.com/,https://www.google.com/maps/search/?api=1&query=GIAN%20SAIGON&query_place_id=ChIJX0fFHeAvdTERWmkAHuxcBfI,ChIJX0fFHeAvdTERWmkAHuxcBfI,4.7,108.0,False,https://lh3.googleusercontent.com/gps-cs-s/AHRPTWlbY5NilViYrpbXPf0v4ScSQgWohGyuQme-fiiqgHf5_fn3zaU22UxL3w2ow3R9zIBpLOOmV_6aA85aMT2a_98Gfy9vCmoaDzWjsq1et_2cI_SKsRMmMZ1CYRD-xVAIZ242NZlymoPuHYiF=w408-h803-k-no,https://lh3.googleusercontent.com/gps-cs-s/AHRPTWlbY5NilViYrpbXPf0v4ScSQgWohGyuQme-fiiqgHf5_fn3zaU22UxL3w2ow3R9zIBpLOOmV_6aA85aMT2a_98Gfy9vCmoaDzWjsq1et_2cI_SKsRMmMZ1CYRD-xVAIZ242NZlymoPuHYiF=w1920-h1080-k-no | https://lh3.googleusercontent.com/gps-cs-s/AHRPTWntSxUfar0jcIGWkgMkl1Kaq-c9s-n2yKPcG5wrUD_nQTlmM-LaOCGERjUK_ZnWbhpuUUEFs8x_j8ebVEnqPCgiZk8H-_OAz8TbVtuCUpnWrV9g1P6OYxo0Ltmk0dG7z4fduOuc=w1920-h1080-k-no | https://lh3.googleusercontent.com/gps-cs-s/AHRPTWngA2DJ1AVJpQEK9gTS3ffmnkVg5UpVr5_B_dsb9rPCuM2poYK3dQRsRy7R89u8f45UxSUDSp3TQIoQCQZ_Z5fpwFM930OTkt9rdokRGwGqE2ZPmYSlCW2qvKKTO-i_axBRvDDQNg=w1920-h1080-k-no | https://lh3.googleusercontent.com/gps-cs-s/AHRPTWkEZaCJ7bCQFtxlcf9NcEKWiY_yUmZhyFLOsoTI7A8wf8MF3jUP9OZ6mNs0LcpGabwFHgllaDOa7e8iu6pJeuaHbi9ig_zpEN3x0VFKB3Ve_lDcH2X96YwofIFKrBkpBslAe72qcrOM3NRF=w1920-h1080-k-no | https://lh3.googleusercontent.com/gps-cs-s/AHRPTWm7dc_z-Rhz2Vi3WhNI_vfGMHnPhVC4nxPjFBoIjL8GjTaNkU8Dbpb6_a5cHtPhhSGsQbrBzE7fJ83oq19xlOeetriAaKNQ8vfPjDe66koIWGaYPRZHCKzEYRZ3OM-_-o5i2D_jqS7NJurT=w1920-h1080-k-no | https://lh3.googleusercontent.com/gps-cs-s/AHRPTWm9ENTkvnFv2cO3mtop8HzWBHjZPRfNMk7x0Cl6X91MBoEXlj30_LD93BmheVMquHmpfIM3hSlkY1QZjGNyqCQvVQmR1oKNPw60_0v9WPU4w28haHPLUoXQ66BUvqM0rxShbIq9XGP52MT-=w1920-h1080-k-no,streetwear,91,2026-08-17T05:05:43.000Z
B,115,75.2,hebevintage,Cửa hàng quần áo cổ điển,"Room 13, 2nd Floor (Backstairs), 42, Đ. Tôn Thất Thiệp, Sài Gòn, Hồ Chí Minh, Việt Nam",Sài Gòn,Hồ Chí Minh,+84 336 467 978,https://instagram.com/hebevintage,https://www.google.com/maps/search/?api=1&query=hebevintage&query_place_id=ChIJDT-HcFwvdTERcpu-NIAwK8s,ChIJDT-HcFwvdTERcpu-NIAwK8s,4.0,24.0,False,https://lh3.googleusercontent.com/gps-cs-s/AHRPTWnA0uqCjKSd2C1OqZn87mL13teBoFL2u7TJDYtwmSk4TSZ5TOCJ7hZvBZPhqKZwLGG3yXK7zN577nY3H7Ht7QHObmn-naIEmeoZtdCmDHoVRkv_DKu7VgZYKbI4-nf8l0VZQFJRNdobb4kU=w408-h544-k-no,https://lh3.googleusercontent.com/gps-cs-s/AHRPTWnA0uqCjKSd2C1OqZn87mL13teBoFL2u7TJDYtwmSk4TSZ5TOCJ7hZvBZPhqKZwLGG3yXK7zN577nY3H7Ht7QHObmn-naIEmeoZtdCmDHoVRkv_DKu7VgZYKbI4-nf8l0VZQFJRNdobb4kU=w1920-h1080-k-no | https://lh3.googleusercontent.com/gps-cs-s/AHRPTWnAh7hqDNkms9D9Jxlgqz3L-awR1rg4Q-S0jiGNG452XhKdarSIKAoJMiM7oHV1aISXYnODwrgjHlDk8IC_5NobfVefWl75sOQ03HBEQAS15BdCfCx5NEpwbyBGbOxuDqz45PDdPnd1hTC_=w1920-h1080-k-no | https://lh3.googleusercontent.com/gps-cs-s/AHRPTWkRzPIcCB_dVCIiVeFLZ7Ql7jKpw612VDX8s7Qy18iEogSeCeXCB_9sUyj4qHnetZKrpaUoPXKfMiT_0AFO0ujlV29bBHqUTcChPJOCbQZnFnTinpoEbyhNJ_kY4W8Szm35LKTz=w1920-h1080-k-no | https://lh3.googleusercontent.com/gps-cs-s/AHRPTWntz6X6eOX9nZ54h_h-TmI34a2E0bPVOc4jP01V6depiRB3IOGQ92yzz5KWiHAU2p9bGCNL3FfwV0cv24svSggzFhWvSOVQMhb8ymY4MzgSXKMIoKuR3J_Hj2HjMTDG--MDdbsk=w1920-h1080-k-no | https://lh3.googleusercontent.com/gps-cs-s/AHRPTWnkXztUd6md3i0F13BbTIcuj5g_lzsyf8pf3FaWBIhY3jO26w99xPep3Or-FtAW1v4EKpgX_5cHsPKXnlY9LnMg-YwfYWNXEyypafjOb2VPUAyDZEeRn0Syt2WBcEf9D8N0tYEwjA=w1920-h1080-k-no | https://lh3.googleusercontent.com/gps-cs-s/AHRPTWl_bfrf4cjUeMOow9oBy-XMiQ30C1NO8dASXICyvtANJwZxtib8bWk47EjlU2eoNLzWi34q4TkSfcGRmuqg7ReV6IyQjMZoUhFTHVeJBO0CP7Lf0Wn2aOmNxX7OY3UIV8orn2Y=w1920-h1080-k-no,fashion boutique,35,2026-08-17T05:04:50.132Z
B,116,75.2,Cửa hàng Quần áo nữ SURI SHOP,Cửa hàng quần áo,"105B Nguyễn Trãi, Chợ Quán, Hồ Chí Minh, Việt Nam",Chợ Quán,Hồ Chí Minh,+84 909 447 321,https://www.facebook.com/Suri-Shop-581221792384690,https://www.google.com/maps/search/?api=1&query=C%E1%BB%ADa%20h%C3%A0ng%20Qu%E1%BA%A7n%20%C3%A1o%20n%E1%BB%AF%20SURI%20SHOP&query_place_id=ChIJpRJN4Y0vdTERwrMjYSRkhz4,ChIJpRJN4Y0vdTERwrMjYSRkhz4,5.0,3.0,True,https://lh3.googleusercontent.com/gps-cs-s/AHRPTWkKNvWwusckWoww0N99k4MCDg4Bi2HbcL5pD-xqtBPWqTzkOtO4GIs390B3vGOSWfLcwT3mC4-QkX22Wl40VdDg9r0P-uU2quh-iysLo9cWjL6jt_X9iUCehSCVC7WBtkqCEis=w408-h544-k-no,https://lh3.googleusercontent.com/gps-cs-s/AHRPTWkKNvWwusckWoww0N99k4MCDg4Bi2HbcL5pD-xqtBPWqTzkOtO4GIs390B3vGOSWfLcwT3mC4-QkX22Wl40VdDg9r0P-uU2quh-iysLo9cWjL6jt_X9iUCehSCVC7WBtkqCEis=w1920-h1080-k-no | https://lh3.googleusercontent.com/gps-cs-s/AHRPTWns-FKFrI0Sf9_LRNJnVuhYxvsRjp6hWbK7ftihNih7hHlzPFyRp8HVpkSIInH4eNe8CIPaGFKNtRrPGCjnwVdJpqXLWqf5tpXyh7qW9O7NWU9McYlMWlha_doCbIxZBQ-IPLh_=w1920-h1080-k-no | https://lh3.googleusercontent.com/gps-cs-s/AHRPTWn4Mp-lO2roRfFDyFNEasbAnjcqjtkoCS1XHut5sZTZ1iZuo8OsNy6v4LpE8RVWHcad4_u6E4Wi4_9R3HiIv8uMa9THYHtOH7Po8zO1H4hvRFsfu8ZSupHFTsuSRsBcpSsK5fd9=w1920-h1080-k-no | https://lh3.googleusercontent.com/gps-cs-s/AHRPTWmA_twOoS21-wba0WOCGf7I7qybda8xW4QOc5VNx28KfUc0nusMKWDYXokV6cpfEL5NEusOYiOUBJE26VxfK6xHd4hDh-Ou_WUn7zDHaHOmPV_ZizU7qDHFyiat15Hap9AnlPyl=w1920-h1080-k-no | https://lh3.googleusercontent.com/gps-cs-s/AHRPTWlRe5x0dFr4-L4t_9IxpiQ9rVBXfR8y5ASD9DfKF_LOmrIplpPFK1U_qHGh1AcjmEZLszH6pRR1MsqL7SRIY95MLqUObu5NSonVbYOiO0Xr7E914NWxo3nKcDf4xraW5RH6Alobng=w1920-h1080-k-no | https://lh3.googleusercontent.com/gps-cs-s/AHRPTWmVn9pn5pMeZ1iULNnpHjAORupgN8Dz0ZL8oWHxG-F28TaSqjUzCKJO6pfolMjsqQKNtKvQCyS4I_YPklcsQjhd0fUc2pbTMWsr9FFEZjtPUv0ygHWtzRZxPz9IdUE0YkHbtzQrlQ=w1920-h1080-k-no,shop quần áo nữ,75,2026-08-17T05:05:53.667Z
B,117,75.2,MARC Lũy Bán Bích,Cửa hàng quần áo nữ,"971 Đ. Lũy Bán Bích, Phú Thọ Hòa, Hồ Chí Minh, Việt Nam",Phú Thọ Hòa,Hồ Chí Minh,+84 28 2248 7887,https://marc.com.vn/,https://www.google.com/maps/search/?api=1&query=MARC%20L%C5%A9y%20B%C3%A1n%20B%C3%ADch&query_place_id=ChIJTR_eKyYvdTER1p6Mo4oG1T4,ChIJTR_eKyYvdTER1p6Mo4oG1T4,3.8,24.0,True,https://lh3.googleusercontent.com/gps-cs-s/AHRPTWnu1CBEaRxjrWS5KrdokyJZnvN5ZqNlxQF10ap19QExLqDNmPrycZHtI2BFwsOvUfPsg63uIiemRHys1nm_29hXop-XB3AjeDcC0qG5-AZT73plWqVlBuIs9iyNhgA9MsGtPLpy=w408-h306-k-no,https://lh3.googleusercontent.com/gps-cs-s/AHRPTWnu1CBEaRxjrWS5KrdokyJZnvN5ZqNlxQF10ap19QExLqDNmPrycZHtI2BFwsOvUfPsg63uIiemRHys1nm_29hXop-XB3AjeDcC0qG5-AZT73plWqVlBuIs9iyNhgA9MsGtPLpy=w1920-h1080-k-no | https://lh3.googleusercontent.com/gps-cs-s/AHRPTWn8pxHlh-HvXYSHxHZNNpIl4V_BeVQ8yB_SFMsbn6CZX6q1ByfIO8NCNW8HFFqqg1R7oncpMuFLFZGV6beSmWIYR0IcJChNM_vNaL6tOJ5IHdPj-TBGBd0TaHVrRbh6onsC1Dlcig=w1920-h1080-k-no | https://lh3.googleusercontent.com/gps-cs-s/AHRPTWlOCutC2tExF38fcnqw90thuAtu_sAzafczNlc-DeoY3oTOXV0aFYrwfJXdQXrbiopcIEcVwfducQnBR6VOeNTPkgLsDgseGEwmYXPHjUuNa_6Zo7u96SNGw538jy6pHD6Mcf207Q=w1920-h1080-k-no | https://lh3.googleusercontent.com/gps-cs-s/AHRPTWl18MYpzbx3mvvba22NDhF7Z-99AdlXTJhHIYoaq4_oqGZMTKuZ9MLEX54ydi9ckqkWNKQbC9W-dpVQHMNn9o7yw5Ppj_SewuJYp9tE-zZau4c9zbzw6DoklAU1tCCXOi5QUhPw=w1920-h1080-k-no | https://lh3.googleusercontent.com/gps-cs-s/AHRPTWnsoHJ8f8kjCwELE_yeXEeEbQi4hfPMBAGJN0ulXMJre7bAwieYy_XtrxwVZQAUzjS1kzbsf5OXXh5SuRbSJ3K9ZdHmfXZbjadwIXV_woSWB_PTHMn0jTwZ2kXJ-u6IfTJJ9W9ieA=w1920-h1080-k-no | https://lh3.googleusercontent.com/gps-cs-s/AHRPTWm_ck5FHQxnAhGK4_q2t0Tz3bfCQrZpSHdMf_JfassR6YYvQLMYyDsMmYfVqjCJbibNNf9ScNHHDkjr3WEtkP9YBXYQ3BTYLSRE8jkfybh06sXXbFhZmzsp48GWCbaqxDJXUL_FCQ=w1920-h1080-k-no,shop thời trang,136,2026-08-17T05:05:22.936Z
B,118,75.1,Her Declub,Cửa hàng túi xách,"7/1B Nguyễn Trãi, Bến Thành, Hồ Chí Minh, Việt Nam",Bến Thành,Hồ Chí Minh,+84 905 460 531,https://www.facebook.com/her.declub/,https://www.google.com/maps/search/?api=1&query=Her%20Declub&query_place_id=ChIJQx46vxUvdTERTUpS7M2YsAg,ChIJQx46vxUvdTERTUpS7M2YsAg,4.8,86.0,False,https://lh3.googleusercontent.com/gps-cs-s/AHRPTWlGbanoIoqLh4BPEd27g4jiXad9zMGvrGR4HydYqr05HxSf0K_w3NP-F46t5nNSLpkFoqBlLsSYfMdC34HM_0PsjkuP4X4FBR29tUFcdEpuEWQSuyTyfUA_8prxDCK3eZ_vuA0ljFT8nKo=w408-h306-k-no,https://lh3.googleusercontent.com/gps-cs-s/AHRPTWlGbanoIoqLh4BPEd27g4jiXad9zMGvrGR4HydYqr05HxSf0K_w3NP-F46t5nNSLpkFoqBlLsSYfMdC34HM_0PsjkuP4X4FBR29tUFcdEpuEWQSuyTyfUA_8prxDCK3eZ_vuA0ljFT8nKo=w1920-h1080-k-no | https://lh3.googleusercontent.com/gps-cs-s/AHRPTWkGbpMzJ5pXFzEvXl7x5VE_GO8hGdwFGkCYcNt8bHpGw6lrtOLJ4PeaKsb-UOMNCMTTjraah9imRiiFLSwLSp_QRKX2SYMO1Yp-lKCrLUR7jlMw9QIlTLezJJO7oxG8hy_xp0S2rIHF1LG2=w1920-h1080-k-no | https://lh3.googleusercontent.com/gps-cs-s/AHRPTWlP7CU6xSpzWArZbNu9V-FF2GQ58_PtE81XvtGs3GX16Rmn-XcKtSsiyFPextdPRilKdaUzCDS97ymA9u8OqDlxpJ1C_L26tg4wyf7on1BvTeUbw3oYgUzdyFEB0XcQUydj5t5I7E1OfL4=w1920-h1080-k-no | https://lh3.googleusercontent.com/gps-cs-s/AHRPTWnZsXvppvQA5gi9jZ6LAA9s0O0xat7n8QvKM8aKbsUXlD7nwtifZI7D8_XcnLPOjxH62nvrME5Ov91cssLIj-dl_s12fQJ28hVSd39YuEceVOLKPrkYVjDAhX-_dk15vazn9uEGH6XwyGU2=w1920-h1080-k-no | https://lh3.googleusercontent.com/gps-cs-s/AHRPTWkBTKeVbWGjpkr82-3TdHHrATQD4q8drqR-uB8ZC0Z_c-DhfXUyr94g0AlawaniS9On3YT4fquNn8CgFyAGqdnepp62y_IiYji6WlhXvOulUKzfxkrmPVNZ9KzAKbb2qc-T_wjHUdEM9iWo=w1920-h1080-k-no | https://lh3.googleusercontent.com/gps-cs-s/AHRPTWmADPgi70fFkdhyAfMR_XS-4WPArQYrybh3TqFVjegkIjy3XrHPypQ0-mSm9bObn7LDTAYdVxjVFRR_0VVh9bnV8mRt5WxBGHGh5fME9joT3amIK9GKRK7IIL4azzHhb4qZjYrM1rOaUQyd=w1920-h1080-k-no,local brand thời trang,118,2026-08-17T05:04:44.689Z
B,119,74.8,LIDER,Cửa hàng quần áo,"07 Đ. Tôn Thất Thiệp, Street, Sài Gòn, Hồ Chí Minh 70000, Việt Nam","Street, Sài Gòn",Hồ Chí Minh,+84 28 6659 0342,https://www.lider.vn/,https://www.google.com/maps/search/?api=1&query=LIDER&query_place_id=ChIJwectIUcvdTERCPuw5K1IpZA,ChIJwectIUcvdTERCPuw5K1IpZA,4.5,133.0,False,https://lh3.googleusercontent.com/gps-cs-s/AHRPTWn_ZZj49atcGnRvH1ywS1UsrnCfrpHkCqsST57oedAyQUEyQ7MJs-1W1kKusnwBgftNeiiSxU5E6LpuH7rTNDwBVPdgYwPitGySg4D7zR1_FMAhX3TvS5rD2F56Xah_UrR8we7T51mDTNfK=w408-h544-k-no,https://lh3.googleusercontent.com/gps-cs-s/AHRPTWn_ZZj49atcGnRvH1ywS1UsrnCfrpHkCqsST57oedAyQUEyQ7MJs-1W1kKusnwBgftNeiiSxU5E6LpuH7rTNDwBVPdgYwPitGySg4D7zR1_FMAhX3TvS5rD2F56Xah_UrR8we7T51mDTNfK=w1920-h1080-k-no | https://lh3.googleusercontent.com/gps-cs-s/AHRPTWmys9wCwdT2XkBaDuq_6hSkQheSEwYZgQoFeZob4N3wyhktXtWUglD-JQtQ53BSY4VEPuOwAW82gGNUHhRk1W5LwBD1WKBBNY8E5vy1QT277LlZ6PP0rIBkpTlYM0gdROMTfiHiry0yRJnE=w1920-h1080-k-no | https://lh3.googleusercontent.com/gps-cs-s/AHRPTWktCID6hqDrkW5YQgRNrZ4xcfrN0_yeqe21zH1DfsC9eiOkge2HBhLvVj3IzLQrQ2ylMO-xEiCUNRaQpMYIVMdJ43fxgn7Wk3JPj1e1pe39HleyXT6q59f40vSc4qw2xHOZXes=w1920-h1080-k-no | https://lh3.googleusercontent.com/gps-cs-s/AHRPTWnFRRlSsEU7sveyJ0vWVcTB9htdLBBzDHZDWCvGubmZ5VFliqjA593KSXBAUB-wl3p9H9b4WDabCFvBmdbDRPhq6il1GjhWP3I8mHjIpiVinZ211GDWK8uoTdSqNcLhm0d0YpeodKkSsG4P=w1920-h1080-k-no | https://lh3.googleusercontent.com/gps-cs-s/AHRPTWlKWYoxbulJX-JI9UkJXfPO_Qu9XLjy0B_LRs_ivN2UGGarJEwMjq4sX6eIJI7-vO5l3YaXH_vS2-Ar3wmFEAoObO5Aph3k_MsJu5AfmbZV-DegoI7V2bKZTg2zuDxZv6M3WCCvgjVna6nT=w1920-h1080-k-no | https://lh3.googleusercontent.com/gps-cs-s/AHRPTWk9fI_MpILLyBofjzW4mVf62zy47uJ-dbwjuoY2Sye6MzLDCGq8YUgxhXCYC7EGR-UratA-W1SAj_ee3CQpuCUjPoe5usp9cQSXjR-QE7lFSCf8bdThxwOUFAfsaMLPy0_mfo-Qq8q5L1TC=w1920-h1080-k-no,streetwear,103,2026-08-17T05:05:33.540Z
B,120,74.8,AASTU - Aa Le Loi,Cửa hàng phụ kiện thời trang,"46 Lê Lợi, Sài Gòn, Hồ Chí Minh 71000, Việt Nam",Sài Gòn,Hồ Chí Minh,+84 775 121 998,https://aastu.vn/,https://www.google.com/maps/search/?api=1&query=AASTU%20-%20Aa%20Le%20Loi&query_place_id=ChIJoe-t1eovdTERDQAviTroDUE,ChIJoe-t1eovdTERDQAviTroDUE,5.0,1988.0,False,https://lh3.googleusercontent.com/gps-cs-s/AHRPTWneNwNBqcAr0hE--mjY9Tdmzztct1gnn3fer0A6R3yB9Zg8WQ7ogaEG_UUG_Htbi9y9xd0gSlcSJDhrrGfC3K3jx30zTsiD0bvEGg_FyEfgsTXx8IuCnwPlNMrpHvJntWQQMncfUxJ3i3Tq=w408-h306-k-no,https://lh3.googleusercontent.com/gps-cs-s/AHRPTWneNwNBqcAr0hE--mjY9Tdmzztct1gnn3fer0A6R3yB9Zg8WQ7ogaEG_UUG_Htbi9y9xd0gSlcSJDhrrGfC3K3jx30zTsiD0bvEGg_FyEfgsTXx8IuCnwPlNMrpHvJntWQQMncfUxJ3i3Tq=w1920-h1080-k-no | https://lh3.googleusercontent.com/gps-cs-s/AHRPTWksm1g2GQs5hyjcs83b0KFLYF41A0nRh4K03zr-9DruVWZrFQ6JiorLFAMCUtYEmf0xfyvUBSPc2ceX0HQIunptv1g1gLlJdgBVJKn6MhgLqKuevaI-2yAaxuHjukGFSQt9rvmCyXmPRpKf=w1920-h1080-k-no | https://lh3.googleusercontent.com/gps-cs-s/AHRPTWl_OVnVDJrvwgDyMJthiRtmlKdmkxdHyoPziyr6fKkKm8AHqk4E5yyuEeKj1COgTktpyVoMPBpvhdTAhYyX-Gj1PQfTpveK6fGNDzXxiH0HJdCXzUIQnI9DUFliUoBKAjpoQPpX10tA-6Y_=w1920-h1080-k-no | https://lh3.googleusercontent.com/gps-cs-s/AHRPTWkGQxXwh6d-leMXc6QtcJ6yK17GSLneZALbfjXVOP1LR68K9DRlEC-qSH3SP2E1RYqHdtLBMzGtRgOqI9Pd2ZEmzzUWzYmTs6vSzhEhiFuIgSnQZE5FsL_HeGSicfCVQcarJzlTqmuulR4=w1920-h1080-k-no | https://lh3.googleusercontent.com/gps-cs-s/AHRPTWm6dISM3OQbMoX3ckdngHXATXYc5NB7vafSg8hj9-JyZhjcT93-sSeafRGxEkTXLZesdrdgkh2mQ5K2pYvfnhDTQtU0TiY_9HZiROG05mSyB0qWHzRLlpOFVdwyjuitUf6ZmohWFZtUvz_Y=w1920-h1080-k-no | https://lh3.googleusercontent.com/gps-cs-s/AHRPTWm0eMqZEsPOyYiBNwKYdfvfcupK1m0hPtA837dE1cTNqx6KYOcpJ8psdxAPEbaPxDz6J3gzZ94J5w4v7OjppvqEFxfvaK2hKBXawQna6navrUNpu_sdGCzvJR0VYleV1liXoj5uPIEdMgQ=w1920-h1080-k-no,streetwear,104,2026-08-17T05:05:33.233Z
B,121,74.7,PUSW,Cửa hàng quần áo,"79 Pasteur, Sài Gòn, Hồ Chí Minh 70000, Việt Nam",Sài Gòn,Hồ Chí Minh,+84 567 365 368,http://www.pusw.club/,https://www.google.com/maps/search/?api=1&query=PUSW&query_place_id=ChIJ6StHKuEvdTERmd9B0npwm6s,ChIJ6StHKuEvdTERmd9B0npwm6s,4.9,41.0,False,https://lh3.googleusercontent.com/gps-cs-s/AHRPTWkvaYjQT7fpOelGLKqIEfSr8rl9_JyMiiHNzPDB2ee-wma-rpXVAWOreyJo-sI-Q9ygXVAfipNgMVOf_olBeze1VyhwO0UfM3x_vC-C-D2XzaWwbzWDMIEuvyBX9Jr1Ptls-CzvSzlBj1kw=w408-h544-k-no,https://lh3.googleusercontent.com/gps-cs-s/AHRPTWkvaYjQT7fpOelGLKqIEfSr8rl9_JyMiiHNzPDB2ee-wma-rpXVAWOreyJo-sI-Q9ygXVAfipNgMVOf_olBeze1VyhwO0UfM3x_vC-C-D2XzaWwbzWDMIEuvyBX9Jr1Ptls-CzvSzlBj1kw=w1920-h1080-k-no | https://lh3.googleusercontent.com/gps-cs-s/AHRPTWkGi0Fh2qAW9m444s0gr2uQeBUPhRa_BHOjb13TN53suF1JcyxZKIXQXkzsruN6km7kR0PfHt68ZTjEd_kZPBcpZj7vtSYj5iNj0W7WeAeC-_gBOBoxKH0UcEQa4RWKbYknJJIOvtLkgyE=w1920-h1080-k-no | https://lh3.googleusercontent.com/gps-cs-s/AHRPTWmxK2uLrPSO5moXXyQHSdg_xfdTXjZNYXh4WHOs3S8hK6yAufbPRxvEdZHEoITxf5T58qr8vAfpSGeu5wlHQv7h2J8atoR3aIim1bqLnuVhPdG0Lr5gkyZNcuFc3szBjqGKrcyOZsvkSb00=w1920-h1080-k-no | https://lh3.googleusercontent.com/gps-cs-s/AHRPTWmeBbf2dIB4Ajfo3vgicwCvMEkWk-m-BrJxd1pDrYS_vUGXu7Ai6H0CP7tw1R_ULjMim0s_ISjX3tUVV8h79S9IEFS8YyigR-p6vVFoSdHeRZqLc1LbmB1lT4rFmjxzkIutVLpX=w1920-h1080-k-no | https://lh3.googleusercontent.com/gps-cs-s/AHRPTWmyULyRKyvlggT-XEfnKlGcd0PPj8eSys3Vx2Pb85Nn8lF0Q-JtEMMIxhH2uN3ZWVPO1q0Lp2lv1w-uIu9L0DngGqpcOb419ZvmCQjk4wwNiAASFNjCm2O4UHZYRSGOqJDcfVUKfCmROMyD=w1920-h1080-k-no | https://lh3.googleusercontent.com/gps-cs-s/AHRPTWkPEqrgNEHd3DLx8xNHMMm31k3FGMoNzFH-g0drE3dccfxnsREs0C9q-bsYcidKlOy4qf_h4NGmYkNNQ6iCUs92Y9Bv689pP2QDu3XwbStasI-cbvcTTKCa-HkAkTg2W3MtNCXXBDu7HTw=w1920-h1080-k-no,streetwear,7,2026-08-17T05:03:09.173Z
B,122,74.7,Giày Dép Quần Áo Nam Nữ Big Size,Cửa hàng giày dép,"3 Tháng 2, Diên Hồng, Hồ Chí Minh 700000, Việt Nam",Diên Hồng,Hồ Chí Minh,+84 906 130 639,http://www.khonglo.net/,https://www.google.com/maps/search/?api=1&query=Gi%C3%A0y%20D%C3%A9p%20Qu%E1%BA%A7n%20%C3%81o%20Nam%20N%E1%BB%AF%20Big%20Size&query_place_id=ChIJAfISI-kudTERf24chfBkFcQ,ChIJAfISI-kudTERf24chfBkFcQ,4.7,64.0,False,https://lh3.googleusercontent.com/gps-cs-s/AHRPTWmXAaDG9E1x55rRR27m6vGiqBJTiywQN7_1brP86HxZPQAWVss1Zr6D8phiiPob-khqIH9ymRGzKDBofHtB7Qq8WXLWvNqQEZY3MZ6EECzF5mfUTOWONFeFjXTfmgMZSvbqsztn7w=w408-h306-k-no,https://lh3.googleusercontent.com/gps-cs-s/AHRPTWmXAaDG9E1x55rRR27m6vGiqBJTiywQN7_1brP86HxZPQAWVss1Zr6D8phiiPob-khqIH9ymRGzKDBofHtB7Qq8WXLWvNqQEZY3MZ6EECzF5mfUTOWONFeFjXTfmgMZSvbqsztn7w=w1920-h1080-k-no | https://lh3.googleusercontent.com/gps-cs-s/AHRPTWmDihLsga87VaWolVQzU-Kd0UxQh4eRH7tpLqdGTkPnfl4llgs_K_Nin70sCb8mxFZyOkoZDg78ZxFWAFnRSQNnHKQXQ0dMFSDCy3e_5wPYsOH4pHmpxySLiQUdG2lSeqTlzXSEvg=w1920-h1080-k-no | https://lh3.googleusercontent.com/gps-cs-s/AHRPTWkRuLxTkvH1IP6XR_j2dNG1abmitik8Txb7a4RGAbUISJ7qqzETYsq2wmghzbGVKc7bt4vgap6Bo7axCBCdWFmh4DQP5twVclHmLh9nGP01xo9wvCWA0Y62QHsat0l2vuKI7_5PLw=w1920-h1080-k-no | https://lh3.googleusercontent.com/gps-cs-s/AHRPTWmYXCixPqeWbVvwM2_wssC70ZYkkdtMLXlafXJzMhUlX0Ci2MU-5Rr6aiUr_yuBOtxNwPy2Ebo5DyQEN1a4n8MGdYZgu1wDqQTwUXlNk4jE3nzrRswK85PtB974hQO--Nvo3VBYqRPvU0U=w1920-h1080-k-no | https://lh3.googleusercontent.com/gps-cs-s/AHRPTWmn1RstsbdIpakP00DtiRe15PiBWjEw4ysVxmTMc16qUlD7NJhBrIBivk4KIkXd7AkkuO0TUUYap_gVo_gBjdWsHL0KrWzvUn-vEy_lSjKUkWMZibEOB8ZVZQ0Ym7RjfWBHoGiv=w1920-h1080-k-no | https://lh3.googleusercontent.com/gps-cs-s/AHRPTWkftYjDABCwK8fg-gd8iGiqayXcqd1bhCAayFdWVLVlAjFi57-FDnONffW1mk5OzsLihVIqHPMFBPpzwHEPgvSr2EJulmu4wQ6tp_8rQcUAwJi1JhBOOrspqoEcbWbjPJd0qQZDwQ=w1920-h1080-k-no,shop quần áo nam,127,2026-08-17T05:05:25.839Z
B,123,74.7,Vivian Quần Áo Nữ,Cửa hàng quần áo,"60/10 Đ. Lâm Văn Bền, Tân Hưng, Hồ Chí Minh, Việt Nam",Tân Hưng,Hồ Chí Minh,+84 815 599 568,http://www.facebook.com/viviansaigon,https://www.google.com/maps/search/?api=1&query=Vivian%20Qu%E1%BA%A7n%20%C3%81o%20N%E1%BB%AF&query_place_id=ChIJDxLH6HgvdTER9vD2BpGmMJo,ChIJDxLH6HgvdTER9vD2BpGmMJo,5.0,20.0,False,https://lh3.googleusercontent.com/gps-cs-s/AHRPTWlBZiT-EM_coIJRcAKoo2a5Eg0dUwGr8zumSM8w_iAGYMDB9k8qgOhlxHbvb4bpLOPY6Oz-WPBl9bkHgkUIF8Pm20FDIw9a-JQUv9OsIorlt6J2BE520romqHnwCG6OUUh7vDKi=w408-h306-k-no,https://lh3.googleusercontent.com/gps-cs-s/AHRPTWlBZiT-EM_coIJRcAKoo2a5Eg0dUwGr8zumSM8w_iAGYMDB9k8qgOhlxHbvb4bpLOPY6Oz-WPBl9bkHgkUIF8Pm20FDIw9a-JQUv9OsIorlt6J2BE520romqHnwCG6OUUh7vDKi=w1920-h1080-k-no | https://lh3.googleusercontent.com/gps-cs-s/AHRPTWmyTi8vhUqczeCuioo5SVr4ngIngDgZ0JuIFOTW8kz4jQrbkf29liMAPbipqkKJ8buiz6ZANT16WDPuHcMctGjC1qlcoRxM_dQAROjB-M35B7cwgIvvxCiBT2NjeiLxp7iQZvtbHg=w1920-h1080-k-no | https://lh3.googleusercontent.com/gps-cs-s/AHRPTWnony2UlOlbNBu14mcS65y9Y1XnfCVSTHUdx5vuW097dcVSu5jDXSj4epGCT9e5PWjzamVtn0qSIYy8j_orXFoDO_USI5AAOtm8cKlwDLFE6bO5gRpEUC-WKwfpCONzZU2-q0Tz=w1920-h1080-k-no | https://lh3.googleusercontent.com/gps-cs-s/AHRPTWmTJyP9ycpWGhHHBm2Z-KeuN3aH_WwAs2hVqdQ6mW6oy6ReGoaCORfrjz0Ow47O83-VV4nZjMOjM7eeNEriUOitIwKczNn4cOE0MO0UuLyQI_KVv01NcOOadXyx2dxY-cVFv-4U=w1920-h1080-k-no | https://lh3.googleusercontent.com/gps-cs-s/AHRPTWmjDplgbS5xcLuA6B2tWPGeONG02ASH0co_-NzLVtD1LzHaITvhPmVI6uQGpnOk_S2MQgHElXIJJxYxfAEtwZP4ww2UZXhd_8bIDnoYq1K_xlgOhHoNl3nKbHrC5ooOvKuaqauQ=w1920-h1080-k-no | https://lh3.googleusercontent.com/gps-cs-s/AHRPTWn6tMyDKJfKDcjbk8vPJewbXFXyZv95y41RvjB92opQ7sW4unUzLVE49Eu9TKXMx-4yRatQ4clhOtVymSMPjS-y-sgOWO2Ospm-sMeT1xJ52D6_RVW1W5I054v2dbP92NRCxM6Z=w1920-h1080-k-no,shop quần áo nữ,87,2026-08-17T05:05:40.689Z
B,124,74.5,THUY DESIGN HOUSE,Cửa hàng quần áo,"44B Lý Tự Trọng, Sài Gòn, Hồ Chí Minh 71000, Việt Nam",Sài Gòn,Hồ Chí Minh,+84 28 3939 3066,http://www.thuydesignhouse.com/,https://www.google.com/maps/search/?api=1&query=THUY%20DESIGN%20HOUSE&query_place_id=ChIJI-4IljgNABERi_OWbRdAGWg,ChIJI-4IljgNABERi_OWbRdAGWg,4.9,137.0,False,https://lh3.googleusercontent.com/gps-cs-s/AHRPTWlZy69tEHKJfVv82PmWxb03ovC2UqUWWtqwB-TtJYB-crtPraO_h0FZxgh_3ulyE33k3LVu0tGG0PsmFQieX4rGM5rfQ6KPCmsIdC8GbzcJydzKDuCFfxZVeg_b1ho3KeTj1Ezc=w408-h272-k-no,https://lh3.googleusercontent.com/gps-cs-s/AHRPTWlZy69tEHKJfVv82PmWxb03ovC2UqUWWtqwB-TtJYB-crtPraO_h0FZxgh_3ulyE33k3LVu0tGG0PsmFQieX4rGM5rfQ6KPCmsIdC8GbzcJydzKDuCFfxZVeg_b1ho3KeTj1Ezc=w1920-h1080-k-no | https://lh3.googleusercontent.com/gps-cs-s/AHRPTWmQamdJKobiWE-C6IwmlSE4UOsqkIA08M7dBorDbHUUh28j8I2Hw-iF86zQXoQdxKk-nxoBoTiefOVRcUIV2itLHRObNVnt84CNdIWB-85cYW8Jv8igVQ8Z4VcZR0zoNrKOpKc=w1920-h1080-k-no | https://lh3.googleusercontent.com/gps-cs-s/AHRPTWmq7rAss3vzSLykuUBmHhpYrRMfkQLMMPbdRtAYO0VNU7EVZPu_m1YdKiCVZZr9i7MLK9441xG7bgmYInFgbS-8xhL7BA3Deg_croNZKZMasmRTY0lbKnYYv_W7E7xCH7Dnaes=w1920-h1080-k-no | https://lh3.googleusercontent.com/gps-cs-s/AHRPTWkl_UeS2rhuJ6pnuQvaDY_6OsKOGjw1781PbrwCOSV5l7wZ-TCFeAyxO2zL-du9j_e9YCtdr4q_FTWtXT9I3G_IaEHNvXxHabnKRfmd2kkKa3Rzf5uc-rRdnTMSjA0Cy5rdJrhA_-fn6XND=w1920-h1080-k-no | https://lh3.googleusercontent.com/gps-cs-s/AHRPTWmFI0hXPQc0uPhuIP6LFXU3O5zMigxZhEo4n1dw7ruz14Q0vhAFfCnwQ2sk7Q8q45736AIDasnbwtWXBCKN_DJa_DaYbSqtA0KZkm0FGwSyheAx8K5B6EwbyZpxwjcIaWbdW2Urpp5ln8Vo=w1920-h1080-k-no | https://lh3.googleusercontent.com/gps-cs-s/AHRPTWmQl8Ebzj6ytqbsXaVJRywEGVyafJc2w4lbg96q8IrxfSEhZOEO6l3lhXDSHVIFdww4RhDLZmpGbd_9cw8Uajck4g8VgmgOCX28UjxvElQSKBzutvB0CQEpzYVnQnLhKBqoFQrpZ8fvD9Ty=w1920-h1080-k-no,streetwear,109,2026-08-17T05:05:35.074Z
B,125,74.5,Chuyên quần áo nam/nữ - Ngọc Thạch Shop,Cửa hàng quần áo,"Chung cư An Thịnh, Thái Thuận, Khu đô thị An Phú An Khánh, Bình Trưng, Hồ Chí Minh, Việt Nam","Khu đô thị An Phú An Khánh, Bình Trưng",Hồ Chí Minh,+84 582 915 868,https://ngocthach.storee.vn/,https://www.google.com/maps/search/?api=1&query=Chuy%C3%AAn%20qu%E1%BA%A7n%20%C3%A1o%20nam%2Fn%E1%BB%AF%20-%20Ng%E1%BB%8Dc%20Th%E1%BA%A1ch%20Shop&query_place_id=ChIJwfFKKMgndTERr_DzQ1T3VPc,ChIJwfFKKMgndTERr_DzQ1T3VPc,5.0,1.0,True,https://lh3.googleusercontent.com/gps-cs-s/AHRPTWkxkAr_Cz_iJxFjWEobNkrhXTyJH10M8EPeKnWzAbu31YfkX3QJesPgAK1KnNbpsHjYi_OZQfFpqcPYsAlq6EQFBslE_jFl0RJyKoxi7aGojrVbPU2gUUhT3uWxrFNllrgKfYfR=w408-h408-k-no,https://lh3.googleusercontent.com/gps-cs-s/AHRPTWkxkAr_Cz_iJxFjWEobNkrhXTyJH10M8EPeKnWzAbu31YfkX3QJesPgAK1KnNbpsHjYi_OZQfFpqcPYsAlq6EQFBslE_jFl0RJyKoxi7aGojrVbPU2gUUhT3uWxrFNllrgKfYfR=w1920-h1080-k-no | https://lh3.googleusercontent.com/gps-cs-s/AHRPTWmWWTg6_8m4DtVbNSqtGKkmFOsxALu1t4SdCrxi4UkP5_orwOKTOCNYO5SBO9B5TXjKAiPV3LNZu_s0okI5Q9oscN73qiV0x990anMkl0JTG4PTNzL1fUSoJySU25LqQIOrqxStyw=w1920-h1080-k-no | https://lh3.googleusercontent.com/gps-cs-s/AHRPTWnVANOtF7nb7o-muGr7cGfH3bu77PRTIagiWOALLgkgmGrQ0_QDXnP78kaOaQ1o-5jWR0dVF7bYL0Eru-9JPmAOV6PF2oy3Ad7qg-1wMs19rkZOdWiG80Bg59bfTs9Ga1DZldzM=w1920-h1080-k-no | https://lh3.googleusercontent.com/gps-cs-s/AHRPTWnHToF5TCjNzIazZ1AGbvl69aC1zLUigPvSUnnAL19k1dNVSCs6jOfPK0GLjNWZiyEn5Q41Z5POTuvL7L9zg2b9SF9zOQgKRHCAKKA-8sCoHny5PYiVfneTcarZtUe7-Gi-Gs5U7w=w1920-h1080-k-no | https://lh3.googleusercontent.com/gps-cs-s/AHRPTWlDnOXB9ecw3QY0MNk8iBCxzs1eBnh_Fw6ZROcCLzaLLpFdGU-IM3ObhO5aGxlQRjrccHhUEjiLY74sJTsmMwhYt35111E943XhkzLP7_4agEik5gdYu0oMZJykf4GYxcb2c761Pg=w1920-h1080-k-no | https://streetviewpixels-pa.googleapis.com/v1/thumbnail?panoid=vkjIrXWn1C0TN74skogPAw&cb_client=lu.gallery.gps&w=1920&h=1272&yaw=175.34096&pitch=0&thumbfov=100,shop quần áo nam,91,2026-08-17T05:05:45.761Z
B,126,74.3,Streetweareazy ( SWE ),Cửa hàng quần áo,"44A Trần Quang Diệu, Nhiêu Lộc, Hồ Chí Minh, Việt Nam",Nhiêu Lộc,Hồ Chí Minh,,http://swe.vn/,https://www.google.com/maps/search/?api=1&query=Streetweareazy%20(%20SWE%20)&query_place_id=ChIJDwL2TwAvdTER3tw6CzV2GOk,ChIJDwL2TwAvdTER3tw6CzV2GOk,4.9,203.0,False,https://lh3.googleusercontent.com/gps-cs-s/AHRPTWkJ8ZkqK90vOFX7ZeIB0o_sok0YkcO2YWAs8dvMNfDSUglhCzeR28AT43EHjrA9Mcrfw8a0UdB5HMVgb9Odh4Da0qiw7fOuhqhcpabZud5044ku0RLET9uGizjvjP3YTf2Bi4ekQtTo46A=w408-h507-k-no,https://lh3.googleusercontent.com/gps-cs-s/AHRPTWkJ8ZkqK90vOFX7ZeIB0o_sok0YkcO2YWAs8dvMNfDSUglhCzeR28AT43EHjrA9Mcrfw8a0UdB5HMVgb9Odh4Da0qiw7fOuhqhcpabZud5044ku0RLET9uGizjvjP3YTf2Bi4ekQtTo46A=w1920-h1080-k-no | https://lh3.googleusercontent.com/gps-cs-s/AHRPTWk21n6iqWf0TqPQdRTz3QUHfvWScYJW063ofI1GS9UYBog4B4kfbfHRLx75rcmBHbPVa7uFAeNgOK0vzn4tmtNa-pzd7VyLfaGjxgEVucvqtqrWTSeu8SYX_p7fITzHJSPPpCRX3hiSiLXL=w1920-h1080-k-no | https://lh3.googleusercontent.com/gps-cs-s/AHRPTWmuVOcvsV3yD029SJB_E4anXV5aXvFcYK-a6WRi9b6XbvmB3gilvv1hqzK3MaIQKB6HyVo4VGVOGn2xuUCqVnRqHLsIZqobOIMzgqKayiM0NonsrxpnX3ZApH9NughX2TTPH2RpAc14vllK=w1920-h1080-k-no | https://lh3.googleusercontent.com/gps-cs-s/AHRPTWnk_omgzNDcOU3RRTDypk_bIGiq1NgZLUxpZN_85udzPbEgKyiDIPlk1xT6GQ5NXu8Vq9UgZM4T9Nry47UU3Bceuxeayc5FdX8mPgh7SZvXRtnKtu7-BcBVdT4DyS92wqLwlV9MSamxHiIR=w1920-h1080-k-no | https://lh3.googleusercontent.com/gps-cs-s/AHRPTWkipsEfLTtPYFXLFvNxfXt5B5ZW12GOmVC2CBjrGirl_MtqWFJ4stcHIzKVbLgl6abS3rTaBd53750Zhue0HETZMwKKmVaaTT7t5FzebrNYzmh3ngVUK5180Ak2bzr84XnY57TXhSgCmOuh=w1920-h1080-k-no | https://lh3.googleusercontent.com/gps-cs-s/AHRPTWmWO2s2GbdRYHi8sm54nNzSjw0GCIEZ8apvzzCOjmVd6ORRQRZBfmYNJpEtX7aQBqUEnTtggsrDTP-koaEUe1J4zuRelp0Y1WNYuMF9scJocSh9b-wql0AqB5JEXnZaBlZwfgPpDxaRaoSy=w1920-h1080-k-no,streetwear,13,2026-08-17T05:03:04.247Z
B,127,74.1,OFFONOFF CLUB,Cửa hàng quần áo,"156/4 Lý Tự Trọng Phường Bến Thành Cuối, Hẻm 156 Lý Tự Trọng, Bến Thành, Hồ Chí Minh 70000, Việt Nam",Bến Thành,Hồ Chí Minh,+84 792 059 058,http://offonoffclub.com/,https://www.google.com/maps/search/?api=1&query=OFFONOFF%20CLUB&query_place_id=ChIJAfqgi_MvdTERsQG-9q2-fzQ,ChIJAfqgi_MvdTERsQG-9q2-fzQ,4.8,40.0,False,https://lh3.googleusercontent.com/gps-cs-s/AHRPTWl94z_YuuPHv27DW5gGxNoPGStYSb5jnSSi-QX7tz44FO_VvH-MsrPLElTrU-5NY9HVKt9HGymTKRP6iJTSma6Qt-9Z-GhesDpgmUZ8ERQYODebRvVmtISG_rtUNMdxgBo00ksD=w408-h544-k-no,https://lh3.googleusercontent.com/gps-cs-s/AHRPTWl94z_YuuPHv27DW5gGxNoPGStYSb5jnSSi-QX7tz44FO_VvH-MsrPLElTrU-5NY9HVKt9HGymTKRP6iJTSma6Qt-9Z-GhesDpgmUZ8ERQYODebRvVmtISG_rtUNMdxgBo00ksD=w1920-h1080-k-no | https://lh3.googleusercontent.com/gps-cs-s/AHRPTWkH84Q74dnbQzoGEK5hib9kdbPU9xjg6DphTcXncTSxDFbTjydvzmKaUdAi2c9eyhdq93JPEPxq9Lm-beh3HhBR9EFJmrIJ3hxeMOhcaOdj1HubRoHr3ubJ_hECJUs7xDanMQsKSw=w1920-h1080-k-no | https://lh3.googleusercontent.com/gps-cs-s/AHRPTWk4MLtpS3u8dddTkDk1UqrcdL8QzIOx-JtdkPAP8VJ5UctexwnjATDzs764D7VVfKJj-Fd_ZmBrbETRH9qOnP-Dpv8e7GcWiaGVQtxogbjVTp4GHrXi0JCVGdnvPhIsDvXjB-R5ckiNcNu0=w1920-h1080-k-no | https://lh3.googleusercontent.com/gps-cs-s/AHRPTWnRpky8ndTImSfFhCGA7Vpoy9zb7BluztrCbz1BcdxC8a9ILuNiECLcBkVQzyVdh4RDM-Z2TSv8wbz73d2qFz65b4ltJ0q6Ri4q-GHzY7Xx6siWkeoDYV308ldhZGY-6bCJyPlv=w1920-h1080-k-no | https://lh3.googleusercontent.com/gps-cs-s/AHRPTWkcVeoM060jmP4nDcZ6AakhxOD-RCeI3g5InMi7mjfvDa1siPWSqNtndGRDXMUapMgl_rp3RudCRLFLvY8DgZYd8qwuXU4kozBYVRpfjTXuTzXQ8UNLZxu3eLbBHsd-JSqsoSw7CG4e0G0f=w1920-h1080-k-no | https://lh3.googleusercontent.com/gps-cs-s/AHRPTWk8Kr441QEX8TTyBz9tZxhNZeMRDcpSCZu2HHVOnIWqvgWG-q1oE1ylELkMZBN8Feh3Rp7wNBrkUiK3PM2JMrh_M8O1npLGWk5Z8lj_-nxQ0xCW6tCoPIYQGd_prifZnOJVSJq-=w1920-h1080-k-no,streetwear,18,2026-08-17T05:03:01.245Z
B,128,73.8,SẮC (SACWS) - CỬA HÀNG THỜI TRANG,Cửa hàng quần áo,"64/4 Trần Đình Xu, Cầu Ông Lãnh, Hồ Chí Minh 00700, Việt Nam",Cầu Ông Lãnh,Hồ Chí Minh,,https://sacws.com/,https://www.google.com/maps/search/?api=1&query=S%E1%BA%AEC%20(SACWS)%20-%20C%E1%BB%ACA%20H%C3%80NG%20TH%E1%BB%9CI%20TRANG&query_place_id=ChIJFUYfv58vdTERs8fVaD-Uvm4,ChIJFUYfv58vdTERs8fVaD-Uvm4,5.0,88.0,False,https://lh3.googleusercontent.com/gps-cs-s/AHRPTWl6sn5RMIoo5K3wrAQ5yZLZ2vozcLdBsO8yz0jfmN480CFg72p2VKfuqhV-fbzSxhi5sQCOpP0SRspgHD_8NSiB8rbIlx60LPcrAFlEVXRQPTTL6Ubg_zQTL-Ah1MbbistGPgbhObnLUMk=w408-h544-k-no,https://lh3.googleusercontent.com/gps-cs-s/AHRPTWl6sn5RMIoo5K3wrAQ5yZLZ2vozcLdBsO8yz0jfmN480CFg72p2VKfuqhV-fbzSxhi5sQCOpP0SRspgHD_8NSiB8rbIlx60LPcrAFlEVXRQPTTL6Ubg_zQTL-Ah1MbbistGPgbhObnLUMk=w1920-h1080-k-no | https://lh3.googleusercontent.com/gps-cs-s/AHRPTWn-0DRYexKojO__DqAPWd6PGXWiOojkmRW43pr0aVdQCLUYxAePUb7j1M5TwROyR96PYhpUosns4PzmETWxQfGLDk0clwUB3aoRY6F1puyUCp5frICEkk15XjeIJLOYbxHpFTJaITbjG73f=w1920-h1080-k-no | https://lh3.googleusercontent.com/gps-cs-s/AHRPTWl6vn_hNdaIppbPFtNUkMPoQLFCAHbrJ3sQkzawUiLwYeLT0oTc6i-3_ZKw3fbcB0Gwk3GaH9Ma5CFytArqM_KVBJvKmRvxDM01WlGKHxHd2JFm67zDoRM-F1lKX5EaWpOemGy_CFLFX9Y5=w1920-h1080-k-no | https://lh3.googleusercontent.com/gps-cs-s/AHRPTWlLWWp6-ewYBMfL4OZ77XZIFf2PSpcOYUdB4NWXaVWi80O3iJ3TklbmVC1caXrdwjN9ChAYHwxDxdJ36WPo2asN2HVDV0yhswLl5tRTw6b5HGDXzi3_bHeMuABorMQdc3pFNTtkgdb_Bk8=w1920-h1080-k-no | https://lh3.googleusercontent.com/gps-cs-s/AHRPTWnRfdGoFJjI3PtdlcdzUOncuSooIy-p4xY5GkRlPDxbjj86Pf1wBd72o95YmtWIPTX01YSqIzvcDVmQfSxSzUfMY8EN-XMNXf3T8pRpRG2gTsmxgf5YvWrRk48CPMdz44gb-tXpZarWxN2b=w1920-h1080-k-no | https://lh3.googleusercontent.com/gps-cs-s/AHRPTWmFt2SC0vNvsCMQarLPPnbq6If0Vxnq78ZkMs-36yC5WGDTKlz4fxR2DgxLy8KVxRIwXK-eGGv_xIodLtgQuDmDNGdkZF9fgazbIHwSjxxB0CYD10bxskKKpze_CrDCuRawgCZ9GCTcNXMa=w1920-h1080-k-no,local brand thời trang,5,2026-08-17T05:02:39.976Z
B,129,73.8,2T SPORT,Cửa hàng quần áo thể thao,"50 Bắc Hải, Tân Hòa, Hồ Chí Minh 72100, Việt Nam",Tân Hòa,Hồ Chí Minh,+84 972 179 039,http://2tsport.vn/,https://www.google.com/maps/search/?api=1&query=2T%20SPORT&query_place_id=ChIJn1rX3EIvdTERSrn6Nzkel_Q,ChIJn1rX3EIvdTERSrn6Nzkel_Q,4.8,6.0,True,https://lh3.googleusercontent.com/gps-cs-s/AHRPTWnjW5q7wFNMBtWPVkxngexGZBIX8E7iu5Rs9YeNrJwBMFrcCde_26T8fsDFORFRz_1BBrTy5mjNvVCqq85xKwVF9PzsAVsoWocZEno06pyXBE2YsXYoeblqlLMJvRpECAF3ouGl=w408-h544-k-no,https://lh3.googleusercontent.com/gps-cs-s/AHRPTWnjW5q7wFNMBtWPVkxngexGZBIX8E7iu5Rs9YeNrJwBMFrcCde_26T8fsDFORFRz_1BBrTy5mjNvVCqq85xKwVF9PzsAVsoWocZEno06pyXBE2YsXYoeblqlLMJvRpECAF3ouGl=w1920-h1080-k-no | https://streetviewpixels-pa.googleapis.com/v1/thumbnail?panoid=jwUi47MIIIZRhA2WDxl-7g&cb_client=lu.gallery.gps&w=1920&h=1272&yaw=324.53268&pitch=0&thumbfov=100,streetwear,125,2026-08-17T05:05:25.631Z
B,130,73.5,annenlamda - HANDMADE LEATHER BAGS & ACCESSORIES,Cửa hàng đồ da,"6 Đ. Số 4 Làng Báo Chí, Phường, An Khánh, Hồ Chí Minh 70000, Việt Nam","Phường, An Khánh",Hồ Chí Minh,+84 368 964 690,http://annenlamda.com/,https://www.google.com/maps/search/?api=1&query=annenlamda%20-%20HANDMADE%20LEATHER%20BAGS%20%26%20ACCESSORIES&query_place_id=ChIJ72zQbqYndTERcpC-w5uJ7yU,ChIJ72zQbqYndTERcpC-w5uJ7yU,5.0,47.0,False,https://lh3.googleusercontent.com/gps-cs-s/AHRPTWk2YVc2-66HNPH_lLgmNGSxbB-alAgEAB2vOBdFF5fKboZwrckk7Kxy6LV-rvRHDrWCgt4uq9PYoi6yeeQzBmtkOKiri880xmov1v83qibWzRi9FTzTh9Se8UdhQSB2ub997Wyy1eXZSffK=w408-h544-k-no,https://lh3.googleusercontent.com/gps-cs-s/AHRPTWk2YVc2-66HNPH_lLgmNGSxbB-alAgEAB2vOBdFF5fKboZwrckk7Kxy6LV-rvRHDrWCgt4uq9PYoi6yeeQzBmtkOKiri880xmov1v83qibWzRi9FTzTh9Se8UdhQSB2ub997Wyy1eXZSffK=w1920-h1080-k-no | https://lh3.googleusercontent.com/gps-cs-s/AHRPTWm1edvJGsrZMFpYfyRd8rrTXgtM2qH9ZHWTu7mQVRwPa6Qs2NxVoAUXGSCq4VRadLox81z1IXRP5xppq3Sc4Zk4vo8JxipLGeI9MhYLlcFaBVGdHQ2wZOsa6H11EJsBBBrG-bL5amn6hPU=w1920-h1080-k-no | https://lh3.googleusercontent.com/gps-cs-s/AHRPTWnarWPXQCMYS9jCvAE8CtJtuMhZUyYaW2XhsLVnOLcDHjc-lgPtlXzRFMIEXv9_pocxMRGAvGk151opEMi-_P1oP0q0v2DzNkJudka2CNscMufZeDCvXGBDz6VWGXZ37co1bjv-ln5SnDlm=w1920-h1080-k-no | https://lh3.googleusercontent.com/gps-cs-s/AHRPTWlh9d2YwQ4wOWwEpGvOcFw5PUy0c2KAfucwSLVTW9fxUsuHHPmkHoPMQiYbRn7VnUvHPjQofcFobwIyqWnUoTt_nvc9XEV5jmeb4OEFAkmmc6V9yVsbOxNPyKAzBBR4fAtqY_iBgmPL2Aed=w1920-h1080-k-no | https://lh3.googleusercontent.com/gps-cs-s/AHRPTWmE_bHibY_zesQXG2Elr4q-bThY-fyc9zSbmjL1SojLxTkQXKmyWBxzy_jceyBq3bp_QmNkIZbFqbr6EveAK7n3j4pCjl68Q_FM__n1plubdHhmDfZT7aF0BFs_zUyBYL_GZnZMRVLI7TwT=w1920-h1080-k-no | https://lh3.googleusercontent.com/gps-cs-s/AHRPTWm8uc0dbacGrzTA6ZUoCwAncJZhNt4mfo8xOAvoyBtLRanVaYkxXkG0dcrFmAREuiW9Yyv4htzCcasqnbqRSAMVg2LNVPvlulPsLRZqxKxE68uxpIssAiSFUmu3KCTW9b7_4Uz5fxgDfXE=w1920-h1080-k-no,local brand thời trang,50,2026-08-17T05:05:48.194Z
B,131,73.2,Totoday,Cửa hàng quần áo,"55 Quang Trung, Gò Vấp, Hồ Chí Minh 71450, Việt Nam",Gò Vấp,Hồ Chí Minh,+84 938 803 633,https://totoday.vn/,https://www.google.com/maps/search/?api=1&query=Totoday&query_place_id=ChIJFy_jSrgpdTER1beZi6EkUMw,ChIJFy_jSrgpdTER1beZi6EkUMw,3.8,63.0,False,https://lh3.googleusercontent.com/gps-cs-s/AHRPTWkq6g2COjyW9mktfyAi1mVbsAZ8iwcthebScFLXUzl59HsPYdtwydkxFyapqx3POr016YBTQy82Ys5gwiogPvBaF0CRojG_nnFX9HFycK_7pZy0i4gAcocNX25vLp6U7DRq36M=w408-h306-k-no,https://lh3.googleusercontent.com/gps-cs-s/AHRPTWkq6g2COjyW9mktfyAi1mVbsAZ8iwcthebScFLXUzl59HsPYdtwydkxFyapqx3POr016YBTQy82Ys5gwiogPvBaF0CRojG_nnFX9HFycK_7pZy0i4gAcocNX25vLp6U7DRq36M=w1920-h1080-k-no | https://lh3.googleusercontent.com/gps-cs-s/AHRPTWl__3QQMfW5gEyBdCpm6aSmBxusoeSpPNtb4evjbat9Ef7y2vI6zDQGxxaHlQZMubClxuwFY38Yy7XaCIAEcPQGJvFK9Hp0PMEpzDl4v10dAOhZe403Zi6zqQ4g-yp_i30H7jHGng=w1920-h1080-k-no | https://lh3.googleusercontent.com/gps-cs-s/AHRPTWl8t4e0Zz1QqciPa3urrt2yl9pG3VRyRNF4yskoN69mOZyIjSj9QVmjAotDVjIYiYKBY2S23zcuzzysyJOv5j48nmEW-yWeysFQ5PI-8qQLqxYkzTI-4ZNPmIKzddqyCnLCXInO=w1920-h1080-k-no | https://lh3.googleusercontent.com/gps-cs-s/AHRPTWmrmGoc52M3Fn8jiDFqltsSAqYjy-pzCHqm9z1i3iINXOuybJlnYq71-tXPWuFDZu5yb3jM0Hvdj9kdNQDuLUnLDLiXvc3n9cKvvNgd7JT9m2ZZ9fLcog6lCZllH4hCGLmLxYfyNA=w1920-h1080-k-no | https://lh3.googleusercontent.com/gps-cs-s/AHRPTWncS8R9w-3FRTp8HotCReugyZExmmZi27G0wYzB7ZiLhLGt1F29-zcTFI-UaWahAU_X6a3TAeGds8mQCtoZalKW1unyMefX64S8I1tZXsCTwRIFDzPU5jgEoYoFDSZNRD06f1KFmg=w1920-h1080-k-no | https://lh3.googleusercontent.com/gps-cs-s/AHRPTWnm6R3_KupsTD7BbfnWTyL7jkFCjdMPAP_AXPFHskdBOmqnYOk2uMALxvFZYOX6vGAvcqO5Zqs5NbRXRNRc226nez360iDbHFD9t2EN-amSMDTBimu0LqxXeZ4nrJYFQRv0eP1y=w1920-h1080-k-no,local brand thời trang,95,2026-08-17T05:05:21.896Z
B,132,73.2,Chautfifth,Cửa hàng phụ kiện thời trang,"288A7 Nam Kỳ Khởi Nghĩa, Xuân Hòa, Hồ Chí Minh, Việt Nam",Xuân Hòa,Hồ Chí Minh,+84 963 552 580,http://www.chautfifth.com/,https://www.google.com/maps/search/?api=1&query=Chautfifth&query_place_id=ChIJFZulOawvdTEReStVM8IgYCQ,ChIJFZulOawvdTEReStVM8IgYCQ,3.9,69.0,False,https://lh3.googleusercontent.com/gps-cs-s/AHRPTWnBw4pc4E3gP6EZJEcfsc1UrU68SKpSb-Tk4FpCy6jKFhwPLW1BQLkQYuwdadzs1uvvdJtYZ6Zgj6WhSuDg0ygcsNSo3ev5HhNFVWD36pPxkU0lesaR3Qroknr1lSRhXMpaEztVT_vtbwE=w408-h544-k-no,https://lh3.googleusercontent.com/gps-cs-s/AHRPTWnBw4pc4E3gP6EZJEcfsc1UrU68SKpSb-Tk4FpCy6jKFhwPLW1BQLkQYuwdadzs1uvvdJtYZ6Zgj6WhSuDg0ygcsNSo3ev5HhNFVWD36pPxkU0lesaR3Qroknr1lSRhXMpaEztVT_vtbwE=w1920-h1080-k-no | https://lh3.googleusercontent.com/gps-cs-s/AHRPTWmdQFOljOa-ry1_o9j4GDbmW659dI-8tDZNYCyjSpwbsVQ0ge8OwnKB9v19zmv3wuCF29kdMNKEohExdMh5gVgW2Be1SoP_yEWNBWZlMPOCvK2cempGfGr8TirfkRIA7DhjLXSW8J2SR9Mf=w1920-h1080-k-no | https://lh3.googleusercontent.com/gps-cs-s/AHRPTWmanqNxIKixLw7CffCVcB0YwV9MxkgS0aKXLAWuWiPUgw283i6Su_baWUua4m6uaCyOrCZC-AO55b0v7-1VK7UInHqA_8201adWGVi0kop3wkC_-erO9a4XCZ9AfAUvSNt_lIfcp2BA4KA=w1920-h1080-k-no | https://lh3.googleusercontent.com/gps-cs-s/AHRPTWkDWD-R9UThxxaf8Xb4gl2QezuD3z1fNMwUxnNi-Wj120OeA3CAKkIoZ310SLJj9ZNEj2gzV8WKc6S9u3q8c2Qw_VmK3DB6Ilpq1gV1iP-QrZbnvU38RSPqzacnFIBHkv51AsIP2nKlG-Sc=w1920-h1080-k-no | https://lh3.googleusercontent.com/gps-cs-s/AHRPTWmF0sBLOq8VDAYTwXusVFWyoMGPc_M3vuKcjzWSn8Za13imcZgZaKLSPNMsSN8H1TMSP-ejBaAi20KPyS50-zGUHZ9nM3AfEkODK1zU4vXU4V6hchpK8yCkNVoU2jovpNK4VMv8=w1920-h1080-k-no | https://lh3.googleusercontent.com/gps-cs-s/AHRPTWnjSaZiyCxdpvnIWyJHENuvJJH_jQOcvrUwpC-XMu2APL0zYYBwaaOaLOs25vHtPY1wXCpz_2p8fvCnExf-Hl5S_7pvPaXNo0BE6VJt1sF3ZKVp4YVt2CnSzDw7q1l8qH22T1Om=w1920-h1080-k-no,local brand thời trang,56,2026-08-17T05:05:50.329Z
B,133,73.1,"Big Size Navy.vn, Áo Gia Đình Navy.vn",Cửa hàng quần áo,"TT4 Đ. Tam Đảo, Cư xá Bắc Hải, Hòa Hưng, Hồ Chí Minh 700000, Việt Nam","Cư xá Bắc Hải, Hòa Hưng",Hồ Chí Minh,+84 909 992 048,https://navy.vn/,https://www.google.com/maps/search/?api=1&query=Big%20Size%20Navy.vn%2C%20%C3%81o%20Gia%20%C4%90%C3%ACnh%20Navy.vn&query_place_id=ChIJTzmkMG4vdTERPdMgIjYpj4c,ChIJTzmkMG4vdTERPdMgIjYpj4c,4.1,67.0,False,https://lh3.googleusercontent.com/gps-cs-s/AHRPTWnnUPZP71Fz2ZuR-pcy-rpukRlFTT1j8Iag323toxAn4fTK8Ll_O6733OHbUrq40ydPYyv_cTkXHTtzqjtHQXJ1TkaTC2jQMNHtADgu_IBDFWb2A2zB6l11MO8-MeSGncm9N5rB53-Qudir=w408-h887-k-no,https://lh3.googleusercontent.com/gps-cs-s/AHRPTWnnUPZP71Fz2ZuR-pcy-rpukRlFTT1j8Iag323toxAn4fTK8Ll_O6733OHbUrq40ydPYyv_cTkXHTtzqjtHQXJ1TkaTC2jQMNHtADgu_IBDFWb2A2zB6l11MO8-MeSGncm9N5rB53-Qudir=w1920-h1080-k-no | https://lh3.googleusercontent.com/gps-cs-s/AHRPTWmJelDs0560kdWG3e_RpPjHvrRFXNo60JJcLuwKbe6zs75zrYZXkj8mN9_-xN0qcXrGeJz-jzvCeuZf1MgKfD-pnyXAl3Gn_cJHSIOzVaPWgJbHQ-EmSg4zV2tA5443rIZ9Fr2s=w1920-h1080-k-no | https://lh3.googleusercontent.com/gps-cs-s/AHRPTWllK-hH48IhmATKx6wQourTsZ5mRyrrPN9nY62wp2Olf5m1U8pw4hQhJD0ABjW1DBaqNgdfCYOheJaZkFBBg6R0QMjeyPycbtKa4EwXdme2Yb9y_m4wFSuMWj24xcm0tR00gagZZblmK7ts=w1920-h1080-k-no | https://lh3.googleusercontent.com/gps-cs-s/AHRPTWnlZ8p-bNDpdPk3jf4EAwsXGhzT8uwF9s44YKUZGOtWym0CxCetfzU0yRco120oCQyYBRC_h8UQRsTDb6pME9bSLrL0BcxpIlyLCAc5MYSAc9ytPoXSmmy37RlvspHqGtjXqT1iJWjwPfq9=w1920-h1080-k-no | https://lh3.googleusercontent.com/gps-cs-s/AHRPTWlM1-J8n-yfbs_jCDnAMctDHZpgG4UJkYoBk3p7XNeb8AQTISCYuJwuURr6XnfaDLIhcwsZJ8qDVtDuT_-LTXe8yHqV_oeVTeK0_-Zin8F6w2pf_lv4QzAwmmgQdnFlVEZqc_juH23CbP0w=w1920-h1080-k-no | https://lh3.googleusercontent.com/gps-cs-s/AHRPTWlIjeBSfDb67feZwos_D-1-mH7F9iIIpOdte7hsRsAFE3RZCJUubujWvWVj3fUupmy36jPDOk07LLI2Dn1A6ww71q1T5uVr6-e9Z6lxMNwClHw_mHVjHo1sFpT-0elfauM1etHi5fLiYKHc=w1920-h1080-k-no,shop quần áo nam,98,2026-08-17T05:05:44.995Z
B,134,73.0,Thời Trang Nhanh | XƯỞNG MAY GIA CÔNG SỐ LƯỢNG ÍT,Cửa hàng quần áo,"33 Đường Số 18, Khu dân cư Ấp 5 Phong Phú, Bình Hưng, Hồ Chí Minh 70000, Việt Nam","Khu dân cư Ấp 5 Phong Phú, Bình Hưng",Hồ Chí Minh,+84 779 011 988,http://thoitrangnhanh.com/,https://www.google.com/maps/search/?api=1&query=Th%E1%BB%9Di%20Trang%20Nhanh%20%7C%20X%C6%AF%E1%BB%9ENG%20MAY%20GIA%20C%C3%94NG%20S%E1%BB%90%20L%C6%AF%E1%BB%A2NG%20%C3%8DT&query_place_id=ChIJ5aJ3mR0vdTERbxPxmytVfAs,ChIJ5aJ3mR0vdTERbxPxmytVfAs,4.7,14.0,False,https://lh3.googleusercontent.com/gps-cs-s/AHRPTWnIYQVmJ_IPi9NFM7VzJE69gCR6n6DOOf1efspYPFOG-bhxZ5-NeRI6jrv5CIeEjaYHtTT76niQ5YHOsaUth8CaTT3Zt5QEr3IfkpPgSJRv7uApyMIa6mAxAlMRkwiR8P0Guzb7=w408-h451-k-no,https://lh3.googleusercontent.com/gps-cs-s/AHRPTWnIYQVmJ_IPi9NFM7VzJE69gCR6n6DOOf1efspYPFOG-bhxZ5-NeRI6jrv5CIeEjaYHtTT76niQ5YHOsaUth8CaTT3Zt5QEr3IfkpPgSJRv7uApyMIa6mAxAlMRkwiR8P0Guzb7=w1920-h1080-k-no | https://lh3.googleusercontent.com/gps-cs-s/AHRPTWm-KH8MJaq4OsNQY_0mqWsycPDav2_6aYsm6U5cpOKTgxosJl-za_RSNeaVmO7BAp90m-rViiKlG-m0VK-YL0Wcd0QNE0I4Zej5zUqiqgf5mcVr0Bq_JFBsJlv-nB613jIKNtXiUw=w1920-h1080-k-no | https://lh3.googleusercontent.com/gps-cs-s/AHRPTWlcbJw6_1KQoPlipuFhGhzD6ARI0xrjKYkmUBxSh5aEP1X-CucmI5DSTsbGBNGpDM47_5b-KksYzEUit7MtFafRX-FQ-rYqRVxMNbZYYxU5KzP4QihaWsthwFq0SHlS2rWqlGeP=w1920-h1080-k-no | https://lh3.googleusercontent.com/gps-cs-s/AHRPTWkRmHpjDM3o2914yhd7hGJZvBZ2krhX57SY6nnCj5yHBhnOIpO4K3GYJ1Mk_VavGSxuNBPavKc3XQKLCC_MGlZ9-h_DG5xnb4IIPdQ2QsWfwUBimRC9EqFDxFGoSGh-kmiDZgXaEA=w1920-h1080-k-no | https://lh3.googleusercontent.com/gps-cs-s/AHRPTWnkTKEODo2FHizmdfHsOPqcm109cv-7UfvBopthG76g54EKS6hNkKFIDJAnCfubUoaqzW4VTi2kuFwWoeKDEJOJ1b1HyHwus2iZ6YQ5OBWLs57xdU2m8I5Jp1TtywjxDNyGi1HA=w1920-h1080-k-no | https://lh3.googleusercontent.com/gps-cs-s/AHRPTWlPly2qUVIQBlaWre_T_Fs8_KRBobTJ8V9XS3tZRsjUDZ43BZNzwlO2lxtj4Jdx-H3L04kwTR2HUs0mpLzRy9hZQiKrGv0YKJEfxiP4-hAH1bmf_Y2yRdri9bW3-It_rSkApLBu=w1920-h1080-k-no,local brand thời trang,119,2026-08-17T05:04:45.444Z
B,135,72.7,Thời Trang Khang Ni - Khang Ni Boutique,Cửa hàng quần áo,"Tầng Trệt - Block 3 Chung Cư Mỹ Phước, 280/29 Bùi Hữu Nghĩa, P2, Q, Gia Định, Hồ Chí Minh, Việt Nam",Gia Định,Hồ Chí Minh,+84 902 689 688,https://www.facebook.com/thoitrangkhangni,https://www.google.com/maps/search/?api=1&query=Th%E1%BB%9Di%20Trang%20Khang%20Ni%20-%20Khang%20Ni%20Boutique&query_place_id=ChIJ3b9w4rcodTERoFd2AOF28vs,ChIJ3b9w4rcodTERoFd2AOF28vs,5.0,1.0,True,https://streetviewpixels-pa.googleapis.com/v1/thumbnail?panoid=kSqIxqQ4xEGbepNh0ZgVVg&cb_client=search.gws-prod.gps&w=408&h=240&yaw=196.91623&pitch=0&thumbfov=100,https://streetviewpixels-pa.googleapis.com/v1/thumbnail?panoid=kSqIxqQ4xEGbepNh0ZgVVg&cb_client=search.gws-prod.gps&w=1920&h=1129&yaw=196.91623&pitch=0&thumbfov=100,fashion boutique,67,2026-08-17T05:05:11.034Z
B,136,72.6,Thời trang công sở nữ K&K,Cửa hàng quần áo công sở,"75 Nguyễn Biểu, Chợ Quán, Hồ Chí Minh, Việt Nam",Chợ Quán,Hồ Chí Minh,+84 982 711 346,https://goecom.asia/Y1kVs2aY,https://www.google.com/maps/search/?api=1&query=Th%E1%BB%9Di%20trang%20c%C3%B4ng%20s%E1%BB%9F%20n%E1%BB%AF%20K%26K&query_place_id=ChIJV9MRWQQvdTERwS7Hs9p1BVM,ChIJV9MRWQQvdTERwS7Hs9p1BVM,5.0,1.0,False,https://lh3.googleusercontent.com/gps-cs-s/AHRPTWlvtAwyi83bZuj9fKdtRumSR5NQ94SUwagCrYT2DJFrSFxYvvtJ__0-kGjSlGT3RE0-f6VVABGjfHuS_e1NTomJgfJTwjJhjKRpkXHTexX9ZrRxR8dmp6mE-WLIDtfxA9N9pM8=w408-h436-k-no,https://lh3.googleusercontent.com/gps-cs-s/AHRPTWlvtAwyi83bZuj9fKdtRumSR5NQ94SUwagCrYT2DJFrSFxYvvtJ__0-kGjSlGT3RE0-f6VVABGjfHuS_e1NTomJgfJTwjJhjKRpkXHTexX9ZrRxR8dmp6mE-WLIDtfxA9N9pM8=w1920-h1080-k-no | https://lh3.googleusercontent.com/gps-cs-s/AHRPTWmen48Hn9_QlNQhu0J6ksmaG61FXkjT2wzJKie0wHURJUBNbPEKVx_hk8WiYy4cCqBlscnNrcPb22SvRwfj6FdNh9vlIUq8WNN7BKScGhekW8M-bJGkyGvYRxlMHPvJhEK_2mQBfQ=w1920-h1080-k-no | https://streetviewpixels-pa.googleapis.com/v1/thumbnail?panoid=nvJu-yjytfka5kAU7FH0EQ&cb_client=lu.gallery.gps&w=1920&h=1272&yaw=248.9409&pitch=0&thumbfov=100,shop thời trang công sở,8,2026-08-17T05:04:01.326Z
B,137,72.6,DISTRICT ONE - FASHION STORE,Cửa hàng quần áo nữ,"41 Nguyễn Trãi, Bến Thành, Hồ Chí Minh 700000, Việt Nam",Bến Thành,Hồ Chí Minh,,https://www.districtone.vn/,https://www.google.com/maps/search/?api=1&query=DISTRICT%20ONE%20-%20FASHION%20STORE&query_place_id=ChIJYZChPUgvdTERru_a3WjtK9U,ChIJYZChPUgvdTERru_a3WjtK9U,4.0,36.0,False,https://lh3.googleusercontent.com/gps-cs-s/AHRPTWmqWiXaaneOoA7F4KU7GrHdb6A7nvaFVXBZkNIGR9G9BaVtjuNCNWMVHwOVtez1COa9fNM4kzgAfackuZ94NkrqYg0sTgVEEDDFPdlgY9VhW8hnVeFAKbzGBwotGXt9K7KMMPzCvGLSxNMe=w408-h408-k-no,https://lh3.googleusercontent.com/gps-cs-s/AHRPTWmqWiXaaneOoA7F4KU7GrHdb6A7nvaFVXBZkNIGR9G9BaVtjuNCNWMVHwOVtez1COa9fNM4kzgAfackuZ94NkrqYg0sTgVEEDDFPdlgY9VhW8hnVeFAKbzGBwotGXt9K7KMMPzCvGLSxNMe=w1920-h1080-k-no | https://lh3.googleusercontent.com/gps-cs-s/AHRPTWnEN7MMctlVo2CtxCCDL35XhcgGtPgiP7lKuY6YXY789HUAvU2rH0lmF5imVZd77Dkm7tniDAmJFIXalz4YQOQNpG4krCh6qJ-Jl1i3v6wGWXq8GtvT7WfVMIRu5jBKA48J0eQ8GDesRyU=w1920-h1080-k-no | https://lh3.googleusercontent.com/gps-cs-s/AHRPTWlqx6TKUT_9Tu1FpO5e6SyRkFV0eCYvYHVNA9fg8l0z1L8e8UMO3aXldXupAfkt0X1qnHLg7KOkBGNCVXMAchBz7W-puhCDsstOCLsXTkbv9YJem-lUkU4rWSocDKAtgPDpxco6quXucQCS=w1920-h1080-k-no | https://lh3.googleusercontent.com/gps-cs-s/AHRPTWkYUXgb6hb0xfD7mxa5RsHfrz67vVpZ1-d3C-pIghBMPTkElsmiInctGWgSiwFG_M0ztTLAvYiT7tkef5AzilHAb-FM8WPsP4gh888vHFR_lw7-FygR8PKn0LRtHNNtGwBAUqZDtdd9_1U=w1920-h1080-k-no | https://lh3.googleusercontent.com/gps-cs-s/AHRPTWmuxj4uMZtFWQhQtxdAlzH53i6Anle46uMGiqKi5E3RDOZeyQWi_b3J_Y3gXm5p0dDIsS4ovBXDcmjey4YJN5JENVRnKqgZ3vZKaXDlzxCduMSs_rhRmpQKy3XlY82oU96aMp2VeNmMcRPg=w1920-h1080-k-no | https://lh3.googleusercontent.com/gps-cs-s/AHRPTWlqxl9aY1e6w7xhFFMQ2pOnD-NEbORfwg76xVO7JxvejfajKEcL74ValMtOEPQWpSweMgjiyXek8vNHaNywJLeyuCcnCPjJ5hZ9XblE1Z11UFx_Clr52fgh51Kjbp5XPzLZbWWWxV232KIQ=w1920-h1080-k-no,local brand thời trang,68,2026-08-17T05:05:28.914Z
B,138,72.3,Recircle Premium Quận 1,Cửa hàng quần áo cũ,"1 Phó Đức Chính, Bến Thành, Hồ Chí Minh 70000, Việt Nam",Bến Thành,Hồ Chí Minh,+84 703 334 443,http://www.giveawaypremium.com.vn/,https://www.google.com/maps/search/?api=1&query=Recircle%20Premium%20Qu%E1%BA%ADn%201&query_place_id=ChIJe4-cDu8vdTERYVJ_VeKTnbs,ChIJe4-cDu8vdTERYVJ_VeKTnbs,4.4,199.0,False,https://lh3.googleusercontent.com/gps-cs-s/AHRPTWkBVYgCPClqtql4OrrrM0nSczcWosZv66QUl1818ktuXNPrS5i6zWW4VxJOofyAL5vvzXmpkn390EtvYUFD2ppUqkjWGeQ6gW0NNHpKGJTOymWYW6qc2RoHbw4g8Q0utyFtFGct=w408-h544-k-no,https://lh3.googleusercontent.com/gps-cs-s/AHRPTWkBVYgCPClqtql4OrrrM0nSczcWosZv66QUl1818ktuXNPrS5i6zWW4VxJOofyAL5vvzXmpkn390EtvYUFD2ppUqkjWGeQ6gW0NNHpKGJTOymWYW6qc2RoHbw4g8Q0utyFtFGct=w1920-h1080-k-no | https://lh3.googleusercontent.com/gps-cs-s/AHRPTWlNLw2-ynFSpfADXCrUvmV8M3ggrNa1E9R5pMNKtvnsHgGFs85Y1V7vJqk1h8--ioID6k9zE_LbeqF3FOW6Ip-NLID7b7EFL8b3sl8BVoVsiLE_ZA3YtXLR6owHu9pyPAz4g1RX3K4B4DgW=w1920-h1080-k-no | https://lh3.googleusercontent.com/gps-cs-s/AHRPTWkhBMMoEEqIySkjfV6hOSoCMkq6b-3N8KSWl6PjW4QHa_yu4539MW6S432ZQogvcFCXaqQGJyG6DcBxelGFey-hhAZlW6e8t6TiyrB6M8iXbpWYjdBkDM-3qZuS6tQclX1_M6FuMC_57Xck=w1920-h1080-k-no | https://lh3.googleusercontent.com/gps-cs-s/AHRPTWnXip-2HFcFwML12Vc1175aYJVxkF0XXd5TB8C6ccuJUUxjKRhT__4xMszdtZJmfdbUzfmLA4DmdtS27B4_yOjNxVuQN3bXUOtvP8t8hjIvwPrhf7QlHWkFpO71If8iM3CxqRSq_aP3k-6A=w1920-h1080-k-no | https://lh3.googleusercontent.com/gps-cs-s/AHRPTWlLc-FeP5LWwMej88Jvt9gEPmuy3KuQ9DeqJ8uKXZc1o4IfEZrS_op2Wq-eV5wka-71SMMREaFX2fonnS1YF9mvHiTu8dAJv-o5AwF_eY2Yll1FHHVvCZlX0phihpAjsY_7qSTWhnCc49Q=w1920-h1080-k-no | https://lh3.googleusercontent.com/gps-cs-s/AHRPTWlTXEQKHuk9XyC8kYR8dE-SHD-ALB-LIlambDR1P4ekObbNpqCfMuTg3aef1ZJMD8QcOcHkladRwVuqkKWU3Clk86HxBdtaB5Nu_zrUO4B6JKykcKZggK1FD08ZqTzRtYTLAu1KkiQCvOf-=w1920-h1080-k-no,local brand thời trang,113,2026-08-17T05:05:14.038Z
B,139,72.3,Lê Thanh Hoà Boutique,Cửa hàng quần áo,"67 Sương Nguyệt Anh, Bến Thành, Hồ Chí Minh, Việt Nam",Bến Thành,Hồ Chí Minh,+84 906 349 193,http://www.lethanhhoa.com/,https://www.google.com/maps/search/?api=1&query=L%C3%AA%20Thanh%20Ho%C3%A0%20Boutique&query_place_id=ChIJ-xNMFCIvdTERBS8zVdF6Ns4,ChIJ-xNMFCIvdTERBS8zVdF6Ns4,4.4,27.0,False,https://lh3.googleusercontent.com/gps-cs-s/AHRPTWkZHaTjbvka0uijHePnglniwxxYGSRBync2GoxfW2RfnYar-5VYldp2YEA_EOj2oPeE_eDY_0yi3V6MJi3V_SoKrl0pqlBG5_H3cZN4lIef0jKyjmFr9TLRVq_3PXofNH6trJ9z_g=w408-h612-k-no,https://lh3.googleusercontent.com/gps-cs-s/AHRPTWkZHaTjbvka0uijHePnglniwxxYGSRBync2GoxfW2RfnYar-5VYldp2YEA_EOj2oPeE_eDY_0yi3V6MJi3V_SoKrl0pqlBG5_H3cZN4lIef0jKyjmFr9TLRVq_3PXofNH6trJ9z_g=w1920-h1080-k-no | https://lh3.googleusercontent.com/gps-cs-s/AHRPTWk7h03depaYWCFOstcTrRzxdvHjLwqRCTawAm2kE-GIUlvKnEV9hGMzFD540yIBzuDkmpXuYVe0u3rRa8R2J9DoGJZ5yRTn-zugsKv63Gdxxle_J2e-tQ4kSMtd3ar83PKR38Wq=w1920-h1080-k-no | https://lh3.googleusercontent.com/gps-cs-s/AHRPTWnIKkfg8A_xA3ZhBg6b49Shbx9Q3sYUsy7mk3HAhTy86S_xK5Ya6_ruTWWiZLYZOFAN5QxCRwcvjuT2wn8-RYXTFjQKBn9ZmLW1jRGNctryXfKKdg9DQ6CnMyUCP35ksbQd3RDf=w1920-h1080-k-no | https://lh3.googleusercontent.com/gps-cs-s/AHRPTWkrTEbWHu5WyTVWjwa6rAQAttgURmCJvBIJ547R4cO3_la3gCsN9FFdBOvef-Y_LfK1fNh-ILgqMvFc3NdWHJxBzLuo9W3yGy-dfpeeFvGTt55ZwWTgluf5ZfevW6FH76-INJo6iQ=w1920-h1080-k-no | https://lh3.googleusercontent.com/gps-cs-s/AHRPTWlxLCZ5HJidq5jYecLFxkmcxG6uT7kDTPF-GwW-0nRzLFUCTrVIMtGdyTAaZBV6bTA05YuOKuyOpuQ8hWkrURjmNvekNlT5ZSPF43AfgyMTz8hZ3m304r6m2KxoFlc8Cjo0TFGp=w1920-h1080-k-no | https://lh3.googleusercontent.com/gps-cs-s/AHRPTWlE09y46s-0zv9exuN9a6ahp-FIqNPE0G4YyTKzXRggTDlx21jjNR38De_ub0apjexi3DGV4N8bXCGY73V87qWymGXhAAX9B_ETR6O_dojdmQw_G94ZYm7EEGWDDUA-Is46PJ4f=w1920-h1080-k-no,fashion boutique,14,2026-08-17T05:03:31.295Z
B,140,72.3,F Fashion Shop,Cửa hàng quần áo,"B51A Nguyễn Trãi, Cầu Ông Lãnh, Hồ Chí Minh, Việt Nam",Cầu Ông Lãnh,Hồ Chí Minh,+84 915 642 688,https://www.facebook.com/FFashion.vn,https://www.google.com/maps/search/?api=1&query=F%20Fashion%20Shop&query_place_id=ChIJu2lBKckudTERauvKbf_6_K8,ChIJu2lBKckudTERauvKbf_6_K8,5.0,3.0,True,https://lh3.googleusercontent.com/gps-cs-s/AHRPTWk-nhZ_3biaQBUboaQH2ofDT9dffsgw7SE7gilCfh-qNic7_EgUJ9KEdKmZEQtPQpxYcCxDvWXHSWV60zePOJbEnGNTX4tJZsGivMr5FwlVZUw0FyoHLFiqXL_twFR_72mxhayO=w408-h544-k-no,https://lh3.googleusercontent.com/gps-cs-s/AHRPTWk-nhZ_3biaQBUboaQH2ofDT9dffsgw7SE7gilCfh-qNic7_EgUJ9KEdKmZEQtPQpxYcCxDvWXHSWV60zePOJbEnGNTX4tJZsGivMr5FwlVZUw0FyoHLFiqXL_twFR_72mxhayO=w1920-h1080-k-no | https://lh3.googleusercontent.com/gps-cs-s/AHRPTWlKUWOFdjCVQ_jWvHjIS5vFVCADy6VhOViUQ2OnZ4Ebkh701ratSOsN9RtRLMZPjLsH5T-5mqytRDBU2fnCXUDvPU5I4Jn56bF8IUY75VvqX2L0lFlOGCcqtd9MTvivT4gfgpZO=w1920-h1080-k-no | https://streetviewpixels-pa.googleapis.com/v1/thumbnail?panoid=cF1own6A0CVdKpvPo9Y0Rg&cb_client=lu.gallery.gps&w=1920&h=1272&yaw=308.58618&pitch=0&thumbfov=100,fashion boutique,74,2026-08-17T05:04:56.885Z
B,141,72.1,Chou Chou shop,Cửa hàng quần áo,"339/25A Đ. Lê Văn Sỹ, Nhiêu Lộc, Hồ Chí Minh 700000, Việt Nam",Nhiêu Lộc,Hồ Chí Minh,+84 333 826 802,https://facebook.com/chouchou.clothing,https://www.google.com/maps/search/?api=1&query=Chou%20Chou%20shop&query_place_id=ChIJQXuCpywpdTERjMVorjo7asA,ChIJQXuCpywpdTERjMVorjo7asA,4.2,22.0,False,https://lh3.googleusercontent.com/gps-cs-s/AHRPTWnGl2H0HBsdFrxCv1Z_y1pE9erEepU-NOT8nTDFObcW_9beb9SYFSN-FL9DAbgABW_zgU_fgUJ6zHE21BYOlewminvm1uCPe5DYozXcFjOD5acKkGx6ZD99ByJwn3Gy1yJY_5g=w408-h408-k-no,https://lh3.googleusercontent.com/gps-cs-s/AHRPTWnGl2H0HBsdFrxCv1Z_y1pE9erEepU-NOT8nTDFObcW_9beb9SYFSN-FL9DAbgABW_zgU_fgUJ6zHE21BYOlewminvm1uCPe5DYozXcFjOD5acKkGx6ZD99ByJwn3Gy1yJY_5g=w1920-h1080-k-no | https://lh3.googleusercontent.com/gps-cs-s/AHRPTWlgElsgxfgJJNJ942aPNs_XFe9EzykK3UPBqClqSN7LZI--L-e2GITG77J7dGzSBaf37XCBGqfr-CHeW4eJOem1gaM95cQR7bYlrZal1LEpg-sTir6oDqU5Q6uANL6SjSsWc5COCg=w1920-h1080-k-no | https://lh3.googleusercontent.com/gps-cs-s/AHRPTWmadAnmAHcTgXp5Y6e1OZv62lY7_QdO28xXJ-JhthMwbydvagAr1c6GxGUEfL7nkfJdO-DhrQarLCS8iOjVAcWU0PfYAqnbH-KttEc0FDCFoWq4dDrd3V0XomXw4dNFP-SdPGEDBQ=w1920-h1080-k-no | https://lh3.googleusercontent.com/gps-cs-s/AHRPTWm95lMxzNEp1lYuh46MBewl36T9X2-6QUg627XCzUWosuyqCJnI2rbZNRpnOJVqdsMqpj2bsbt9ox_u94d7pD6lWe_D9WA13VmMU7CF3ymyDbDq5FZtQZ8fBOGSBCc_kcXagoaJfA=w1920-h1080-k-no | https://lh3.googleusercontent.com/gps-cs-s/AHRPTWlz8ekzsfLvsccPNey6mdvu8EpGV2T-bJjyA7irh6ztwW5ANrCb9yMkm8czyiAi1WVTskd-dlUyge6EX4zkad4xRwMn405l8qPlBgbTTqks41_9ZolvguAMjY8hL11NSylRnI0=w1920-h1080-k-no | https://lh3.googleusercontent.com/gps-cs-s/AHRPTWnUoqdi1yr1YgOTHD_akPB71cftWcFnjQjYUetvHo_JpoWO7BZpzjlZOxhTjLJ0nZI-ihU5Y44sm4ZIMa6yjq9WHZptqVtxTsMn8msxdZ7_W-ls_QbrnVBTWcrxYzkJHdgqBUCdaQ=w1920-h1080-k-no,fashion boutique,18,2026-08-17T05:04:47.670Z
B,142,72.0,FUNDAYN,Cửa hàng quần áo,"16 Đặng Thị Nhu, Bến Thành, Hồ Chí Minh 700000, Việt Nam",Bến Thành,Hồ Chí Minh,+84 966 836 363,http://www.fundayn.com/,https://www.google.com/maps/search/?api=1&query=FUNDAYN&query_place_id=ChIJwY6UAB4vdTER-7_hDQvnuME,ChIJwY6UAB4vdTER-7_hDQvnuME,5.0,10.0,False,https://lh3.googleusercontent.com/gps-cs-s/AHRPTWnPdK1UnlT-ki2RDwFOvdnnD9CnPCuuG_tC-jKWwO_oSueEoVzbBTfsU25BOXy2sEr2N1nSiEG3ZpPIj-C23AsOSHB5-0IezskHrgGxtlDW7Gu3JjdoM6UtwnH7UY9MinfPpWXkKGmU0p7A=w408-h544-k-no,https://lh3.googleusercontent.com/gps-cs-s/AHRPTWnPdK1UnlT-ki2RDwFOvdnnD9CnPCuuG_tC-jKWwO_oSueEoVzbBTfsU25BOXy2sEr2N1nSiEG3ZpPIj-C23AsOSHB5-0IezskHrgGxtlDW7Gu3JjdoM6UtwnH7UY9MinfPpWXkKGmU0p7A=w1920-h1080-k-no | https://lh3.googleusercontent.com/gps-cs-s/AHRPTWk6XcyShl-wE-XUPG1uHcSkhj3im1nexBxs8OxKtywbQGYK0KHJIaU-pmRD8_5XiKibi9vmYOQ1wKRwAbzBiyPFNhsdnUN2yPcuE4dB2LsR-E0Khh2e7P4MLRQnMQgznjSRyYJFEQczGDzg=w1920-h1080-k-no | https://lh3.googleusercontent.com/gps-cs-s/AHRPTWlManqyMEqG4909z6ZSa1-GgoUHaQ_GFkjFUHz6-RyvGRC5XO1YKqxrbPU5pKQUr-Cw8GPfsw2qOTmNhHq-eSQlGpikIJEzeSD9VmHspw26TLbmFNNX5Rmuo1LzlQHReaWhgN8=w1920-h1080-k-no | https://lh3.googleusercontent.com/gps-cs-s/AHRPTWkJxLBoIQJ1mPg0cAYWvJOGgYQC1E3ttstT2y3DjcEjg5M13UVPJtWztUi0zD_MLGWc6y358ZNUExhJIrrTq9e7HbJgi_HuloHnZfjsbF2rfJfUaw82MUqMgZMmuBzTjrngGNGv8zvOuoZE=w1920-h1080-k-no | https://lh3.googleusercontent.com/gps-cs-s/AHRPTWlxhUOqJ9ixJ3vGnt_ERvNjx87UBGglbBt1NKO1dRDzKeFGxWZVBeOHiHDlQPNhD4SOTTloKrJSbmo1qeFrE8iNP0dog6AoJHfFTqKNrFMsB-epDKKQtHAPaFs3mvz_ORMZhk5LEQ=w1920-h1080-k-no | https://lh3.googleusercontent.com/gps-cs-s/AHRPTWnQPWE1dx3dDtgHlnrvl06G5WNKHTxVPrz0H29vLC85xYGa2hwgKt59DH48uwAzejhzZxX4-AZByB7qNYUwc8P0LVFm_adJZ9JXQyVcjKXew3gCJw9sD-hNj1CFcKtBQnvdXBr6pw=w1920-h1080-k-no,fashion boutique,80,2026-08-17T05:04:56.201Z
B,143,72.0,Easy n' Fun Store,Cửa hàng quần áo,"90 Thạch Thị Thanh, Tân Định, Hồ Chí Minh, Việt Nam",Tân Định,Hồ Chí Minh,+84 968 129 685,https://shopee.vn/easynfun,https://www.google.com/maps/search/?api=1&query=Easy%20n'%20Fun%20Store&query_place_id=ChIJ2074wswodTERRiSQdUaxDS0,ChIJ2074wswodTERRiSQdUaxDS0,4.1,23.0,True,https://lh3.googleusercontent.com/gps-cs-s/AHRPTWl98yDjoOYeWCTcZ_stukwS6XcLf10z6wpPWJ_CMyeKcQ1SJB9qra2Bnj0eE83sJTAonOGdAy7YMtwymQE5hCYpiOSVmiWYa6MHUE2K6u8RTghXEOYwFxXvD0HlotSw94VzasBnHwkoDsM=w408-h510-k-no,https://lh3.googleusercontent.com/gps-cs-s/AHRPTWl98yDjoOYeWCTcZ_stukwS6XcLf10z6wpPWJ_CMyeKcQ1SJB9qra2Bnj0eE83sJTAonOGdAy7YMtwymQE5hCYpiOSVmiWYa6MHUE2K6u8RTghXEOYwFxXvD0HlotSw94VzasBnHwkoDsM=w1920-h1080-k-no | https://lh3.googleusercontent.com/gps-cs-s/AHRPTWmMcz5dOGVRvroHrdWbDB2iGf6d0-p9WogypcFmf0NIUY0ZoXR_pSAi75P-abx10muTNHseP5Fw7Xmi794ldyP-KtLGCn-LPLx3JsOsbnSNX-zqygdSuVBTAK2CP_3w10frvsVU=w1920-h1080-k-no | https://lh3.googleusercontent.com/gps-cs-s/AHRPTWmdFtbJkz-KlM0DBbQPqgCWqKU2CwIWK1j0mCNNW3oJWb0atOjsYozYNoQ8XgASWH9xJ01DQbMkPx5fX1iolMXv8B1npo_Fyn7kUjzqgJrHkh-sGZ-H31L31PuiR88z6CfjMcrRfQ=w1920-h1080-k-no | https://lh3.googleusercontent.com/gps-cs-s/AHRPTWlYfcdtVAOb2rF2InBnR6f7MR9NEodQB4DP_URTiCqgnYsSnPAk0qfgy2q3QXUlLTgNwzHt45fwtwFGtN0FMFSJxyq80eV_teMFpIDXnt1T6Kn_KHTXad6OV8S_ScZP0qi9h6b_xw=w1920-h1080-k-no | https://lh3.googleusercontent.com/gps-cs-s/AHRPTWlQY8euNqanpDJ0UKVYrredWlQXjaYvzdCP7iQQpT2S51SLfMKluoiD417lLNWmJs2aWEZ5GyB6g389OirMENBxxPvaKDY_y3iVCcfI0LmFlA6hz6n8Nm8CB7k6JPb67sBszqeFt6GJc_Y6=w1920-h1080-k-no | https://streetviewpixels-pa.googleapis.com/v1/thumbnail?panoid=sSwhXE-E4LMpVso2l7_QbA&cb_client=lu.gallery.gps&w=1920&h=1272&yaw=315.40128&pitch=0&thumbfov=100,streetwear,101,2026-08-17T05:05:36.347Z
B,144,71.9,HOWS®,Cửa hàng quần áo,"38 Đ. Tôn Thất Thiệp, Sài Gòn, Hồ Chí Minh 700000, Việt Nam",Sài Gòn,Hồ Chí Minh,+84 852 720 295,https://www.hows.vn/,https://www.google.com/maps/search/?api=1&query=HOWS%C2%AE&query_place_id=ChIJ3Z8Z12IvdTERMjSXtvfX1ho,ChIJ3Z8Z12IvdTERMjSXtvfX1ho,4.9,32.0,False,https://lh3.googleusercontent.com/gps-cs-s/AHRPTWlQ81y-OOJPYw76xPe58Flu3SBeQE81NPfQ6NHDCJZ173z7Knzs6ce1xztdpz-TbTxaYkw_K-qCDn_dUKsbqDik5YIsw6stDlQCqv5TNN9ctC6zK3qmGxDAQEYEtupm-cymQv76JZiETe8=w408-h544-k-no,https://lh3.googleusercontent.com/gps-cs-s/AHRPTWlQ81y-OOJPYw76xPe58Flu3SBeQE81NPfQ6NHDCJZ173z7Knzs6ce1xztdpz-TbTxaYkw_K-qCDn_dUKsbqDik5YIsw6stDlQCqv5TNN9ctC6zK3qmGxDAQEYEtupm-cymQv76JZiETe8=w1920-h1080-k-no | https://lh3.googleusercontent.com/gps-cs-s/AHRPTWkhaAVoL_FY-1BIj2EtZs3BIlfjD8mLHG0FXyC-VhVPC-kDFxtTxMaVgbvbG6xHz7sBM3YYdLRrA6Rmn09og8YAZI2-BBwmkB3Qd5w_ck9XxpYFNojSbdzchGidLJL853pogGUj9HwtK6s9=w1920-h1080-k-no | https://lh3.googleusercontent.com/gps-cs-s/AHRPTWmhNc3ROJXAXwu6cXYgApRK230bEelzReQpfsj443aL5DK5XuFyYP4mmH4FhLdvgPfY8hDVhmufx194cf6qWRey-WVMk7k7NcGGeM5EM3KC22mjgVE2G8gOor3rl1c8zQ-QlyGSxLe5uFE=w1920-h1080-k-no | https://lh3.googleusercontent.com/gps-cs-s/AHRPTWkO_sCg6HQGVBBXAZcn2wAKhbZWQ0BVXkFQqrCJgXD1Re9SFa4nBC2_qKaSKCv9AA5Mfd0pUeHdGoiLduVwkXr0i1jmJ1VVy5ytJtogp7MWNMSHbmr7ZrgeCGCOk3hH-2SsdCk-T2mFpKGR=w1920-h1080-k-no | https://lh3.googleusercontent.com/gps-cs-s/AHRPTWnB3iWrdP7h6BWBq11XFmvonrhXS1Jnk8R_KDjUpPlvGApOZ4sRPVTYK-8FhB1mPDnFUt_PgxzI-LHqK_BwuEbsDtmDuDi-tYnGsZHxikHfYOE_EKhYy58chQeKFyME9D5ERTl7p0b-EX8=w1920-h1080-k-no | https://lh3.googleusercontent.com/gps-cs-s/AHRPTWlg7la1nQ7_gh9juiKHcJjDk2FUTYYN75igJwohe1bR1RjS1xiS4rbPmwOc99hGyL4pSfa-qYmsrBCkM60zdcMRKzHE3wAfdvzWdA6bBb9GULXdmuExrkPJum4WdGCWFSJaxx63Vjj_Vmpm=w1920-h1080-k-no,streetwear,62,2026-08-17T05:05:52.736Z
B,145,71.8,Hoa Phạm - Cửa hàng thời trang nữ,Cửa hàng quần áo nữ,"483b Đ. Tỉnh Lộ 15, Phú Hòa Đông, Hồ Chí Minh 71600, Việt Nam",Phú Hòa Đông,Hồ Chí Minh,+84 964 321 750,https://thoitrangnuhoapham.com/,https://www.google.com/maps/search/?api=1&query=Hoa%20Ph%E1%BA%A1m%20-%20C%E1%BB%ADa%20h%C3%A0ng%20th%E1%BB%9Di%20trang%20n%E1%BB%AF&query_place_id=ChIJY3e5R6vVdDER_FkVH4SnRlM,ChIJY3e5R6vVdDER_FkVH4SnRlM,5.0,3.0,False,https://lh3.googleusercontent.com/gps-cs-s/AHRPTWk-C6k7Av4NYj2eNAUnYkH2Oihn4jSXtglta_6HjuNrLv7TU-6Vahnb6kqx0l8BgpD9sQ5dG_tBGNV8oM9JmBRk1bzjngUNYBVT1LTtsxXNwpfAaKQZ09ToqjRRe73LuPKJlOHg=w408-h544-k-no,https://lh3.googleusercontent.com/gps-cs-s/AHRPTWk-C6k7Av4NYj2eNAUnYkH2Oihn4jSXtglta_6HjuNrLv7TU-6Vahnb6kqx0l8BgpD9sQ5dG_tBGNV8oM9JmBRk1bzjngUNYBVT1LTtsxXNwpfAaKQZ09ToqjRRe73LuPKJlOHg=w1920-h1080-k-no | https://lh3.googleusercontent.com/gps-cs-s/AHRPTWn_xp4LpoiZ6W-veEP7IaaZfuD3U99g02g6wCrFWeSLQwOF_YRs_V6OpNTcVTldVanRl8XaUR2YlgFMtuOK8_kVAPtkDOlvpb9aUwkFz1EJJP-crnswnyMf-ATed6U5rSaSeurI=w1920-h1080-k-no | https://lh3.googleusercontent.com/gps-cs-s/AHRPTWlnI7MVQ5slu-dSkckkcmzO5rr_JaEtX_Iy9Zoxx2guYlx31r4s8Y2hhCPjVFStwr67XH0AhOBKVi2KPPKU6TZKopbZA-VMbLvQNh-QZxn3NXTsfeZKcNpUYO5LdI_1Hok-lEQv=w1920-h1080-k-no | https://lh3.googleusercontent.com/gps-cs-s/AHRPTWnJtKvxdDezuseMIlGjL-e0nmX-u6IiwutIuxELTsp1DYqtnK997YqyJfnb-OsMEv-rP2-s8q9CapGD8lwcqbHHmqI3YLyz5OpmA4kSl1Wq_FbMt2nrTuHscGnRMnbgqgwEGAyZ=w1920-h1080-k-no | https://lh3.googleusercontent.com/gps-cs-s/AHRPTWmEI5p1e_Nupis0CsiDjTp9-SqAbeLDEE5F5X8H3HKo1DDhbxGIno2qPVJk97RevmYPUJRlF-Nyrdse3NtnZyeMiFQwcH7Cl0pXH-ZT7qK5O2KJmobO1PdE6P0G-za_hhY9c5JR_w=w1920-h1080-k-no | https://lh3.googleusercontent.com/gps-cs-s/AHRPTWnqtPFF33jOQnDN9jSpNOn_DE3N6328RkJbqbPEcuaP-_KZ5RFfhVHqafqtiBCyevHseVlzrxpG3eNe4_xA8ZTdNkuF_otPHTsU5Eu20baZhIsU6e7LN0ty5Ffji-pV1WI0PHo=w1920-h1080-k-no,cửa hàng thời trang,23,2026-08-17T05:04:22.493Z
B,146,71.4,TRODE,Cửa hàng quần áo,"24 Đ. Lê Văn Sỹ, Phú Nhuận, Hồ Chí Minh, Việt Nam",Phú Nhuận,Hồ Chí Minh,+84 769 991 966,https://trodeworldwide.com/,https://www.google.com/maps/search/?api=1&query=TRODE&query_place_id=ChIJWfQz0ZwvdTERu34NXCCEXfk,ChIJWfQz0ZwvdTERu34NXCCEXfk,5.0,19.0,False,https://lh3.googleusercontent.com/gps-cs-s/AHRPTWm-zwCu0vpdh9qAvO8m5RC3_KztBNz0_O-ZqvORtGOvBhtdmo08rWvb8qg8tv3JRqPT5qj3gBjGpp97CMk5sZjH1T9sbolkJR3zb-aAOraQGGGbYrzbSmWPdRz6rf_43S0hG5w9BnUkVoSA=w424-h240-k-no,https://lh3.googleusercontent.com/gps-cs-s/AHRPTWm-zwCu0vpdh9qAvO8m5RC3_KztBNz0_O-ZqvORtGOvBhtdmo08rWvb8qg8tv3JRqPT5qj3gBjGpp97CMk5sZjH1T9sbolkJR3zb-aAOraQGGGbYrzbSmWPdRz6rf_43S0hG5w9BnUkVoSA=w1920-h1080-k-no | https://lh3.googleusercontent.com/gps-cs-s/AHRPTWmcN78hAexNPRgc2BthHY-J_TUFhhCBOr1er5cTtadBXIF3n4xbQRLsfVCJDyPlugi-NigaWFDXzDJ5C4OSILUW121IT69xU7KrH4QD2l082hOS3jwj8bBIprKN4yZM41MQXmJYpLH4ocyt=w1920-h1080-k-no | https://lh3.googleusercontent.com/gps-cs-s/AHRPTWn9RMnx-W16QnS8VJ39hcaXblL63HgjhK_iQ5RISKtfXnRF87l-O3lyRAiy5DD9Fcj6jw71MUY5TNantuRfUN64x2AbeorHU1KW4limJ74L8xeZBJOoXLL7bOiOmndKvFEzjM9Pq5rpvslS=w1920-h1080-k-no | https://lh3.googleusercontent.com/gps-cs-s/AHRPTWm9dOUf3dtZ0NXe5yI7NVY_aXZ9VkxSztfdVKm71R8O2e3i8a4QHoZDcwRvWP2ysDGcubMcHi64yz_LEmg89qW1YDGgFJ8giTXUPiVbLlvd9-mOSxbj8n7DnBiEViUU1qSXysvppsbBjmXT=w1920-h1080-k-no | https://lh3.googleusercontent.com/gps-cs-s/AHRPTWl9yAwjEmOluIM6hqpUhPQv08_QEvbkb2N-sLvC8y_8oK18E8aWFRSHEeWljbqpfsTxeSpex68GlQvGIDstrB72aGO63N5GSAFlTzjgPB_mDbDAIlTIMjupxvC1IVXRWWdH16zQu2AHa0eB=w1920-h1080-k-no | https://lh3.googleusercontent.com/gps-cs-s/AHRPTWknnXgh5CcUIIR4oKPFaUHea9-CKOZIjd3Z9-fpO_W57TwiKsmsr2k1fJ26qYpfGAQeucdLAp-ktlgtn8Tr8yeGyICiTqPcYyZjukg6ubPOQqnKBbr5zYIDJX_jNCnK3N8-Twsa0KhHafV9=w1920-h1080-k-no,streetwear,72,2026-08-17T05:05:50.635Z
B,147,71.0,K&K Baby Shophouse,Cửa hàng quần áo sơ sinh,"286 Đồng Văn Cống, Cát Lái, Hồ Chí Minh, Việt Nam",Cát Lái,Hồ Chí Minh,+84 785 720 502,https://kkbaby.vn/,https://www.google.com/maps/search/?api=1&query=K%26K%20Baby%20Shophouse&query_place_id=ChIJHyTHolEldTERH53tncxVYhs,ChIJHyTHolEldTERH53tncxVYhs,4.8,10.0,False,https://lh3.googleusercontent.com/gps-cs-s/AHRPTWki2bPqCQuhDRFm4Ncig2JifYcph5fWlLVl1Tt1WzJKePKv1wIfqQQmbzwkWrK10m14XA_3TMBs-TSq2MSm2nOlcMS2D2ZZqF-MHP7qM2n_zJjWmWv_VADCuxTEsB3P8EWYcp2o=w408-h306-k-no,https://lh3.googleusercontent.com/gps-cs-s/AHRPTWki2bPqCQuhDRFm4Ncig2JifYcph5fWlLVl1Tt1WzJKePKv1wIfqQQmbzwkWrK10m14XA_3TMBs-TSq2MSm2nOlcMS2D2ZZqF-MHP7qM2n_zJjWmWv_VADCuxTEsB3P8EWYcp2o=w1920-h1080-k-no | https://lh3.googleusercontent.com/gps-cs-s/AHRPTWl1P4z3qrP-587YQxTT8TslILi7x6SjgR-yzQS-tsPWFKECr8s5qTwb2RMx3S0kIBSxoNSdPmllmlakbIu32F7iuI_uxNovTERUBo6O0sh-NXtPgkbpcQYPBKw8-Ju9hyhdkHY=w1920-h1080-k-no | https://lh3.googleusercontent.com/gps-cs-s/AHRPTWmy3c0A1Cu208PagD2DL5AOONdGODRcFyhGqH_8kJuHhh00w-IMfCHWNEXTQD-qivsuSX_qKVvqdvXQWGtR5ZEoSNEPox4ubyFQW0BrHig8QBaWLDJ3eslyMBQLMFIvIgOQheMG=w1920-h1080-k-no | https://lh3.googleusercontent.com/gps-cs-s/AHRPTWlOaPYDJvTTCK0Kml3ajSbtBYLDv4uc4wLoFnWs1SpdOaOakK4Njjso851JzrD635sFk57rEcEj-rR-yFetMQJBFkXPVbuzU3f_jHpzJZG3hWgED0ZMfPc2qFn-Ptlv04mVj8MRMA=w1920-h1080-k-no | https://lh3.googleusercontent.com/gps-cs-s/AHRPTWlvkU4jO9VTAE476ilwSC7jvzPo5lBy13YzJbGzmVW6XZLryHEDo8ngkoCEizVT_hdVvEKl9cIF31tkvoLNVLZ6ixfR_gWpiAYU7CCNOXGw4SVZxy4dcDIasWikwhwwYgQ93K69=w1920-h1080-k-no | https://lh3.googleusercontent.com/gps-cs-s/AHRPTWnpSOTy6jqhXscVsjdpjutpGFtp0jgLM6LhvIsqQSPtnzzhcWX6XN1dq22-rTM0ephvtJf0TdToGk3t04f3XaeJ7MlU3o7zmPcGnD0LuQ_lJ_r__5zpsW_pnq83_6aow9pRTJM9iw=w1920-h1080-k-no,kids fashion,19,2026-08-17T05:03:47.872Z
B,148,71.0,Cửa Hàng Thời Trang Trẻ Em New Top,Cửa hàng quần áo trẻ em,"22 Đ. Hậu Giang, Bình Tây, Hồ Chí Minh, Việt Nam",Bình Tây,Hồ Chí Minh,+84 28 3960 9959,,https://www.google.com/maps/search/?api=1&query=C%E1%BB%ADa%20H%C3%A0ng%20Th%E1%BB%9Di%20Trang%20Tr%E1%BA%BB%20Em%20New%20Top&query_place_id=ChIJ3fLUQYoudTERYl_zu-AUlcg,ChIJ3fLUQYoudTERYl_zu-AUlcg,5.0,1.0,True,https://streetviewpixels-pa.googleapis.com/v1/thumbnail?panoid=6wcPIyyCctPcjXj60Kij1Q&cb_client=search.gws-prod.gps&w=408&h=240&yaw=350.50848&pitch=0&thumbfov=100,https://streetviewpixels-pa.googleapis.com/v1/thumbnail?panoid=6wcPIyyCctPcjXj60Kij1Q&cb_client=search.gws-prod.gps&w=1920&h=1129&yaw=350.50848&pitch=0&thumbfov=100,shop thời trang trẻ em,19,2026-08-17T05:03:59.340Z
B,149,71.0,THE AIR SAIGON,Cửa hàng giày dép,"106 Nam Kỳ Khởi Nghĩa, Sài Gòn, Hồ Chí Minh 71006, Việt Nam",Sài Gòn,Hồ Chí Minh,+84 773 393 923,https://theairsg.vn/,https://www.google.com/maps/search/?api=1&query=THE%20AIR%20SAIGON&query_place_id=ChIJ6f9Qp-wvdTERH1zrAgyGw7I,ChIJ6f9Qp-wvdTERH1zrAgyGw7I,4.9,96.0,False,https://lh3.googleusercontent.com/gps-cs-s/AHRPTWn0y2UOuNqCERNZySbb3xYWDN-jAfWXonIU4X3VqFqg1KFTj7S3v0DIDWc_voXhnqfdRoz0BE7Yao1ZxlM5Yd_Vp10gaGozA8c8WEtSW-_XpOxJ96uYWG8ExcFjKHxMqognASM7K4jNzLs=w408-h544-k-no,https://lh3.googleusercontent.com/gps-cs-s/AHRPTWn0y2UOuNqCERNZySbb3xYWDN-jAfWXonIU4X3VqFqg1KFTj7S3v0DIDWc_voXhnqfdRoz0BE7Yao1ZxlM5Yd_Vp10gaGozA8c8WEtSW-_XpOxJ96uYWG8ExcFjKHxMqognASM7K4jNzLs=w1920-h1080-k-no | https://lh3.googleusercontent.com/gps-cs-s/AHRPTWnGxVqGYgyHVpAAIyYfKndDG4NkkeQ3OpoSIVIBse0G5SOos4LWfVMS_eY2LZVk9k_vyMhUu5jINHjRvKQkChPzdzFAPP6jxDeQIfeUPRwHjzZxX6nhkef8aggOT0ProdTfQCZNhA=w1920-h1080-k-no | https://lh3.googleusercontent.com/gps-cs-s/AHRPTWngPoL75WFtpJaWvLd7V1CZedIRaeA_OV9S6IWPdvaiUpTiaABhoXOs5CMq_BaI5x0Wj2wdS1-J8KbZw3R_GLM8WmAxYn8nH9FsAIJtgBzWzGpqNQzTExcfFkjRidrpi-wH7C4yA3cjWw6f=w1920-h1080-k-no | https://lh3.googleusercontent.com/gps-cs-s/AHRPTWmKSNvQBWhEkLMpRlGC8Z4jt4QB8iYNW4Pu8_uv66KL6fr1XIYj2NHcHdk0Vwuj8qq6xncdr7ZurLQyjjlVOPBWtjqw74PrnnYjlZU5PN7mt1nDXR7PfRhva3iFfxwWE4DS3OXM8yXALW8a=w1920-h1080-k-no | https://lh3.googleusercontent.com/gps-cs-s/AHRPTWlKMzWMH93nS8xnx-Frai1yvbO2qtHO2B-S-dVJx3_4JvAot83n1DnJ4ZHNgIqRLQzKIVpbK4hhxaSEfYe8kDvkox7lzKwCO8F2475XOCc-4VgphdLJtDlp8uFcvxoN5jdlG68=w1920-h1080-k-no | https://lh3.googleusercontent.com/gps-cs-s/AHRPTWm-DGImp7PyqBSD6jK-UZU5JS2GrQm9POgG05ow0JDpmQyePtXnRnJyN18Jvuz8uH_kNg-yDou8QAEcZe2rfs5oW_Xkeum4ANAINn_4NFpJKBuw8R1Xu8AcKMWytZvA-tMJyk1Ovdx70_U=w1920-h1080-k-no,streetwear,119,2026-08-17T05:05:30.465Z
B,150,70.8,13 Elements by Zaro,Cửa hàng quần áo,"Chung cư 42, Đ. Tôn Thất Thiệp, Quận 1, Hồ Chí Minh 700000, Việt Nam",Quận 1,Hồ Chí Minh,+84 799 798 668,https://13elements.vn/,https://www.google.com/maps/search/?api=1&query=13%20Elements%20by%20Zaro&query_place_id=ChIJ0U1jPQAvdTERXzHE2Iu42a4,ChIJ0U1jPQAvdTERXzHE2Iu42a4,5.0,44.0,False,https://lh3.googleusercontent.com/gps-cs-s/AHRPTWnmNJKShIurS5O2NyBsnYS8D8fdmhN5kjlyaBQWUTmfMzEaUi79X50UfjtcKbmefOJWKKgegCN2QqAs5v8f3kDQFfGEj6MACSHrU1eIC2hWgger4i907kCdSZZEHLlqD_iAGfMDzkz7WnpW=w408-h612-k-no,https://lh3.googleusercontent.com/gps-cs-s/AHRPTWnmNJKShIurS5O2NyBsnYS8D8fdmhN5kjlyaBQWUTmfMzEaUi79X50UfjtcKbmefOJWKKgegCN2QqAs5v8f3kDQFfGEj6MACSHrU1eIC2hWgger4i907kCdSZZEHLlqD_iAGfMDzkz7WnpW=w1920-h1080-k-no | https://lh3.googleusercontent.com/gps-cs-s/AHRPTWlQJfbn0tqb63Zb6HkaTtCrgvKNe3Ls3ocRLnoyvp0ecYC7dSUkFnf7PzlzErdB8kxrJqZYULymb-QWgVCDFcvTrZRycXGFmhk0m5d3hzZvUgNYj0oqE8_qCbJXlWoXj_JQmEtKYShi95yx=w1920-h1080-k-no | https://lh3.googleusercontent.com/gps-cs-s/AHRPTWkKWjhINswYS-DBvAxe-cVJy6H8uPKjQ8Edt2t44wBFiDj42H0uXSRl3dLAdINYYYOQ8NCocJGjkof72t5H2XorDKMJA-nvAwfqVLofYuQ_rWlmv9v3dhVFwGfehlSu50GA1wofrKyPIUE=w1920-h1080-k-no | https://lh3.googleusercontent.com/gps-cs-s/AHRPTWlat-1RocXpAIqXQsZh9-Fa4ux59dHaZC6P18YU-rFu3yPGKv-daNon7Nxk6GfF1U3HIC0ljgoOBj1p-NX6VjVctiFArbYmSIOSI4rNCpVaCXH206u9xoDqDUrRv25bo_GDoEDn33BK7qFh=w1920-h1080-k-no | https://lh3.googleusercontent.com/gps-cs-s/AHRPTWnH0dWOixz-uuYx_ciWJYuOzpS-51U8xwjY_ft9lvJRXU6R5mh3djsb5buDHBH8SlfVjniXvHtS5RgkUKivdN-K1JCJjwQEADvS0GMSnDvQgAfRlZfuDyIzdEaopLyv2qldT9v-Rgj7hrhv=w1920-h1080-k-no | https://lh3.googleusercontent.com/gps-cs-s/AHRPTWlqw0s3dar1fCRqK5h61T2lLPti0Q6guKjoY_gFD-CWQxzUdiAYVXKfGgLIJZiZB3o7zW9cXr9y-L48NmypiQvVHVSSULh7UfpHFggrIBoZ8cttgdeLyJkMeceNpe8c2OY5CYtmJPuwKpon=w1920-h1080-k-no,streetwear,84,2026-08-17T05:05:44.241Z
B,151,70.7,KL Boutique - Thời trang nữ cao cấp,Cửa hàng quần áo,"207 Cộng Hòa, Tân Bình, Hồ Chí Minh, Việt Nam",Tân Bình,Hồ Chí Minh,+84 902 877 811,http://www.facebook.com/KeepingLoveBoutique,https://www.google.com/maps/search/?api=1&query=KL%20Boutique%20-%20Th%E1%BB%9Di%20trang%20n%E1%BB%AF%20cao%20c%E1%BA%A5p&query_place_id=ChIJcQOvRk8pdTERGJiYn3l6w-4,ChIJcQOvRk8pdTERGJiYn3l6w-4,5.0,1.0,True,https://streetviewpixels-pa.googleapis.com/v1/thumbnail?panoid=oGZnzY1xqoGGzwLqnaSj_g&cb_client=search.gws-prod.gps&w=408&h=240&yaw=197.03665&pitch=0&thumbfov=100,https://streetviewpixels-pa.googleapis.com/v1/thumbnail?panoid=oGZnzY1xqoGGzwLqnaSj_g&cb_client=search.gws-prod.gps&w=1920&h=1129&yaw=197.03665&pitch=0&thumbfov=100,fashion boutique,106,2026-08-17T05:05:07.478Z
B,152,70.7,SOL - Vietnam Beach Lifestyle Brand,Cửa hàng quần áo đi biển,"08 Công trường Quốc Tế, Xuân Hòa, Hồ Chí Minh 100000, Việt Nam",Xuân Hòa,Hồ Chí Minh,+84 938 673 861,https://www.solvietnam.com/,https://www.google.com/maps/search/?api=1&query=SOL%20-%20Vietnam%20Beach%20Lifestyle%20Brand&query_place_id=ChIJ3RHiHeQpdTERj9QTqcKprp0,ChIJ3RHiHeQpdTERj9QTqcKprp0,4.4,10.0,False,https://lh3.googleusercontent.com/gps-cs-s/AHRPTWl9DLTH35mFzGVUCzjq1oWygbPLdthPVbBC0DtAP-zuwAhrFo36MPh5CeR6kxJ1sCVnQGG4BhtcHKO78omemv0JZ2EcPOo0iavhrMPVrQj3vAC8dvXnN_ttsG5SK8p9SzFifqWT=w408-h544-k-no,https://lh3.googleusercontent.com/gps-cs-s/AHRPTWl9DLTH35mFzGVUCzjq1oWygbPLdthPVbBC0DtAP-zuwAhrFo36MPh5CeR6kxJ1sCVnQGG4BhtcHKO78omemv0JZ2EcPOo0iavhrMPVrQj3vAC8dvXnN_ttsG5SK8p9SzFifqWT=w1920-h1080-k-no | https://lh3.googleusercontent.com/gps-cs-s/AHRPTWmYzqvU_XJQi_YQerjAdsozee67NrOwJbWMIAoFvxHeOavv8P4yDehBFrmnrwSDZ3Gg0CkxM3LEFZgZd--XWHIKah0mvTP9e1kwa7kv6vg-m4XzO2g74QReANy3TONBaSx4U3_j=w1920-h1080-k-no | https://streetviewpixels-pa.googleapis.com/v1/thumbnail?panoid=aNb2T7juIma-XV9k4lJXaA&cb_client=lu.gallery.gps&w=1920&h=1272&yaw=155.33528&pitch=0&thumbfov=100,local brand thời trang,106,2026-08-17T05:05:15.689Z
B,153,70.6,$maker,Cửa hàng quần áo,"140B Huỳnh Văn Bánh, Phú Nhuận, Hồ Chí Minh 700000, Việt Nam",Phú Nhuận,Hồ Chí Minh,+84 933 268 911,http://smaker.vn/,https://www.google.com/maps/search/?api=1&query=%24maker&query_place_id=ChIJjZffaNUodTERBgjlfRLSQzM,ChIJjZffaNUodTERBgjlfRLSQzM,4.4,197.0,False,https://lh3.googleusercontent.com/gps-cs-s/AHRPTWkAcLaG4RSet9-mFZPIevdsUnOgFQvyH2mRqW1Jq9UET58WwSfV1TgNgtoRp4FA0Z0T3dkJ5BrhkqGJfl2_LSVdf8zX-jmN4bjTLi9K0RzXoX0w9t1grmGi3FulAbnNQWLzrGo9=w408-h544-k-no,https://lh3.googleusercontent.com/gps-cs-s/AHRPTWkAcLaG4RSet9-mFZPIevdsUnOgFQvyH2mRqW1Jq9UET58WwSfV1TgNgtoRp4FA0Z0T3dkJ5BrhkqGJfl2_LSVdf8zX-jmN4bjTLi9K0RzXoX0w9t1grmGi3FulAbnNQWLzrGo9=w1920-h1080-k-no | https://lh3.googleusercontent.com/gps-cs-s/AHRPTWk95gz_tEyOQuAVhLdhlXXTkMtvdtX2JNTcNerb6EQ9W_psLpdLpwl7oLBeALdtmfBmkhJYu8wilz8VRMEc1NZw1uMtd8W8pbtVKid0ZbQckH6io3XkYDCqGIGp4e_G6_2WZ-vjCYHFuPkT=w1920-h1080-k-no | https://lh3.googleusercontent.com/gps-cs-s/AHRPTWnp_mkG5nbZTOdqi6Y9YDh3OY8g0njynXR_pbgAjh1s8ctOD8ZrF3nE2nfCzOW17j2Jf7OfW0CSXSWj0NDe10Z5U5NxYW6Q1rBGP7XacaaVELPgI6iVc5kkcNpS67KaS7w-W-0e=w1920-h1080-k-no | https://lh3.googleusercontent.com/gps-cs-s/AHRPTWl76ziMI6jJjxv1LuVYZPyCMx8jBQOVYV_QkICiyc6_d6PDRcVs0vXvmROEh3JvaatMjDdYB1BovRVNmLxnI5LpR9HFmZx_MrKSwgxoG9z8E-gN2TEEaVwy3aMD8VXOLGky-hm5Qc0TIjww=w1920-h1080-k-no | https://lh3.googleusercontent.com/gps-cs-s/AHRPTWkb2Qz1zztSK3VJ9vOsOm6PdS0fQtyjSGBn59B8q1Wo6-hbreBYef5Bgb43QdKgZT5HgcwqCtjruNbx7dbMd8Zf5aN5--OIaHARaIt4Id5xx8RBvOvRhIYf9A1Jcf7bXjId2Z8=w1920-h1080-k-no | https://lh3.googleusercontent.com/gps-cs-s/AHRPTWnEkykQuWzg2ScR2ODXZp1rgakahIwi6pPBAYMVMYvRbCJeHJyFLjacK7tSOS-zUKSIMpZZeW-ih2oPYIHoIV3GkuzmCXTSeBbJ0b7upPOLvDOZLcId1zgN0rgTbujGQK16DjDoVd2HM3SC=w1920-h1080-k-no,streetwear,68,2026-08-17T05:05:55.434Z
B,154,70.2,ohana clothing,Nhà thời trang may đo cao cấp,"124 Số 47, Tân Hưng, Hồ Chí Minh 70000, Việt Nam",Tân Hưng,Hồ Chí Minh,+84 918 414 785,https://ohanaclothing.vn/,https://www.google.com/maps/search/?api=1&query=ohana%20clothing&query_place_id=ChIJF6o2G2cvdTERaVqtptA3Oxw,ChIJF6o2G2cvdTERaVqtptA3Oxw,5.0,4.0,False,https://lh3.googleusercontent.com/gps-cs-s/AHRPTWmwlLY59fW3o_6ydpUfLstJmKVBzhPbjbJ8jRu9POCOWacJJpzBxPyWv3XL7n_1CgpMpKlLnWeCBlLxXzag2RaRztsR52tagMUbb6R1wavPHjhqFh5p0driKIq_WxF4oF7hzzpR=w408-h272-k-no,https://lh3.googleusercontent.com/gps-cs-s/AHRPTWmwlLY59fW3o_6ydpUfLstJmKVBzhPbjbJ8jRu9POCOWacJJpzBxPyWv3XL7n_1CgpMpKlLnWeCBlLxXzag2RaRztsR52tagMUbb6R1wavPHjhqFh5p0driKIq_WxF4oF7hzzpR=w1920-h1080-k-no | https://streetviewpixels-pa.googleapis.com/v1/thumbnail?panoid=qH0oZ8ioR7nttJpTz79NTQ&cb_client=lu.gallery.gps&w=1920&h=1272&yaw=53.6244&pitch=0&thumbfov=100,fashion boutique,75,2026-08-17T05:04:59.847Z
B,155,70.0,Aster Store,Cửa hàng quần áo nữ,"277 Liêu Bình Hương, Ấp Tân Thành, Củ Chi, Hồ Chí Minh, Việt Nam","Ấp Tân Thành, Củ Chi",Hồ Chí Minh,+84 972 530 109,,https://www.google.com/maps/search/?api=1&query=Aster%20Store&query_place_id=ChIJT95wY_YtCzERcx5cbu3GGWo,ChIJT95wY_YtCzERcx5cbu3GGWo,5.0,1.0,True,https://streetviewpixels-pa.googleapis.com/v1/thumbnail?panoid=PloUvc0-mlqEG4L-I2M-kA&cb_client=search.gws-prod.gps&w=408&h=240&yaw=225.16106&pitch=0&thumbfov=100,https://streetviewpixels-pa.googleapis.com/v1/thumbnail?panoid=PloUvc0-mlqEG4L-I2M-kA&cb_client=search.gws-prod.gps&w=1920&h=1129&yaw=225.16106&pitch=0&thumbfov=100,shop quần áo nữ,81,2026-08-17T05:04:19.596Z
B,156,69.9,Reply90s.SG - Thời Trang Quần Áo Nam Nữ,Cửa hàng quần áo,"19 Khánh Hội, Vĩnh Hội, Hồ Chí Minh, Việt Nam",Vĩnh Hội,Hồ Chí Minh,+84 896 454 397,https://facebook.com/reply90s.sg,https://www.google.com/maps/search/?api=1&query=Reply90s.SG%20-%20Th%E1%BB%9Di%20Trang%20Qu%E1%BA%A7n%20%C3%81o%20Nam%20N%E1%BB%AF&query_place_id=ChIJOfLpSOMvdTERLx6JrbOlnQI,ChIJOfLpSOMvdTERLx6JrbOlnQI,5.0,1.0,True,https://streetviewpixels-pa.googleapis.com/v1/thumbnail?panoid=IxX6n0f3WLmuih4bxxXHVQ&cb_client=search.gws-prod.gps&w=408&h=240&yaw=218.59607&pitch=0&thumbfov=100,https://streetviewpixels-pa.googleapis.com/v1/thumbnail?panoid=IxX6n0f3WLmuih4bxxXHVQ&cb_client=lu.gallery.gps&w=1920&h=1272&yaw=218.59607&pitch=0&thumbfov=100 | https://lh3.googleusercontent.com/gps-cs-s/AHRPTWn9SlGJvAQC7TmW-Ulk61jWo14TD5brI9JP9tV_1dWOlrfnALRpdT87yz35PZAHZ27TUmTC8LQ04TUELp9ERNbw7h5ZUAX0zTD2ALJLOZj-QVkapGmvDbK-ShBmKZA45qYxEAr_=w1920-h1080-k-no,shop quần áo nam,122,2026-08-17T05:05:27.210Z
B,157,69.4,An's House Shop Thời trang Trẻ em,Cửa hàng quần áo,"152 Đường 355, Tân An Hội, Hồ Chí Minh, Việt Nam",Tân An Hội,Hồ Chí Minh,+84 906 641 941,https://www.facebook.com/thoitranganshouse,https://www.google.com/maps/search/?api=1&query=An's%20House%20Shop%20Th%E1%BB%9Di%20trang%20Tr%E1%BA%BB%20em&query_place_id=ChIJ7_5ZxSwrCzERi0N14Xi6Z3A,ChIJ7_5ZxSwrCzERi0N14Xi6Z3A,5.0,4.0,True,https://lh3.googleusercontent.com/gps-cs-s/AHRPTWnLlrQom8qJV-HIrApVYjhFl3JlRPsBpGvxweL236cQyWWDrhUrZ6Wz0eLAzfBeyCeDDVMkHMoip_t5tbiZkxT8qadSoZa3LaQ9cYPtM5R_-ShWlbZ6DDO9B6DCikkN0bdT2fU5xA=w408-h544-k-no,https://lh3.googleusercontent.com/gps-cs-s/AHRPTWnLlrQom8qJV-HIrApVYjhFl3JlRPsBpGvxweL236cQyWWDrhUrZ6Wz0eLAzfBeyCeDDVMkHMoip_t5tbiZkxT8qadSoZa3LaQ9cYPtM5R_-ShWlbZ6DDO9B6DCikkN0bdT2fU5xA=w1920-h1080-k-no | https://lh3.googleusercontent.com/gps-cs-s/AHRPTWkmehn0pqBJnJTyqawbo5rTqGYohW2XEqo2ceRV9pJQF60YC9SZdEOg6YrXNvINiLX3FxOfuKgswihKq9QttaGM3d7ckdz-owdILLpSDbADisZIiqvWKewcoJ1Q6c2qDtJoPMUP=w1920-h1080-k-no | https://lh3.googleusercontent.com/gps-cs-s/AHRPTWnyU9IlVIFnt0bTBB4DgFS365yOBg6RZ_il5bVI2JaMmkkieN1ynOx42aiLLLiVkrqwXskAILUcFUOfuNxsZ3biB-MnjZoXDlwvRsue-fLu2at3bOSwLY0aJPbgfpjDnEBWYVn_wA=w1920-h1080-k-no | https://lh3.googleusercontent.com/gps-cs-s/AHRPTWkG19321I591VChUrKQybK5BHqyuWDU8u9kIhE6YQL5zw2UzQy6Qx5m69QrjCYa0dHYKzHRjY3y2i8PrdR98ketpKuJ6qdRjvolVb-KFDAc7qFTkDP0rM12icCslpxYYIPOo6E=w1920-h1080-k-no | https://lh3.googleusercontent.com/gps-cs-s/AHRPTWlKJxfbTUYpfM6O8qfAiCFHho-trpLZQ3GmnJ5_umjsuNb3c1qtDkM7HwRfh7tMFR7hHy0A6kuCXUoMKMh7K9DXmz2vJ_qHSK3h9iilzT8K3HsNAs_prZfx3YlTsXOCbC3PK9A=w1920-h1080-k-no | https://lh3.googleusercontent.com/gps-cs-s/AHRPTWkjJxB3hanIFectLpprrfRDmkPtBebunYpSp_YJA0PSu4HBWy6KzXU4-yk3CDJztAvwJj5ZM2_LLLw97hzyQTKE5oJXyikCQWWiEdw3l-w6cS-OaVOLdXSamwNdrgCnQU9w-g2pkQ=w1920-h1080-k-no,shop thời trang,72,2026-08-17T05:03:32.238Z
B,158,69.3,Dadmade Store,Cửa hàng quần áo,"156/4B Lý Tự Trọng, Bến Thành, Hồ Chí Minh, Việt Nam",Bến Thành,Hồ Chí Minh,+84 708 281 023,https://m.facebook.com/Dadmade.hy/,https://www.google.com/maps/search/?api=1&query=Dadmade%20Store&query_place_id=ChIJKRxTenEvdTERE539gokOap0,ChIJKRxTenEvdTERE539gokOap0,5.0,2.0,True,https://lh3.googleusercontent.com/gps-cs-s/AHRPTWnqljZ4YgXCFCdwl5O3Za9SgDn_OktITCuV-omflBuwEKd2mIiMGphOIQL8ttc5mq-fKxPN1Ve_9VhfOvZoWbIzUdQ_glLlyFXhhHtfuiQ1pq2Vl52JCmw47kcz9Bud-hTDDVS03w=w408-h544-k-no,https://lh3.googleusercontent.com/gps-cs-s/AHRPTWnqljZ4YgXCFCdwl5O3Za9SgDn_OktITCuV-omflBuwEKd2mIiMGphOIQL8ttc5mq-fKxPN1Ve_9VhfOvZoWbIzUdQ_glLlyFXhhHtfuiQ1pq2Vl52JCmw47kcz9Bud-hTDDVS03w=w1920-h1080-k-no | https://streetviewpixels-pa.googleapis.com/v1/thumbnail?panoid=N0RpsGkeXw-JgIT7CAv-9A&cb_client=lu.gallery.gps&w=1920&h=1272&yaw=23.694035&pitch=0&thumbfov=100,streetwear,114,2026-08-17T05:05:31.918Z
B,159,69.2,23SPTMBR,Cửa hàng quần áo,"54 Đinh Công Tráng, Tân Định, Hồ Chí Minh 700000, Việt Nam",Tân Định,Hồ Chí Minh,+84 941 991 239,http://23sptmbr.vn/,https://www.google.com/maps/search/?api=1&query=23SPTMBR&query_place_id=ChIJF1CqexYvdTER0xXrX8MOxUU,ChIJF1CqexYvdTER0xXrX8MOxUU,4.3,38.0,False,https://lh3.googleusercontent.com/gps-cs-s/AHRPTWn2vUKT-q-NWmFan3n6VfFLjvviFnZ_8tTaD2JB0U99OXwObILQ8zh5cp5fkebwUbyKYhRTwnnYc4LJnF1fPnqnxIBj7MvbLpqLfv1b623qX_-NaT-4-QcWTzqaO3iRmDh-WZhBzA=w408-h544-k-no,https://lh3.googleusercontent.com/gps-cs-s/AHRPTWn2vUKT-q-NWmFan3n6VfFLjvviFnZ_8tTaD2JB0U99OXwObILQ8zh5cp5fkebwUbyKYhRTwnnYc4LJnF1fPnqnxIBj7MvbLpqLfv1b623qX_-NaT-4-QcWTzqaO3iRmDh-WZhBzA=w1920-h1080-k-no | https://lh3.googleusercontent.com/gps-cs-s/AHRPTWl9MgXiZHulfYlpmozhnEitf3xRxe0BTVirTg2t7JxyhxkyVHeLJm1xBWd6v_NzQy4b9r60zaxSnDsYa6GccoZMipqf3ARuOdH-JXvg923BOrMQcTNfRu4zMfKwepynzkTi9lLBhIiX7XY=w1920-h1080-k-no | https://lh3.googleusercontent.com/gps-cs-s/AHRPTWltB6a_-BIg1cvhXp1r1Z-Z9eUQehWDeEHbKKJkOAI02fPVVURRtKubyNVtsbxh7rWYpPPEbbJE4-NmgpwVTogQcsX-zFVXXLG1lQ-zFt5TKOacLHBIF-HHPe4lqPSDkPjN3VVc=w1920-h1080-k-no | https://lh3.googleusercontent.com/gps-cs-s/AHRPTWk9zJ-mjKZJ7D23TLjgav6eR9ygh-Z6UJ0DEaBrro7T6L9NQTtyDf1c2ADXXLwDpVXeeDQjO1TFV7M5VU99BZiDl43JNhlIdRStX5ABpl_Szvk3BRN9kAZg-5WK4gbNcs2PxoiLip4tEk8=w1920-h1080-k-no | https://lh3.googleusercontent.com/gps-cs-s/AHRPTWm1dxQeGADvcaaa9mqTPohyAgAboGthaEX3srF46hhoxKLCSP2tr38I5WtKKJzQcUggx4KtSIzM-OIZJN5pWJrgj58zZ_SAQwFmQovkyeeENrcrmlKZwj1k2nS7zaOuz3C2qT7m=w1920-h1080-k-no | https://lh3.googleusercontent.com/gps-cs-s/AHRPTWk2ozwCJTlLjN-wMDZzg9ND5Klgkg1XLFYiVPuzpGmSsWUW5kkX08dVtgKhskjYuJtG3AMEehOW6hHsWeLnrfmYVAVg3l2tSeuQ8omIn-65V0OBdGNdE_8Pe80TOYijySGjXMwoQP_4h7Q=w1920-h1080-k-no,local brand thời trang,75,2026-08-17T05:05:27.820Z
B,160,69.2,OKAÏDI – OBAÏBI,Cửa hàng quần áo trẻ em,"OWNDAYS Thiso Mall Số 10 Mai Chí Thọ, An Khánh, Hồ Chí Minh 700000, Việt Nam",An Khánh,Hồ Chí Minh,+84 28 3535 8874,https://okaidi.vn/,https://www.google.com/maps/search/?api=1&query=OKA%C3%8FDI%20%E2%80%93%20OBA%C3%8FBI&query_place_id=ChIJ7dcjAhQvdTEREG3mzQ3-04Q,ChIJ7dcjAhQvdTEREG3mzQ3-04Q,4.7,7.0,False,https://lh3.googleusercontent.com/gps-cs-s/AHRPTWm21_CFk7z51dWZ9zqcKENmTKEz9paxQRVU7Dx4kQ41r0ip0EFtEkzjFzdCIrb0HV8eMVOEYpsKx04Q8IfiUacRL4XDJDsy9fTTBhMREntFxluB0d-ckd8z7VSIAamGPDs7hFFLww=w408-h271-k-no,https://lh3.googleusercontent.com/gps-cs-s/AHRPTWm21_CFk7z51dWZ9zqcKENmTKEz9paxQRVU7Dx4kQ41r0ip0EFtEkzjFzdCIrb0HV8eMVOEYpsKx04Q8IfiUacRL4XDJDsy9fTTBhMREntFxluB0d-ckd8z7VSIAamGPDs7hFFLww=w1920-h1080-k-no | https://lh3.googleusercontent.com/gps-cs-s/AHRPTWnnfrIUZjX1MZd95dFUgnAVnYx98KC7I7yt5s6GiIY8Kn0Vc9Yb4Za2O9XCiDRmOhHMGynxPnwx-w8hJxNWmFxUuADjdKfgmeBdmiOhqHas1Q35Yes5PCogbhR608FL5MwPIw3q=w1920-h1080-k-no | https://lh3.googleusercontent.com/gps-cs-s/AHRPTWkY3S508ycLP4x-I9AROS22mJm8GKGiSFHEFyzrMeTDal7KkYBjgzR81JLrytEWwXK2LnYp7vYvYqE6LZz7mSC9kdKs8ljIZVji_6l4-pbn0AZ9mLlJ8SvEmGzuAezFVOxgp4A4=w1920-h1080-k-no | https://lh3.googleusercontent.com/gps-cs-s/AHRPTWnfggFw3EPrIrlXqxaaNUV324uzRozhnt-9HFKg5vuRc1ME6SjqEzzr32v1nMHYtj0-kbmlvZxEpcs86pfQNzADBx93lfm9rtX0isQh590BGRKOZWgbEYL9uWmvo5y7vMNQeI-D4w=w1920-h1080-k-no | https://lh3.googleusercontent.com/gps-cs-s/AHRPTWmRuDTuMUGI8RV-QbDtFJ8BAqBatplpZasrdJo7MD7c4OSjJYbt0qq7b7qqqT2X0AsMgNim97r_4lx_wOkbWIjugPsJKwoUJoQ-3nhQ3wKn8PnBinKsh--BNiO4BBEMqMBXR2GO=w1920-h1080-k-no | https://lh3.googleusercontent.com/gps-cs-s/AHRPTWmq6uF6wtWy0jKHGRlBPd6QSNXXThWS9FpZFJYPsty_kCB4SzQLZz4w2rgU4rOucYKSHQlfh5NU_m6nS-iRc_1R31ApGasiCdhsXY3hUfoJy1_ol071NV7O2t2pMmh6yfWsOQKfKQ=w1920-h1080-k-no,kids fashion,16,2026-08-17T05:03:50.504Z
B,161,68.9,MRHEO Shop Chuyên Sỉ Lẻ Quần Áo Nam Thiết Kế,Cửa hàng quần áo nam,"304/6 Bis Trường Chinh, Tân Bình, Hồ Chí Minh 700000, Việt Nam",Tân Bình,Hồ Chí Minh,+84 906 223 861,,https://www.google.com/maps/search/?api=1&query=MRHEO%20Shop%20Chuy%C3%AAn%20S%E1%BB%89%20L%E1%BA%BB%20Qu%E1%BA%A7n%20%C3%81o%20Nam%20Thi%E1%BA%BFt%20K%E1%BA%BF&query_place_id=ChIJPbgVw-QpdTERoFHgnZcB-5I,ChIJPbgVw-QpdTERoFHgnZcB-5I,5.0,1.0,True,https://lh3.googleusercontent.com/gps-cs-s/AHRPTWnT3JMuig8Qll4NxCz85q-Fr0DslSevNINQhP7jFFcYV2_DYwzEvSAK2IfDhOkdH8VqyrIRBJ8J_36lXX_2TCmGMsi_34HjnjEy-uHmPPqJJDQo2BUl0pjgWPvxzJFTciPQ-bDOmQ=w408-h306-k-no,https://lh3.googleusercontent.com/gps-cs-s/AHRPTWnT3JMuig8Qll4NxCz85q-Fr0DslSevNINQhP7jFFcYV2_DYwzEvSAK2IfDhOkdH8VqyrIRBJ8J_36lXX_2TCmGMsi_34HjnjEy-uHmPPqJJDQo2BUl0pjgWPvxzJFTciPQ-bDOmQ=w1920-h1080-k-no | https://streetviewpixels-pa.googleapis.com/v1/thumbnail?panoid=faX-9uKQJGHmu1w2r9O0wA&cb_client=lu.gallery.gps&w=1920&h=1272&yaw=163.08282&pitch=0&thumbfov=100,shop quần áo nam,102,2026-08-17T05:05:41.460Z
B,162,68.7,ANUPA ECOLUXE BOUTIQUE,Cửa hàng phụ kiện thời trang,"55 Ngô Quang Huy, An Khánh, Hồ Chí Minh, Việt Nam",An Khánh,Hồ Chí Minh,+84 913 989 747,http://www.anupa-ecoluxe.com/,https://www.google.com/maps/search/?api=1&query=ANUPA%20ECOLUXE%20BOUTIQUE&query_place_id=ChIJ60lBT8YndTERT_d100mAqsk,ChIJ60lBT8YndTERT_d100mAqsk,4.4,14.0,False,https://lh3.googleusercontent.com/gps-cs-s/AHRPTWkVVPzkG0mkU2UQsYnHqamm0LDqSHgiBPWgm8-5WVVjjNPh1YNBOAaGM16bLDTFiUDFj0O94HUw4kS9s79J-F2ZES_2crkt1BwNdw_68_Bfe8CUShuHg7oAvtcbgnWqyKRL-XvOOvOeWxrw=w408-h326-k-no,https://lh3.googleusercontent.com/gps-cs-s/AHRPTWkVVPzkG0mkU2UQsYnHqamm0LDqSHgiBPWgm8-5WVVjjNPh1YNBOAaGM16bLDTFiUDFj0O94HUw4kS9s79J-F2ZES_2crkt1BwNdw_68_Bfe8CUShuHg7oAvtcbgnWqyKRL-XvOOvOeWxrw=w1920-h1080-k-no | https://lh3.googleusercontent.com/gps-cs-s/AHRPTWmwBDwgOD-dynv5tQjcoWAS9mwDjkGHt4Y7YxRzq712Di6miWMD63S4Mo5HEme9exTggIV2hOUDAnSxSjKGpyoDGa1K8idyfGI8udZWrrXCCe33SQeWXCYXGgRJx5NqJtiDknOrMLAAXJr6=w1920-h1080-k-no | https://lh3.googleusercontent.com/gps-cs-s/AHRPTWlCl2ZD1txGImyLaMRLnvPzFt4OtAyQPIDeLC97uNp_jicypzlPHw-SmJTgWy7ftZnk3fPziHJVrwxXVPxZorzobAn1hHVqaQirDyj9Xg-WqwB3Y4Tk55mg1Mdq-va2a7nraDM=w1920-h1080-k-no | https://lh3.googleusercontent.com/gps-cs-s/AHRPTWkmAB0lISwpcF5dMQaZ9_wSnd166fhCrhzM8rodNG7BqOvrgWCRg260xrOl7Yb2dUopz7DZ7cO9QVLJDnxt27c-GKu-qVIm09RcOJWEaDcxX9GkwggANThv1KTCHzl3VTN46XEGTaq3WTw=w1920-h1080-k-no | https://lh3.googleusercontent.com/gps-cs-s/AHRPTWlLhXXg-AugbMZp6cxjxs1AYiXzQdM7-v74K9Z7ElJTn9hpjy0IG-5UYvF4nUxTsfngQLZs0gTeaCI5RoT5Kz1MIUWjfpIenK-nXAUXFMU3yPW93bYi3-AwDAkiuBQJpkU4eN3B=w1920-h1080-k-no | https://lh3.googleusercontent.com/gps-cs-s/AHRPTWkNMhNBNDk_Y8DUgxMwUhqS_lV1fIUVdBMqvxVs-nw6psIH2usqGMZUTdOUI998KD_f24QooJwsid7B4tXkYluD2AvZCNotx1_Blg1PvM2D_2UWgRvZgDDulYUwSB2AEAOorGjK=w1920-h1080-k-no,fashion boutique,46,2026-08-17T05:04:53.810Z
B,163,68.5,Rosemary Clothing Shop,Cửa hàng quần áo,"160 Điện Biên Phủ, Xuân Hòa, Hồ Chí Minh, Việt Nam",Xuân Hòa,Hồ Chí Minh,+84 938 366 909,,https://www.google.com/maps/search/?api=1&query=Rosemary%20Clothing%20Shop&query_place_id=ChIJjzdLhTMvdTER23RLkqNTwZ4,ChIJjzdLhTMvdTER23RLkqNTwZ4,4.8,32.0,True,https://lh3.googleusercontent.com/gps-cs-s/AHRPTWmacj5Y6wk0U85O9tE__uxgm4za_GvRt621ae7r-pdA4zhxvlVFR6Jkfn9CswBybwt4EgIreazc6YXBoLsH1Z24YGHSev8dM69pileJg5obnSKNY4PhwjS8nBM5IRbWYzPzu3BfXQUX1o98=w426-h240-k-no,https://lh3.googleusercontent.com/gps-cs-s/AHRPTWmacj5Y6wk0U85O9tE__uxgm4za_GvRt621ae7r-pdA4zhxvlVFR6Jkfn9CswBybwt4EgIreazc6YXBoLsH1Z24YGHSev8dM69pileJg5obnSKNY4PhwjS8nBM5IRbWYzPzu3BfXQUX1o98=w1920-h1080-k-no | https://lh3.googleusercontent.com/gps-cs-s/AHRPTWnbE-xEFGzGfOjXRhan9HrQjilJZjKDC3epaaZGA8sQuiPVmFXCV6pPqSM-wRv1kL4i7sGdQGUqhorO95Ke4MEU3Wz0wTPpzBz_RLkI0WF6k7wsqiOkWC9mEe19WsR8LlOLR00_PnIWcC3R=w1920-h1080-k-no | https://lh3.googleusercontent.com/gps-cs-s/AHRPTWnVzyod99TB7DVgpDIoh13Hnq7AFNvFYG2XSjGqkh5Thb14cXOX6wRi2GVE2DobyX6lpgyEFCnifaP1FwiYKkPgM4SEhMsnK5ccdWHQlLA0tefJmDiEBij_3SDXfSmXQGVQrX1QLgIKF5V_=w1920-h1080-k-no | https://lh3.googleusercontent.com/gps-cs-s/AHRPTWkxrZCR07kRNkvNke1vA-iUYPe4MwSgTZ5Z3KbJH2e8KAd5mTPA5OKNEedWS4oCRLC6LiGrvbD1C062P9p4uGwm2Xb6tWK-51c4ZP9RgmdDsdHc0NhDS9R3fQTdLgPsgqfr_YqaoUspFS5i=w1920-h1080-k-no | https://lh3.googleusercontent.com/gps-cs-s/AHRPTWk_S_UT9kCIW-cpWoNhurvNB2lqKCOTU5SxsLFuxBXumuzOjMecyHDTqXN2wYeT9zH4HPPhwPK8eyD2H9qB_KCnkgemrr7xVUGE7zbb8x3lUvs0zivm6ERaBQ6pBRsXh4qYD5k=w1920-h1080-k-no | https://lh3.googleusercontent.com/gps-cs-s/AHRPTWmu9XsgKCKkIUn6KN4HNWd8wiXmbV4uesNAkr-bnByuzUZ5bsWIAIroZWvdtZCeW6MfjeHZ9JETtVCysgJJ1qC1rXWXXn7cP6S5mX-O0hZIEcUN9sa8y4bUHbOYyKT4qQj2FdeJQQ=w1920-h1080-k-no,fashion boutique,9,2026-08-17T05:04:54.197Z
B,164,68.3,Mozaic Space,Cửa hàng quần áo,"31/23 Đ. Lê Văn Sỹ, Nhiêu Lộc, Hồ Chí Minh, Việt Nam",Nhiêu Lộc,Hồ Chí Minh,,https://instagram.com/mozaic.space?igshid=YjNmNGQ3MDY=,https://www.google.com/maps/search/?api=1&query=Mozaic%20Space&query_place_id=ChIJBzF4_bgvdTERVhe6FULA9Z8,ChIJBzF4_bgvdTERVhe6FULA9Z8,4.8,389.0,False,https://lh3.googleusercontent.com/gps-cs-s/AHRPTWmAVH2BntemLwYZU2mWknT1SvPb-bVYXg6Po27Lhd593FSTlb6iVTZPxn0dEuhvtjCA5g1PJbh6f2St6RJ6blx_NOntJpOWh9ISWFnFIbustTCmKX-llR80bp30baajx-REdvvfzMkO7Wfz=w408-h306-k-no,https://lh3.googleusercontent.com/gps-cs-s/AHRPTWmAVH2BntemLwYZU2mWknT1SvPb-bVYXg6Po27Lhd593FSTlb6iVTZPxn0dEuhvtjCA5g1PJbh6f2St6RJ6blx_NOntJpOWh9ISWFnFIbustTCmKX-llR80bp30baajx-REdvvfzMkO7Wfz=w1920-h1080-k-no | https://lh3.googleusercontent.com/gps-cs-s/AHRPTWkcEM3Mky8pjDE7eyVojn8_44cXsVpeUsCMJs2bEPx3Gy2na6lx-5nN8l5AUE7myVMO8SBMzb0Xe30-UbDvWElipAM0_-Jqqu4R_chZz6nJqv-HPvYQXZsgjg8QR9zFREGp0TrHdRZ3sivi=w1920-h1080-k-no | https://lh3.googleusercontent.com/gps-cs-s/AHRPTWmmZuYvRg1MZtdQF-CV_oGIw-j1LwD_33xSzF2ATJi1D84lKg-39J4ns_UtBSPqjbykN64yCV9B-sSME9XzlP-ooIrSUysl0N91ooUAIowAgzC_PkPuHBrEZYYNyNXamXGv3bGK=w1920-h1080-k-no | https://lh3.googleusercontent.com/gps-cs-s/AHRPTWnmOOtFmt9mVfpvSwEjCxiZWZGUwc5Kv3yz7pnNGEA5aih5yL4XEr9_3EviRWkfuagwL2QSHDaTstQXVnVVHK5ao1kGGIlbtkNbiSfO4ytImFr7l698LJhNKcIAQtVMyQXlUzYe=w1920-h1080-k-no | https://lh3.googleusercontent.com/gps-cs-s/AHRPTWnC8XCijzt3DrhFsoJWxxbbSqRYrZLilA34B8dhDwH8gtAni5QqoMbj89T4K3aUI7W6dfvlTypkwCB0NBo-4LS5tasqtk-bzc4HXGCGuuzkyLKUhHSLP7KnYBHAqymLpi-7iHVwcI7L0IWP=w1920-h1080-k-no | https://lh3.googleusercontent.com/gps-cs-s/AHRPTWnHh7OKBiaLTrYAR1YvfOX5uH7vhGJ3sz4gfq1GF5zxrlxoLr8Uu5XKuc-DVCuO9dEEWE7gk7PUMO6iPHCdV-nMkxXym8g8L2Nxg-yOWxoso-CYxH1wFgl1h4YXnGLiBNfc0EgyASIbaPZj=w1920-h1080-k-no,streetwear,74,2026-08-17T05:05:52.498Z
B,165,68.2,QT FASHION,Cửa hàng quần áo nữ,"36/40 Mễ Cốc, Phú Định, Hồ Chí Minh 10000, Việt Nam",Phú Định,Hồ Chí Minh,+84 909 158 172,https://qtfashion.vn/,https://www.google.com/maps/search/?api=1&query=QT%20FASHION&query_place_id=ChIJa9sr0g4tdTER9frWCOQLZ2o,ChIJa9sr0g4tdTER9frWCOQLZ2o,,,False,https://streetviewpixels-pa.googleapis.com/v1/thumbnail?panoid=V4pxaQklxiMgaxWewraxuQ&cb_client=search.gws-prod.gps&w=408&h=240&yaw=61.047897&pitch=0&thumbfov=100,https://streetviewpixels-pa.googleapis.com/v1/thumbnail?panoid=V4pxaQklxiMgaxWewraxuQ&cb_client=lu.gallery.gps&w=1920&h=1272&yaw=61.047897&pitch=0&thumbfov=100 | https://lh3.googleusercontent.com/gps-cs-s/AHRPTWlmDjk9WGuQI445-PpoeoXiuCMHtISyYeYmou_atmqRaLFAvz6YtEuijM_x92LADpMaGPWpsSjWpSzQ9l3FWUQbY58EyMXbb7msjcOmGV_TNv3_i0pCmRrIraCNjFeIGUmT4Q7m=w1920-h1080-k-no,fashion boutique,136,2026-08-17T05:05:10.831Z
B,166,68.0,THỎ TÂY QUẬN 7,Cửa hàng phụ kiện thời trang,"394 Nguyễn Thị Thập, Tân Hưng, Hồ Chí Minh, Việt Nam",Tân Hưng,Hồ Chí Minh,+84 385 634 497,,https://www.google.com/maps/search/?api=1&query=TH%E1%BB%8E%20T%C3%82Y%20QU%E1%BA%ACN%207&query_place_id=ChIJzRxaUpkvdTERN1Rci6oB57k,ChIJzRxaUpkvdTERN1Rci6oB57k,4.7,70.0,True,https://lh3.googleusercontent.com/gps-cs-s/AHRPTWl9t7UjYNgpXMLOnsynITQ6hZcFnyAPywSTD4nruQz6hldt_NiwVd9pX9ajVCwvB2mwyuTpBFIBTj7fC_Mg8G3z_G82nZHc1hsRBRIlwbdwh0gv7tsngvTN5vyt0c_jtsRoec9Olw=w423-h240-k-no,https://lh3.googleusercontent.com/gps-cs-s/AHRPTWl9t7UjYNgpXMLOnsynITQ6hZcFnyAPywSTD4nruQz6hldt_NiwVd9pX9ajVCwvB2mwyuTpBFIBTj7fC_Mg8G3z_G82nZHc1hsRBRIlwbdwh0gv7tsngvTN5vyt0c_jtsRoec9Olw=w1920-h1080-k-no | https://lh3.googleusercontent.com/gps-cs-s/AHRPTWnG60DuvB3fIT8N_lVoqc3bnGnaSYsNvA-SkZ_4zlSNv9gS0bH0Oew84BHJRDqO5IClNYwtSErpE9uyq8fa8dTx6VKmWn_aH7Hpqf5VXQm150JgzeNiMyV2j01E5IpxyQ9wIU7fwWxMxFym=w1920-h1080-k-no | https://lh3.googleusercontent.com/gps-cs-s/AHRPTWnR0wRDCevF-gbOr_uJgXfdWiqQSBGzpl8_INaHkAHGMDK5HiuMirbdPeRIeBaa7wuMVNy65PLg70zOQpIIXN5qL5eFjQ98sUV7Yu7K2tNILSwUpUE1jGCh_07-jx1w_H-q-ij97Zchiro=w1920-h1080-k-no | https://lh3.googleusercontent.com/gps-cs-s/AHRPTWlQ9aw02oLpob17yrZYTOXmxJ9GFZ19lfH8SAgfOdoG3PAlrg3VQWTr4OR4o0bwgtPc8AOVraWMxKK1H7CAP9SvKWQagloFLNNl26E8W0dEMS3s-_9azu7VPJ1tj98yPPf0371fF1jFmSo=w1920-h1080-k-no | https://lh3.googleusercontent.com/gps-cs-s/AHRPTWk5ar0a8lYgyrAA-JaMrdYjGmGmC3SMgUL-yleb4tfK-h3bLycE7GVxeX2vsiERFk3CUMKVFSbIS5Z_FtoIF7Hl5gJpVVfo_iK1Ro6S5ZEux-OKWo1FTyPBqOp7faREJYTlX5G9=w1920-h1080-k-no | https://lh3.googleusercontent.com/gps-cs-s/AHRPTWmt-r1DY7RxwGSi-3aJh2JYqPKJfTLCmn1yA6yLtK5Na3Ycr9cYxWVVQisQcJu5F9MLsxnvDkwfxD_lVorwRo76NTnPj3V1nzG9dcbhSCISCGE5058uvz0NhnucKNfe0Pm3H-IH=w1920-h1080-k-no,fashion boutique,19,2026-08-17T05:04:50.616Z
B,167,68.0,LAVIBO VIET NAM,Nhà thiết kế thời trang,"23/26 Đường 12, Hiệp Bình, Hồ Chí Minh 70000, Việt Nam",Hiệp Bình,Hồ Chí Minh,+84 979 193 982,http://www.lavibovn.com/,https://www.google.com/maps/search/?api=1&query=LAVIBO%20VIET%20NAM&query_place_id=ChIJKZDNa5kpdTER5Fx4F5_8480,ChIJKZDNa5kpdTER5Fx4F5_8480,3.0,2.0,False,https://lh3.googleusercontent.com/gps-cs-s/AHRPTWkVgYiv32BM77YCe_aJOuU2yv1CZO1PwyDHo6xAOTXKynJd0-XuFcixJHa7vWRe1wt2KFlLJ3PAsdgCb6o3zR2hsSNK_qNNSK3yB-PuPHnCA6mDJTfPo5heiFgbw9ivsOzG0rev=w448-h240-k-no,https://lh3.googleusercontent.com/gps-cs-s/AHRPTWkVgYiv32BM77YCe_aJOuU2yv1CZO1PwyDHo6xAOTXKynJd0-XuFcixJHa7vWRe1wt2KFlLJ3PAsdgCb6o3zR2hsSNK_qNNSK3yB-PuPHnCA6mDJTfPo5heiFgbw9ivsOzG0rev=w1920-h1080-k-no | https://lh3.googleusercontent.com/gps-cs-s/AHRPTWmj8BmBKe3O-9LeX_FUqKs5XG_vytnDbpV9sHrx8pw4lBkfZY8L6QM6e82iOlEGbpWCjQn6wTJMHKstnBSjXdNRnr64KbPvvyhJsZn64I0tqZejXVlOZ23TANIaYwyeuUqGXuqkJg=w1920-h1080-k-no | https://lh3.googleusercontent.com/gps-cs-s/AHRPTWnRLCrffJpGe1FMa-7Z_KdAyHr0uakZ9AW7rdGUPKg3YVeMrtN40tWItxlJOfvMrTZ4KdqXblbz9abe49JBdV2kM71372CMHKpPMzW3925YooL5jaRwPcPK6J3E0vPj5St28Inc=w1920-h1080-k-no | https://lh3.googleusercontent.com/gps-cs-s/AHRPTWlZr95QSu9hHB9lBZfNq20BdyBYabUKMSKQ_5rbw7VMVRIftdCDNRaVfq_-nXqf_RyaSoKdmd5eZs8A6z_svmfcqAqccAosmOsnEaZj7s9kvjMPZZHBXoE3ZAqmwB2T6DUQdbOnbA=w1920-h1080-k-no | https://lh3.googleusercontent.com/gps-cs-s/AHRPTWmymAqNbyYW6BXw72ZhcFp23x4rAQcD1hYSKdaUJnAgRm1YLszozUAgxjkG_zjiZyVhyFXEAmNKPL8VbYb63WOAzWjpB97jbM9eN_NmGg_C_JYzCF6itjvyOkNUbJ_zHHgp5fCj=w1920-h1080-k-no,local brand thời trang,79,2026-08-17T05:05:32.778Z
B,168,67.8,AASTU - Aa Flagship Store,Cửa hàng phụ kiện thời trang,"118/12 Trần Quang Diệu, Nhiêu Lộc, Hồ Chí Minh 700000, Việt Nam",Nhiêu Lộc,Hồ Chí Minh,+84 775 121 998,https://aastu.vn/,https://www.google.com/maps/search/?api=1&query=AASTU%20-%20Aa%20Flagship%20Store&query_place_id=ChIJgdn81KgvdTER8LpMEfkjxA8,ChIJgdn81KgvdTER8LpMEfkjxA8,5.0,2620.0,False,https://lh3.googleusercontent.com/gps-cs-s/AHRPTWkPF9TD94YDJhpU8vgP6lVnkL8rb70Ebol_AyL8fmLEW_V9xF1KK7lYzbCQdf5je9ZO1e04CGqsAjdLonSZqb1ghB0I_LxkEXNNdByUJji8EGH0ceTHqjspLJm3FMXl-teQ-aIun79ICiZm=w408-h725-k-no,https://lh3.googleusercontent.com/gps-cs-s/AHRPTWkPF9TD94YDJhpU8vgP6lVnkL8rb70Ebol_AyL8fmLEW_V9xF1KK7lYzbCQdf5je9ZO1e04CGqsAjdLonSZqb1ghB0I_LxkEXNNdByUJji8EGH0ceTHqjspLJm3FMXl-teQ-aIun79ICiZm=w1920-h1080-k-no | https://lh3.googleusercontent.com/gps-cs-s/AHRPTWmrt_vMn17Sg1cjqcM02VQmMl9ttQPx9NdyGUyt8ldLw38l5z1IzCS3go0IU1VJRg0HWz-7TpujgO79AxeAkrrMm7uda9Yv913B9602ezU4RkplgQRz3kK5KX6jNob5zYDnZNiOEKVkbbuX=w1920-h1080-k-no | https://lh3.googleusercontent.com/gps-cs-s/AHRPTWmah84TuAdBbvnD1tmZOijMDMBRnxA3BcVK_K2ae3cIr3jgR3EsyTHmQPW2EAeXI0MFUDsABNRuai0I6nchPoS-FPZbjib0axYx__G_sMmmSVB7_51fCm8D4Yyvey5a4PgV2ghtEMlAr80=w1920-h1080-k-no | https://lh3.googleusercontent.com/gps-cs-s/AHRPTWnU47dyy_5mp1Y7vHGvRkLcBOSGPyEG70hDOA2fo_IECA9898uYkt_TcsZ013fOrB4B-rgB3e5NwfXGqlVTXNBWdLydZHpICcCb0bEcnMYy_wKZlu-B_ONqkmZ4ViyXQt3od3osZ1n3AUUb=w1920-h1080-k-no | https://lh3.googleusercontent.com/gps-cs-s/AHRPTWkVIWL7hOlRPfi_pE7YOFwkLNxu8810lcSVQWBRJ__Zbqtm_mYiB1Dem3m77-oJNT6OU79fl4pGL95GJ2WKVIZ8uzCddv3xWeq_rwYWarQf1AOCZsxVc69dRJ9bvmztXUsdmWRZzmyESZw=w1920-h1080-k-no | https://lh3.googleusercontent.com/gps-cs-s/AHRPTWlKuvRN1mxT2-XPExdazZtCc-sxfzXtSBiup8Dgw3fZnNyIAaGFbZuMPJvtFVLsrQNi77r-NemlX2c_IN22RoUp_1hWjIw-UX4J_fKPk6YK65qiCke1xRrtV3__zI1z3NbVrooMDkQMOWw=w1920-h1080-k-no,streetwear,64,2026-08-17T05:05:56.089Z
B,169,67.7,Must Have,Cửa hàng quần áo,"207 Lý Tự Trọng, Bến Thành, Hồ Chí Minh, Việt Nam",Bến Thành,Hồ Chí Minh,+84 28 6681 0958,https://www.musthave.vn/,https://www.google.com/maps/search/?api=1&query=Must%20Have&query_place_id=ChIJp2GEyz4vdTERrcwXzbIu_mw,ChIJp2GEyz4vdTERrcwXzbIu_mw,4.1,48.0,False,https://lh3.googleusercontent.com/gps-cs-s/AHRPTWmFSGXXBBGCVHawaPxoK_LsWJtlzyYfZ6md-lBWbSFhyiyiahR59wAhCMk37OqZ1Zvz78taBquuTM6EBzeRxaDsOuvJ5CdcVTKhO7H_UYFpP_FJOicYEesygKmlouTuGtu_z6kBGDRxXpMo=w408-h699-k-no,https://lh3.googleusercontent.com/gps-cs-s/AHRPTWmFSGXXBBGCVHawaPxoK_LsWJtlzyYfZ6md-lBWbSFhyiyiahR59wAhCMk37OqZ1Zvz78taBquuTM6EBzeRxaDsOuvJ5CdcVTKhO7H_UYFpP_FJOicYEesygKmlouTuGtu_z6kBGDRxXpMo=w1920-h1080-k-no | https://lh3.googleusercontent.com/gps-cs-s/AHRPTWk4sjf7xVBn877XbLXp_oQcMYjhs-9aC6stYkLy1fO_ytWeYldhpeJhdEsTjFEHc1sS8czgm-Gez4eHQAqP8YCqIyLvkxHpWiLupuoh4rHlGlTGMMoKezbGYedZzo0oWETQyWeYkw=w1920-h1080-k-no | https://lh3.googleusercontent.com/gps-cs-s/AHRPTWmWeR9I6JkeNOwbRZGEoONaxjbNsghHYRVpU5A-9YCLaSRfOYln2bmuhDw2SxReCuC1RNcxRhy58ZdZh7HCVFQK_isZlasAKHJ9fOdPIkDiPbUHrZF3IJ7MGbvLpYAd8vFTaeg=w1920-h1080-k-no | https://lh3.googleusercontent.com/gps-cs-s/AHRPTWmXsiop9j5gY6M8t4jFLIdKwjKNhpjcgXfw-0FJfNwiWo2gOlu1q0yXxaTJUI1MnaUwN-TbioEZZ8OKJPiNtzx2LyAXj2U7wNG08cwQY6JU3K4huU0A13EBo8E06i5uQj8UjQ=w1920-h1080-k-no | https://lh3.googleusercontent.com/gps-cs-s/AHRPTWlpYY4xp3TERu7jRJ7F-BZKyGdoBzvMoKNzu-BxmUeaC-HkeD-kfqTt6GLQDyBQVD7zgXPR0J3y0zrQfmt5pbNw-4e_9wybhvCgHmpFNGa_iPC7rMt09WK69FFPfY6kqDC-jDx6=w1920-h1080-k-no | https://lh3.googleusercontent.com/gps-cs-s/AHRPTWn3K2-7x5G4vy2TRAk3PaLYTUZbwy9IyYRKo-HLS7LiORVeqiEU01qaZwbUSxYZyAr7PkxpE7uT6-LiNYRlX042Zi6eAmonro02Z6ZydADtxpGboJ3n5p-9awKnZoQbDf4Ygf2ruQ=w1920-h1080-k-no,fashion boutique,47,2026-08-17T05:04:57.008Z
B,170,67.6,Hollis,Cửa hàng quần áo nữ,"437 Quang Trung, Gò Vấp, Hồ Chí Minh 700000, Việt Nam",Gò Vấp,Hồ Chí Minh,+84 349 763 276,,https://www.google.com/maps/search/?api=1&query=Hollis&query_place_id=ChIJjzU0uhwvdTERtFddBGVYV-4,ChIJjzU0uhwvdTERtFddBGVYV-4,4.3,14.0,True,https://streetviewpixels-pa.googleapis.com/v1/thumbnail?panoid=UV2rWhJpiPzG6488qhOKyQ&cb_client=search.gws-prod.gps&w=408&h=240&yaw=218.3976&pitch=0&thumbfov=100,https://streetviewpixels-pa.googleapis.com/v1/thumbnail?panoid=UV2rWhJpiPzG6488qhOKyQ&cb_client=search.gws-prod.gps&w=1920&h=1129&yaw=218.3976&pitch=0&thumbfov=100,local brand thời trang,108,2026-08-17T05:05:14.949Z
B,171,67.5,Push Push Official Store,Cửa hàng quần áo,"20 Nguyễn Văn Nguyễn, Tân Định, Hồ Chí Minh 700000, Việt Nam",Tân Định,Hồ Chí Minh,,https://pushpushww.com/,https://www.google.com/maps/search/?api=1&query=Push%20Push%20Official%20Store&query_place_id=ChIJkZ7eIAApdTERBEMjTKpWvTk,ChIJkZ7eIAApdTERBEMjTKpWvTk,4.6,40.0,False,https://lh3.googleusercontent.com/gps-cs-s/AHRPTWkdUGWFqH-evGs0PbvnP3pcSFGWBg9VoSi0z6IsksJ7oOqdM2L7bG68EH6HgXe49yb1noZ-DJ2XUz0nLevePcO6EblhXRtUcuWfIa-rbJiBzK1vPeoFw83yvYzvYGK2D-gScrH9g4N3fO4U=w408-h544-k-no,https://lh3.googleusercontent.com/gps-cs-s/AHRPTWkdUGWFqH-evGs0PbvnP3pcSFGWBg9VoSi0z6IsksJ7oOqdM2L7bG68EH6HgXe49yb1noZ-DJ2XUz0nLevePcO6EblhXRtUcuWfIa-rbJiBzK1vPeoFw83yvYzvYGK2D-gScrH9g4N3fO4U=w1920-h1080-k-no | https://lh3.googleusercontent.com/gps-cs-s/AHRPTWlSo0QZexYWwFtfDeo0MedTSl8M9efzNhUsHtU022zgAJC2DNz6RVS9Bl6gOXVwDkMiDuWK9alNJfyTUvUzurc2QIu3J-KEF66RJJ6c7V9WvU8hpJFZ7mRwicrCgLFKqtgZ8ToGAScp6kBR=w1920-h1080-k-no | https://lh3.googleusercontent.com/gps-cs-s/AHRPTWldehxE6FKuNfOmnkJiBit5Ywl6rEhF-SUIjARZ-WXFC3-rPiDilG9v9ni95E2AqzzNmbwlv9TN6oPSv7-RROhce6UkJhaZVgKAc2Ypymf_oAv3xi4vim-HkCR95N6Z0G7l3F3UN9x0WTG-=w1920-h1080-k-no | https://lh3.googleusercontent.com/gps-cs-s/AHRPTWnmzN8X6NM3EUJufHCcYkVmMbZseWmQEMNIsMOK61gu37GZHUKt1pEMPUurTHZMZwv2aa5uS0Fb2L6YE01l8jgNko2YbYcjunIZAvx8934eqhEv0QPSd6-noQRKOgH-0zoMCIVRiow2gahj=w1920-h1080-k-no | https://lh3.googleusercontent.com/gps-cs-s/AHRPTWlORXjVZf54cgBIabansEiYNxXKx_MiMe2V_lE123WBkVLq9bCuzTnUmawOrFVkICMcjxXBOyDI71sdqVGlHQtAngrgVE5Iy476eCbSclvPbxNrKS1DAvTd3TZsZrzj6M95YWXsmSMvl2Y=w1920-h1080-k-no | https://lh3.googleusercontent.com/gps-cs-s/AHRPTWl-SXgKhdrt-MIB2rEwjTz6ZYOByuYGH_S5HY5ZFSL6BW-L1sz0PqQsrXp0v2Q4e4IJp261KFWtLrG7U7x74Z5TtCZr-w7UqPmgdLpHA8KQpVjkZVFcnsbBl1_aIXEpyBil0SygP29Eb0M=w1920-h1080-k-no,streetwear,10,2026-08-17T05:03:06.962Z
B,172,67.5,Parahub,Cửa hàng quần áo,"8A Đ. Trần Doãn Khanh, Tân Định, Hồ Chí Minh 70000, Việt Nam",Tân Định,Hồ Chí Minh,,http://www.paradise4saigon.com/,https://www.google.com/maps/search/?api=1&query=Parahub&query_place_id=ChIJz5jV_5AvdTERn7yqPhEpJvQ,ChIJz5jV_5AvdTERn7yqPhEpJvQ,5.0,275.0,False,https://lh3.googleusercontent.com/gps-cs-s/AHRPTWmmiObqWCmBFDf0mZ-CZKZiffCk4f8S8-1n-KYrwZxRBqeQ31BuQmojOVFNNgZNqRXyn2J3RE5lkuIKybw-Fl8MhzE-o8aL_hAM_oYJ0UhcjFC_aCeK01LKu887ZM4RtSJzwhFAjZ1v_Sg=w408-h544-k-no,https://lh3.googleusercontent.com/gps-cs-s/AHRPTWmmiObqWCmBFDf0mZ-CZKZiffCk4f8S8-1n-KYrwZxRBqeQ31BuQmojOVFNNgZNqRXyn2J3RE5lkuIKybw-Fl8MhzE-o8aL_hAM_oYJ0UhcjFC_aCeK01LKu887ZM4RtSJzwhFAjZ1v_Sg=w1920-h1080-k-no | https://lh3.googleusercontent.com/gps-cs-s/AHRPTWm77pLuXw4g4qcExpORFXjSClgY-Va9euocILxAjyLJKS3q7s2rHQ_Io_5vbeNf9D5ZLW7K8xR-xteQG5373R_jP5ZCnU1BXq4DqZvqg7ci99kfTYlHjhl9dIRYoOYEuSpRiaBGcdboFPpR=w1920-h1080-k-no | https://lh3.googleusercontent.com/gps-cs-s/AHRPTWndYFSyn-wc9I8eupA89hLvC4_3CaNqOo22HPaDg9CCltLgvSQ09yJvev-TjJox3zJdmzPnAJyrs7N9uWPZtY9Lw3RO9thLO3TzWy_1Lk3__L_wZvU4G83h3AwZQYm2clt6idPiaEMBixjN=w1920-h1080-k-no | https://lh3.googleusercontent.com/gps-cs-s/AHRPTWmhrR-qGtw9pJ1KTxD3Fm6NgOEfBPsNUXdHuDm1V4gUELaWgpV2srpVD94TGNtkwbQ9D-wd5e8DJ7UEjmmaki2D3hZrtm5CladJ1PJnDHv3FTIFSKF5JylEadYVjpI4WidLKfeinZAaSguq=w1920-h1080-k-no | https://lh3.googleusercontent.com/gps-cs-s/AHRPTWneKVBsbc-oMnTZolStRzcIsLFV8D9OVPuGqOB4LVDzTA3qsrB-wAtY0fwnWQKG7SUvOHaV9d5R_sTmb-oDGE8jgoFMmZVSFtI6jBKJs8ELEBcPiQXlVlZfiMqZZtBn4Bi3lo20cbfmeDE=w1920-h1080-k-no | https://lh3.googleusercontent.com/gps-cs-s/AHRPTWm6Ans2vOJMig81i0VcFuBsPUcEUax2F7DgzJt1kmR74MFckXM4tXk3LWjZNduVzHaZEQHpkoV442UrRtT8puDgryYW6Xq6ljv_H_TWYqJ8QuNPFRTTguCe8N-1ZsGewT2fXrXyMblRtT0=w1920-h1080-k-no,fashion boutique,110,2026-08-17T05:05:06.575Z
B,173,67.5,BY COTTON QUANG TRUNG - CỬA HÀNG QUẦN ÁO NAM,Cửa hàng quần áo,"476 Quang Trung, Gò Vấp, Hồ Chí Minh 70000, Việt Nam",Gò Vấp,Hồ Chí Minh,+84 707 397 368,http://www.bycotton.vn/,https://www.google.com/maps/search/?api=1&query=BY%20COTTON%20QUANG%20TRUNG%20-%20C%E1%BB%ACA%20H%C3%80NG%20QU%E1%BA%A6N%20%C3%81O%20NAM&query_place_id=ChIJjb18UispdTER4UVhiasFq_E,ChIJjb18UispdTER4UVhiasFq_E,4.4,49.0,False,https://lh3.googleusercontent.com/gps-cs-s/AHRPTWmdjx5AkMHjvGIun_oCwecqWlcFbC9vVp36RkpHn8fpi0ap5HYH0pQHG5_-JmfhDKG_jEeamAeGRsKFs4ktot634mOGzqR0HGeFIFa0Wjwg5LokSEsz28vXSxs240UdqFdogiMC=w408-h481-k-no,https://lh3.googleusercontent.com/gps-cs-s/AHRPTWmdjx5AkMHjvGIun_oCwecqWlcFbC9vVp36RkpHn8fpi0ap5HYH0pQHG5_-JmfhDKG_jEeamAeGRsKFs4ktot634mOGzqR0HGeFIFa0Wjwg5LokSEsz28vXSxs240UdqFdogiMC=w1920-h1080-k-no | https://lh3.googleusercontent.com/gps-cs-s/AHRPTWl5gYgXPgm2pxX3pSLB6liwplwn13o0q3JI0YPX7QQxMnhVyjThGfLkQdZrvw-gA6FnkYhSKHfCkkC8oqf1HcOK2CE8f6tUE7BTjj6WTyv15sF5TBrstDWEYrj5b8kWDodCS9vICJPW9Ak=w1920-h1080-k-no | https://lh3.googleusercontent.com/gps-cs-s/AHRPTWkoUgOy0Xp-hi9bpH5ifSO-jPKuwtq1SPOTnz0m6ewbUsqM0KheeGGONSmEih4MOFkEnxoEBr2sAm1Zb4sj2qPCxCLcsGnC45Yru0uT8p08N4zqZguwQVVq-xufHJgsP_cAtkEv_NXZa03U=w1920-h1080-k-no | https://lh3.googleusercontent.com/gps-cs-s/AHRPTWlpZd3XxYJD44ThRsR_QpwYjF-tUClLA5oDr1l5m48fOsgcKueX4Lj3TI64nx6_FlcUsRXzePtISatdz0RRaxn-e2jGOApBaYHzljfMVTORWNM_CoVxBzakLCIOD4BQE3S8Fe46MCxY7_dn=w1920-h1080-k-no | https://lh3.googleusercontent.com/gps-cs-s/AHRPTWkmJ-5riQih8hrawn41LnSprG_wnRUVaiBDszGcXpkbXpcHExqAIq6m5Cx7uTLT1EB_d-eGH4z8SiSJ2jV1E5fHs-XF6ftDigQTJzOa3686GxpmBEtlA0q53Eq4Dsdn46HNS3CaPhe-UR4=w1920-h1080-k-no | https://lh3.googleusercontent.com/gps-cs-s/AHRPTWmvLVoMJr2gE2hnG_qP2OPnlIuLCOYR1olgnGmXqmelP-55_KiWHoT1V6eUkxpd0e7pOY48oH_oqrkT9Pcrs08O0xxDzcXtTKdl4eXg1Cxl0k3Luc4x4Qw3zZEQzHYEd20vVwcZVWETiO2x=w1920-h1080-k-no,shop quần áo nam,111,2026-08-17T05:05:38.437Z
B,174,67.4,Mèo Boutique,Cửa hàng quần áo nữ,"167 Thống Nhất, Thủ Đức, Hồ Chí Minh 70000, Việt Nam",Thủ Đức,Hồ Chí Minh,,https://www.facebook.com/share/1BVJZZGDxa/?mibextid=wwXIfr,https://www.google.com/maps/search/?api=1&query=M%C3%A8o%20Boutique&query_place_id=ChIJ-bJzWgAndTERoGDZss37j1g,ChIJ-bJzWgAndTERoGDZss37j1g,4.5,8.0,False,https://lh3.googleusercontent.com/gps-cs-s/AHRPTWlkVpaK39gakmsDXgXWcAMHvsTNLIdvaEJcKTpfU887yxOaI7tqz1MQvsKADaNjFhDcupEGzrwtnKoXldRPoRE6DHAoezCLlwfXjVEveTNMzxQdhl9SS0lIYHt5-UoSipuuxM4n=w408-h540-k-no,https://lh3.googleusercontent.com/gps-cs-s/AHRPTWlkVpaK39gakmsDXgXWcAMHvsTNLIdvaEJcKTpfU887yxOaI7tqz1MQvsKADaNjFhDcupEGzrwtnKoXldRPoRE6DHAoezCLlwfXjVEveTNMzxQdhl9SS0lIYHt5-UoSipuuxM4n=w1920-h1080-k-no | https://streetviewpixels-pa.googleapis.com/v1/thumbnail?panoid=1P3jKyjgoRJS88NXPeCbJQ&cb_client=lu.gallery.gps&w=1920&h=1272&yaw=280.14465&pitch=0&thumbfov=100 | https://lh3.googleusercontent.com/gps-cs-s/AHRPTWlk7RVmTeQZkLbP-Pfb68u0JweZJW5UrcCtuTM5D-Jx3ZhKMGeLYOo11WPCnAsCUP_n2Jl34TBj7lTySetv0Pt2rWwffm-P90a1SI4D8MqK_6HuDFd_FhqIrg0pLfMCdlu5x0A=w1920-h1080-k-no | https://lh3.googleusercontent.com/gps-cs-s/AHRPTWnXYySEobSpuOpkFcHcCfCGaPQ-yCErJb2gY5zUu2K7ZadX5UmNBTBI0XqF8PU-yST8KapYzoJWa3sCPNZNNvR1FuixftU5JhCygyHihJnbDh6ZIZHLOjS5jrIrMwGCCFeUHpyA=w1920-h1080-k-no | https://lh3.googleusercontent.com/gps-cs-s/AHRPTWnD-ZUyui7GGeVeGYz1Zru5M2n0hrOpvUuIOnGHRt9py7IrYRYDmkwYgs663gzxTRvC49NCrN76AD9C6CZTQwVCndVe6k92i36W_h2zrcajO43bkBjMFJhQMZuvVxQ7wuTetkvU=w1920-h1080-k-no,fashion boutique,72,2026-08-17T05:05:10.837Z
B,175,67.3,LOCAL BRAND HORSE LEGION CỦ CHI,Cửa hàng quần áo,"3b Đường 85, ấp Đình, Củ Chi, Hồ Chí Minh 700000, Việt Nam","ấp Đình, Củ Chi",Hồ Chí Minh,+84 971 297 311,https://horseshop.vn/,https://www.google.com/maps/search/?api=1&query=LOCAL%20BRAND%20HORSE%20LEGION%20C%E1%BB%A6%20CHI&query_place_id=ChIJ39osVbYrCzERhf0BVBQ5bW8,ChIJ39osVbYrCzERhf0BVBQ5bW8,,,False,https://lh3.googleusercontent.com/gps-cs-s/AHRPTWnUQkJZr3Y7jxC2yK1UQ4SEvGhGQi1SzIL37wrERYs0tdQACRtIu8knSFEHcKBMXbeKH5R4b-o0UfZNCHP3t_oKZAEhfatTtMu_TXchN1qiUb31nVJjukTjLSJhcehH0lFNVg6rNQ=w426-h240-k-no,https://lh3.googleusercontent.com/gps-cs-s/AHRPTWnUQkJZr3Y7jxC2yK1UQ4SEvGhGQi1SzIL37wrERYs0tdQACRtIu8knSFEHcKBMXbeKH5R4b-o0UfZNCHP3t_oKZAEhfatTtMu_TXchN1qiUb31nVJjukTjLSJhcehH0lFNVg6rNQ=w1920-h1080-k-no | https://lh3.googleusercontent.com/gps-cs-s/AHRPTWlRXPDK0GyOxtN2JaO8y9rrmPHcyK5nfK0-NXD-TH7180cp6WulCdlPxg99LAyHEhqJKr0dsIJa-80JRRJ2RiDIfhHsyxbL_esUYGc5syVwwFi6c74EQ5UkZaY57O6sOVjuMJCn=w1920-h1080-k-no | https://lh3.googleusercontent.com/gps-cs-s/AHRPTWn1yFu8yi2j4qUjpANYrsALXjmNzWTrc8w9zfwrL7DVqLuXt1jwzFdrPiJQQdThN2OnXj5XB5C9jAyhbkb9_epu8c8W_FApSXGVnVYDdoYvt4MzApWmf3bMgeThO_SOtPrY4YDduQ=w1920-h1080-k-no | https://lh3.googleusercontent.com/gps-cs-s/AHRPTWk_x1GHaa52lIymeG-0VREtfGs_SUbbtZNIKznyAaYq-o1bSQZtR62fu8KCGMQktKUY_Ln5Mp8T5RA1HxW2keiINyYfz_5g9zWL4aAbn0ZHxg_kaPeIUgiV_1vVlGyoIrjTGCow=w1920-h1080-k-no | https://lh3.googleusercontent.com/gps-cs-s/AHRPTWlrcMK1oHIhhiGN0EvDPlxZ5epLcw00X04_IMHpFy8qriA45XHmSPsoo8I-PTiHsrm4iSz8eHEkmlk0mrIzFN_aNazKj1oQn5n12d2cRc-2xW9mKxFVfOr3lKYZu47gfDTztkJ4gw=w1920-h1080-k-no | https://lh3.googleusercontent.com/gps-cs-s/AHRPTWl1pTWRE9m7_ejag8LBXLPJ7oIVK8AwekVS0QeBzg0rZvEAkmqLRyZDhEr9yE2Pk_Cdz38jE9tnS39AagT6_KsO0CyI7VT89yFh5LMjm13EjbfKuP6u_bij3YSyp_Gvef70redZJw=w1920-h1080-k-no,local brand thời trang,14,2026-08-17T05:04:20.239Z
B,176,67.2,Steal,Cửa hàng đồ cũ,"Lê Văn Duyệt, Gia Định, Hồ Chí Minh 70000, Việt Nam",Gia Định,Hồ Chí Minh,+84 762 727 438,https://www.facebook.com/stealori/,https://www.google.com/maps/search/?api=1&query=Steal&query_place_id=ChIJLwGRsa8pdTERsGg0eWKa-14,ChIJLwGRsa8pdTERsGg0eWKa-14,4.7,93.0,False,https://lh3.googleusercontent.com/gps-cs-s/AHRPTWmSvHvAsIDdiTgXRjuniBeYOfRw0-bkoPR3CMhf_9NmWS8d7zjhplRugi0HXpZuCxlMVcIhaCH7Mz_PUeg6ObdUaFzJk_psyBOUPO-s85AHyYDoRj5RGblAEjDdSYph2l7lV-FE=w408-h408-k-no,https://lh3.googleusercontent.com/gps-cs-s/AHRPTWmSvHvAsIDdiTgXRjuniBeYOfRw0-bkoPR3CMhf_9NmWS8d7zjhplRugi0HXpZuCxlMVcIhaCH7Mz_PUeg6ObdUaFzJk_psyBOUPO-s85AHyYDoRj5RGblAEjDdSYph2l7lV-FE=w1920-h1080-k-no | https://lh3.googleusercontent.com/gps-cs-s/AHRPTWnwm0XdSX2-UVGHNm-NX_P3ST7XnPxKA6AQeGGfAwQmqQDHW7tb_6yNtRcb2M-T-Td7KaffHSE_7nRO3bVRzLIxHiKSz_5gLIHSokpMRQC8U-QN5HJHlZas6yzgEFq6H3ZpPXOssSVtA3ph=w1920-h1080-k-no | https://lh3.googleusercontent.com/gps-cs-s/AHRPTWm_ZuzbIwxwqQ8OKQDNpdHMjd8lI7wQ8-oVJ5jf_kBqe9yBlxjkUx99IVvPao8GRzgYW09_jHr4tCz31zMGO6Q6FrD4d6p_KP1RLdusZp-ozTvBX9h5LJ7yThMfeO0kYyiNv3Ldhg=w1920-h1080-k-no | https://lh3.googleusercontent.com/gps-cs-s/AHRPTWnMn8Kur41fMOg28jkXF0yQYiDGDZ3NHX6eEdhEbm2tQwBWstK8RGRxOjSbMRoxHojBra4XWYvklkR0b4NOLPzeusyjIsaTKHrC2Sfs9AtkRDdG455twHfgqLcyLY5tIEu2CCuG4iFzGGIG=w1920-h1080-k-no | https://lh3.googleusercontent.com/gps-cs-s/AHRPTWkuWmCpgG4MTTZIvdBxD23-TkbvWqu8iibX7Ur_m3V14rOw41IgPIN8cGEyVSbBhH5B0SYnuF7DnfqMdpatE5Pkw6vaMceslV4v3c2plt5tEwAb8BVBDKhUyxo8KNuEXGYWPxr2=w1920-h1080-k-no | https://lh3.googleusercontent.com/gps-cs-s/AHRPTWmmiX7iNRJAjw5Uh0aGG1j373st7DD2eaD5r5jplL-ZHu-wXwGW4vfxgH6NLJD-BDhoMfVzSIUxJbCYTLVgC_T5gNzsjwudTNjiPgo7hekmMQyMUJqV2AWv7KXayFhPvA9RfkIl1g=w1920-h1080-k-no,fashion boutique,116,2026-08-17T05:05:02.100Z
B,177,67.2,1979STORE,Cửa hàng quần áo,"447 Quang Trung, Gò Vấp, Hồ Chí Minh, Việt Nam",Gò Vấp,Hồ Chí Minh,+84 784 851 979,http://1979store.com/,https://www.google.com/maps/search/?api=1&query=1979STORE&query_place_id=ChIJW6I8fjIvdTERwQPYi6wgye8,ChIJW6I8fjIvdTERwQPYi6wgye8,4.6,5.0,False,https://lh3.googleusercontent.com/gps-cs-s/AHRPTWkcPtM1F_I_BB-fx1ej42G-vEYaPFJrgeNct3noUcDV9iPPvlBoJXiI34z33G58BKa2kwJNG6A_da526WAIu4N-dTbbNUsh4opWWDlgWTgoB8btL8Uw4_7YeiT3Hec4kC0mICK5=w408-h544-k-no,https://lh3.googleusercontent.com/gps-cs-s/AHRPTWkcPtM1F_I_BB-fx1ej42G-vEYaPFJrgeNct3noUcDV9iPPvlBoJXiI34z33G58BKa2kwJNG6A_da526WAIu4N-dTbbNUsh4opWWDlgWTgoB8btL8Uw4_7YeiT3Hec4kC0mICK5=w1920-h1080-k-no | https://lh3.googleusercontent.com/gps-cs-s/AHRPTWn1hNM6Bn84-Om5ipaO7wcq5c6DNbh2RSTrGpLaxWzI4lKpGauBZLFRZWGLq3l_PSvvAd-fs2UMYPfVdg1dBxZSkmZ3Yr4ora4wjd0aWlE4BEZbyOeSBF5m98uYmFR_QfBQkndG=w1920-h1080-k-no | https://lh3.googleusercontent.com/gps-cs-s/AHRPTWkLdGDkyPR6drH2b-s3zTnq7w7l6r0A5fxdp_FO02CN7M80lZGx6fieAU-OqFL9aFqQlV8AyK8fgfdTh5jPQ8AJzPVIX-dmNelKtGxD1_wwNZ9-9uWrWs1wTXjJnTAs38rCF96W=w1920-h1080-k-no | https://lh3.googleusercontent.com/gps-cs-s/AHRPTWleuFxEsPoB_6vgm1zwElhMoSwLp-9sFHNItPwhjz9uK8Wx7ntqt0kMvt5IDzuREEW09QmFqDZcnTSFdevWqEg79HW8xnNOCjawCi2UHJk73vkzA-k77j792CYOpyP557Rt3tcTPw=w1920-h1080-k-no | https://lh3.googleusercontent.com/gps-cs-s/AHRPTWkEL9faCpIyPYY935CSjytEfuzhCHx5SOqlHwjcFO4yRh-mEpod33SdTT_uR42D-tYQjTGORaINuutIGr1jyglspnMLqBn7LE0TP0d-CiAvxqRMS5YxtIi5JZEypiiO-PIdIvkP=w1920-h1080-k-no | https://lh3.googleusercontent.com/gps-cs-s/AHRPTWmdvP9trsNEpRuCK1OaYtGwNq8hG7yvsQiiVazKHq2hs1gwTh2NeZhPHPR8z_d3jQDKJkEK-yd4OswM8AwQvTMR4PNvNfnxAew1CeYmmZKNtNTd1HYMbBY_F0BqcEHmMJs9R3npbw=w1920-h1080-k-no,fashion boutique,77,2026-08-17T05:04:56.867Z
B,178,66.8,Thị Quỳnh Shop thanh lý thua mua quần áo,Cửa hàng quần áo nữ,"2002D TL8, Bình Mỹ, Hồ Chí Minh, Việt Nam",Bình Mỹ,Hồ Chí Minh,+84 961 257 062,,https://www.google.com/maps/search/?api=1&query=Th%E1%BB%8B%20Qu%E1%BB%B3nh%20Shop%20thanh%20l%C3%BD%20thua%20mua%20qu%E1%BA%A7n%20%C3%A1o&query_place_id=ChIJn4VeZQDRdDERdMZxVeUKh0Q,ChIJn4VeZQDRdDERdMZxVeUKh0Q,5.0,2.0,False,https://lh3.googleusercontent.com/gps-cs-s/AHRPTWm0C7V8BfgAVtCueoVS68UEmgPfX0IcovsiBmshqc_d2F9jiVFvxFjp_GaT6LGDlZBGOfJjo2wQ8XDZdv1E9QfyuZde43L3yTfneG7TeoQ9XIBhrDkPhOQK-K6zaNoV-00_p4RTOAF19kFl=w408-h544-k-no,https://lh3.googleusercontent.com/gps-cs-s/AHRPTWm0C7V8BfgAVtCueoVS68UEmgPfX0IcovsiBmshqc_d2F9jiVFvxFjp_GaT6LGDlZBGOfJjo2wQ8XDZdv1E9QfyuZde43L3yTfneG7TeoQ9XIBhrDkPhOQK-K6zaNoV-00_p4RTOAF19kFl=w1920-h1080-k-no | https://lh3.googleusercontent.com/gps-cs-s/AHRPTWm_epHjwsJqnF8Dm5oBPJ4Ojbao-6ZwtmFbBhpsd7XVrapPep7XE-C9UbCelSJyxQn0TEiwmf7LO5qL1ebtwdQwHSFkHJCX08JGBVf5RWTdxguTAb6ERRN3lwNLCFVPMV0RKLYzbVPHDJLo=w1920-h1080-k-no | https://streetviewpixels-pa.googleapis.com/v1/thumbnail?panoid=_Kxe4nGvKguX5KYcIqLhxA&cb_client=lu.gallery.gps&w=1920&h=1272&yaw=149.00456&pitch=0&thumbfov=100 | https://lh3.googleusercontent.com/gps-cs-s/AHRPTWmdKSgB_2xSib6LqmFYFA17o8nPMRp-DGOnqy2imqJXAzQ3hF1lk6CMmV0eLDia1gRp4cuyT_HtSY5ZG603JKxUvMM_SzbVM3AOS_yKdUrtUT1uY3qJAxPPCsVP7n5BHjb9AoUqLahEFGfo=w1920-h1080-k-no,shop quần áo nữ,44,2026-08-17T05:04:22.799Z
B,179,66.5,nay mai,Cửa hàng quần áo,"393/7 Hai Bà Trưng, Xuân Hòa, Hồ Chí Minh, Việt Nam",Xuân Hòa,Hồ Chí Minh,,https://instagram.com/naymai.day,https://www.google.com/maps/search/?api=1&query=nay%20mai&query_place_id=ChIJGbyOLgApdTERZI9Qn_NIWlg,ChIJGbyOLgApdTERZI9Qn_NIWlg,5.0,175.0,False,https://lh3.googleusercontent.com/gps-cs-s/AHRPTWmHviowbioPMrEegke9Ed0p4Nv5EYsnN5iV8rd8N1zmuR5ISHw2JQkBUdJysH39ivKqSvKsmF2F2BGpK6iQzeU7Qmpx5Lwp3wPWFl_CwX-YdIfo2doeWy8AMx6S_f1ZL1CzzizGVLZQ9vDN=w408-h306-k-no,https://lh3.googleusercontent.com/gps-cs-s/AHRPTWmHviowbioPMrEegke9Ed0p4Nv5EYsnN5iV8rd8N1zmuR5ISHw2JQkBUdJysH39ivKqSvKsmF2F2BGpK6iQzeU7Qmpx5Lwp3wPWFl_CwX-YdIfo2doeWy8AMx6S_f1ZL1CzzizGVLZQ9vDN=w1920-h1080-k-no | https://lh3.googleusercontent.com/gps-cs-s/AHRPTWlyN9jp1gcARqKjg8ecj6UXPVBDYUYCyLg_T85RYZO7AplXdEUJfJACQYmVOE1Y5O3Jo7gZaqBqF2nwJhjL2lZTr9UOJqbdRqSbqzuYfIY9K66rDzjqJKI6A6VskvX1-PVQ1oRNo6j2b5Y=w1920-h1080-k-no | https://lh3.googleusercontent.com/gps-cs-s/AHRPTWk97ApRxpm767cczBE6Q455qmVlz_LGA4ogu0H9g_Kh8eZrdeDuck3zB-Q14Vxv48djqUPX-8A56urJMGyQE9P9GyIIRdMOO-wDpx19bKVVArSpDAR3zbs4UjutZwAZjbUGsHnRM-nQV1c=w1920-h1080-k-no | https://lh3.googleusercontent.com/gps-cs-s/AHRPTWnI-BoCFkrofI0ZG4tJxewiwzB0z6LM5ku3JirUNp1RnCVpQ1wc8L8ga_pVYSWJGXCT4euHMzV6yyzoSIg0UgHhK6FhYDTn35IpEAUBMdEIgC2Qkrhne2SsgCCcBCDS-rUTy92vbutiOSCO=w1920-h1080-k-no | https://lh3.googleusercontent.com/gps-cs-s/AHRPTWn7uXT26OHR1QQo12serE5AohZiYf5Mrbvyq49MqBOWq0V0fvM1Fhm_SgBjlEowcrnF4qcswEQ7LS27XUgqFDnWV_sXPvtmB1_r1ovfQzm0HzFtqXvsu3A2ayIKpTMex1X4gKwEMo06Dm0b=w1920-h1080-k-no | https://lh3.googleusercontent.com/gps-cs-s/AHRPTWmonu5T1nLEybPAAXRhViIEd9BNLav79kuFttuWkDnd2BH2OS0w54nfZsrf0YFYejrxX9w2pqnf8aceV0p7c4ctW0sbAeeTjzbtFwydrHrqj20ur_X5X3hO8V46EqtlbNsGNAJ-eXTsa-DJ=w1920-h1080-k-no,fashion boutique,89,2026-08-17T05:05:00.166Z
B,180,66.4,Tân Định Vintage,Cửa hàng quần áo cổ điển,"53/1 Trần Khánh Dư, Tân Định, Hồ Chí Minh 70000, Việt Nam",Tân Định,Hồ Chí Minh,,https://www.instagram.com/tandinh.vintage?igsh=MWlkNnprYzZkanExeA==,https://www.google.com/maps/search/?api=1&query=T%C3%A2n%20%C4%90%E1%BB%8Bnh%20Vintage&query_place_id=ChIJ-fop1t8pdTER6OXNgRA93u4,ChIJ-fop1t8pdTER6OXNgRA93u4,5.0,2076.0,False,https://lh3.googleusercontent.com/gps-cs-s/AHRPTWk8NUEpgp-h1hNW1ZBg3Sihx-jM28anONsAWwqKFQcX-jxYOf0ukcc8m_l7HzXuslMH4iQCTw30HYTKlceytvIiT0Ke6SlYuPRqkGpDaP4grFH_ZoIbPHHhASABvJGTvCLrVySstHIXFAc=w408-h408-k-no,https://lh3.googleusercontent.com/gps-cs-s/AHRPTWk8NUEpgp-h1hNW1ZBg3Sihx-jM28anONsAWwqKFQcX-jxYOf0ukcc8m_l7HzXuslMH4iQCTw30HYTKlceytvIiT0Ke6SlYuPRqkGpDaP4grFH_ZoIbPHHhASABvJGTvCLrVySstHIXFAc=w1920-h1080-k-no | https://lh3.googleusercontent.com/gps-cs-s/AHRPTWlc7bG-09QqOnPc9SyGP3PqQmSD53E0OsDgPlK2cbGtbtY49YsuzHycZOeFSGg12q77zsLkihpsxqbSGWwzBjPR-NHr6Zw52sXXuS4gDrH4Kj4LoGgykzJP3OCEDLVw-mYBxUcUqw2SdNU=w1920-h1080-k-no | https://lh3.googleusercontent.com/gps-cs-s/AHRPTWkz_CCGKbgSXtL9bn9t6OCPsxJKwQ1tX2FEl7703FiE33nh_UgRl6-B998-Wnw9i4QzrNoURmBdEJJdytAiU1brrfKZsqUDJ5nYCb_rosccoHZY_kGAwV5vSw20vbfCQwj0v6nak1jk7Vdx=w1920-h1080-k-no | https://lh3.googleusercontent.com/gps-cs-s/AHRPTWmqG6_L8nsLXcUmFP1BzZxt2YAfKWvyvypzJoYNk0GjgYkkNBNyJvpbqn_QOVMzP-6dO6QhG6U_m-U80v8DogAMqr228pu6Otg6n27QDZnN3eyECJkSrwHHg6YiVsYAAn9EgHBIi23DNi0=w1920-h1080-k-no | https://lh3.googleusercontent.com/gps-cs-s/AHRPTWlJfIfdEkqMo7y7rT2gyGzRx5QFfG4-HRNNUufi1apFQI4havuA0DA_SibQiygN3pSD1qWR26jVEeYIy3Podk4duivvpG7jtQKtspQs7wKJsRGLTHwJc9PuOOFgZhMDdCZ9bdZ-kdxtzEXY=w1920-h1080-k-no | https://lh3.googleusercontent.com/gps-cs-s/AHRPTWkBbQ3zWD11vDcS_DfUfD3FQ3D0xClZb1NlvwgXcv4ibder0Q_kdIH2o5EddAPUdY-bkafc4lNzXG8Zgk6QNsEOyyQ4aeAX88Heqn2jnj5cQU91bguVUaiCBRnoVJGo0BrjdMy82iJiULuE=w1920-h1080-k-no,streetwear,12,2026-08-17T05:03:24.297Z
B,181,66.4,Ruych Studio SaiGon,Cửa hàng quần áo nam,"421B Võ Văn Tần, Bàn Cờ, Hồ Chí Minh 700000, Việt Nam",Bàn Cờ,Hồ Chí Minh,+84 937 802 655,,https://www.google.com/maps/search/?api=1&query=Ruych%20Studio%20SaiGon&query_place_id=ChIJ15tDHwAvdTERBZu4tcOIj3s,ChIJ15tDHwAvdTERBZu4tcOIj3s,4.3,119.0,False,https://lh3.googleusercontent.com/gps-cs-s/AHRPTWnebuC5H-0spk8Eyk5PkJmHUiLH63Vtn0punICOQidR4_RbF7XOkIjpiOtpLnckdk_JMnnmsDgzxizAvqsW5fdZKwlr20ubgmiy7f0YIzfSfDOak9OASdgH57RG011K6F06GuVgxBdME68=w408-h544-k-no,https://lh3.googleusercontent.com/gps-cs-s/AHRPTWnebuC5H-0spk8Eyk5PkJmHUiLH63Vtn0punICOQidR4_RbF7XOkIjpiOtpLnckdk_JMnnmsDgzxizAvqsW5fdZKwlr20ubgmiy7f0YIzfSfDOak9OASdgH57RG011K6F06GuVgxBdME68=w1920-h1080-k-no | https://lh3.googleusercontent.com/gps-cs-s/AHRPTWllF5ilHQFDA1KqKjb_GZl6UlhK3DLh2q-GJky5a-WaXo0HTK9cxiA89VCsZZNZLbr2FOmAxFwt16XrZkU8LD_GfyHNbjFqbXKf0B3mmqdTBS5kKveO-rX4AaOeKc1eQYgeC7mH5u3W_wmb=w1920-h1080-k-no | https://lh3.googleusercontent.com/gps-cs-s/AHRPTWlpdlqJBFjwdw1BeVWs57m52g0dljgyBW9gjrWfeaBmSoWWUiL5hMGdltQVJdBNDLS79PnGWIFsssWsajimJwRqtMZdC8UHCWWiUePw2_YkNuEfnKPKIn4qJ6bybcdSmDYX9VV1W5lZPnU=w1920-h1080-k-no | https://lh3.googleusercontent.com/gps-cs-s/AHRPTWnnbFPzctXm-zpmhSvtYcZ2rarOzfUGsCvczzclTyrBm4NKoKoSP0Z0hub11WHsD87ENCXr56tdWs8pvfaTpIetB0bxYRytwdPHBghTWBHrtYpE7oSXMLbCbrPsVJ2XoNDo9hrAac3HJrmz=w1920-h1080-k-no | https://lh3.googleusercontent.com/gps-cs-s/AHRPTWlmNhZmVmFqt0tk8WSXOr1GqIQ8IPRXPm3w3Vhlw4gHS_9mSqULpJp8_IE0fGVO85Mj0LnN5tN6nYqYkCDrY-A8Zvg4wTbenXdJZWckuM8O7jk8IELoiDS9Dwl8XeMnyibigwH6_R6GGO81=w1920-h1080-k-no | https://lh3.googleusercontent.com/gps-cs-s/AHRPTWkPxRT1cV6N-lot4B-ruwa3XadsoTehgtnPjZ5rOFDVymD3DjduVsr1kSj2Y4pBtu6TDayrP0cE5dIGKl_HIRUwZi3fzsjCWyEkm9AFvnmYVfnea_Yhv-Wst1xGheqzygUd_7sDqTMG0UO5=w1920-h1080-k-no,streetwear,112,2026-08-17T05:05:31.768Z
B,182,66.1,HADES,Cửa hàng quần áo,"152 Trần Quang Diệu, Nhiêu Lộc, Hồ Chí Minh, Việt Nam",Nhiêu Lộc,Hồ Chí Minh,,https://hades.vn/,https://www.google.com/maps/search/?api=1&query=HADES&query_place_id=ChIJfRAczpIpdTERP4HDKH8knYo,ChIJfRAczpIpdTERP4HDKH8knYo,4.5,84.0,False,https://lh3.googleusercontent.com/gps-cs-s/AHRPTWnbLfDBrNPhnIZOQRNUuu9bQRIBT7gRx6jzaauI1oU6CW0GTZ6DZdnnKQo8vx30_bSV2CI5BczD2R5z3G-0eI_cqVp3mkopQFYrEApLReLy1MUds2OVUdLvmkhCLhngVM8b1Fka=w408-h272-k-no,https://lh3.googleusercontent.com/gps-cs-s/AHRPTWnbLfDBrNPhnIZOQRNUuu9bQRIBT7gRx6jzaauI1oU6CW0GTZ6DZdnnKQo8vx30_bSV2CI5BczD2R5z3G-0eI_cqVp3mkopQFYrEApLReLy1MUds2OVUdLvmkhCLhngVM8b1Fka=w1920-h1080-k-no | https://lh3.googleusercontent.com/gps-cs-s/AHRPTWmLBP0m1P4vEYmrQOGtnSJlCJ8pFd1eZxwq-I9stIE4F5T42h63yI9EG4eNhaUBtZeiczITcBlzO114047C8qR5Kq5Z2vmjlSzedK9PaX1nAs8OJ5CAEUOT9ZhYcWROOYnSDkjE2EN-K72t=w1920-h1080-k-no | https://lh3.googleusercontent.com/gps-cs-s/AHRPTWkZB80IzRCMUhu5dHBerxfBSAHqSRgLhW5hkT7W3BTaGYwZAxaD1UB2pb4_cMi2sBTNiqW6a_u7WH4Wm-Se75vPjJqDxIW3uIJb7Z6amQjVm-3N6GJWT5v9ULKecAClfLyN1Tzl=w1920-h1080-k-no | https://lh3.googleusercontent.com/gps-cs-s/AHRPTWlZgDmH0f2eiygXR2J3oqQeXo8G_5S18ZGkQqCNop6YF4DIaZsz6PIlvWOzSbLBYX3-0Jzszl6pLM0Iad196TlPo7tzhiHAjcqXDIui3Jdlk0XS22rno7jdzNDVhd2iWGF-vNDk4D6DSGU=w1920-h1080-k-no | https://lh3.googleusercontent.com/gps-cs-s/AHRPTWnaKflfIha0XygsGgaaoq3DtR5YolV1m_iJVYgXhpMWRKVKIPZdz_RVcx9KiDR97GxrbVvUcgLxk5xXTzBwD5pavDEywsnZSS63SXqXVbiPY_k7NO2rKXgGRDd3uKxGiue2WrAl=w1920-h1080-k-no | https://lh3.googleusercontent.com/gps-cs-s/AHRPTWn_ueMb6F-gAIKoPAKN48uhFAyttBaFyMjwyQvB-O2VZfYgJcD17Jty2pCnaW7NAJRMxbkkaFoWBDYcpgh9T68oHQoy-yh1fOBDvYnrzwHXbfebNmifZ9JyOzKEbX-9B6mrnynR5Lef9fRr=w1920-h1080-k-no,streetwear,78,2026-08-17T05:05:49.041Z
B,183,66.0,Thời Trang Công Sở Xuân Thơm,Cửa hàng quần áo nữ,"PMWQ+7MQ, 250 Duong Ba Trac, Chánh Hưng, Hồ Chí Minh 760000, Việt Nam",Chánh Hưng,Hồ Chí Minh,+84 968 120 388,,https://www.google.com/maps/search/?api=1&query=Th%C6%A1%CC%80i%20Trang%20C%C3%B4ng%20S%C6%A1%CC%89%20Xu%C3%A2n%20Th%C6%A1m&query_place_id=ChIJnV3H6acvdTERwsT1ZO1MgO0,ChIJnV3H6acvdTERwsT1ZO1MgO0,3.0,1.0,True,https://streetviewpixels-pa.googleapis.com/v1/thumbnail?panoid=0-w1APjaBpaM9aTz7P-NUA&cb_client=search.gws-prod.gps&w=408&h=240&yaw=255.79591&pitch=0&thumbfov=100,https://streetviewpixels-pa.googleapis.com/v1/thumbnail?panoid=0-w1APjaBpaM9aTz7P-NUA&cb_client=search.gws-prod.gps&w=1920&h=1129&yaw=255.79591&pitch=0&thumbfov=100,shop thời trang công sở,20,2026-08-17T05:03:27.201Z
B,184,65.8,"Ms Rosé Boutique - Thiên Nga Trading Service Fashion Co, LTD (Thien NgaTSF)",Cửa hàng quần áo,"Đường 16/51 Phú Mỹ Hưng, Mỹ Văn, Tân Mỹ, Hồ Chí Minh 700000, Việt Nam","Mỹ Văn, Tân Mỹ",Hồ Chí Minh,+84 989 053 509,,https://www.google.com/maps/search/?api=1&query=Ms%20Ros%C3%A9%20Boutique%20-%20Thi%C3%AAn%20Nga%20Trading%20Service%20Fashion%20Co%2C%20LTD%20(Thien%20NgaTSF)&query_place_id=ChIJ0aF1w_wvdTERVanZumpMWIM,ChIJ0aF1w_wvdTERVanZumpMWIM,5.0,27.0,True,https://lh3.googleusercontent.com/gps-cs-s/AHRPTWmPKoUwylsDuctUjODvGVRWYN9Pb8m-rbUnIpPmE499FA1H3oTJyrwP0oWNC4e54Wvv3pTe1EFy8rnSZ6jIpFfPc0kc3myQVpWbrLiPZEWnMRT53ydC10b1FCnwOsYI96eWxAmOQA=w408-h287-k-no,https://lh3.googleusercontent.com/gps-cs-s/AHRPTWmPKoUwylsDuctUjODvGVRWYN9Pb8m-rbUnIpPmE499FA1H3oTJyrwP0oWNC4e54Wvv3pTe1EFy8rnSZ6jIpFfPc0kc3myQVpWbrLiPZEWnMRT53ydC10b1FCnwOsYI96eWxAmOQA=w1920-h1080-k-no | https://lh3.googleusercontent.com/gps-cs-s/AHRPTWnrxTX8Zv3RcmCx-JL7-_q6ICGyMaE2OV507XHeWp-wjo6nIr8RHrnMLS271iCf1PKVHUhOS0MVgo2D9GFQTypc5nBAwKrL7BXtg9wdvNU0dWoVN4w0WyPHM-OJzyqxBJkLnk8BNjwk39DW=w1920-h1080-k-no | https://lh3.googleusercontent.com/gps-cs-s/AHRPTWm_sLzeXu0mBAyUu-sVAJoX1udnhgsCLd6z6vQF5aO2eQnWutswrNlWb3i2ISnvjdsqHFVmznzLqusglQgdHsB0QMWAneI92N7nh-r0stoZesHc8KRyF7lhvqBIgzfxSkSWJNp-=w1920-h1080-k-no | https://lh3.googleusercontent.com/gps-cs-s/AHRPTWn7ZuWlh8iTkVRFIKpxMMMN12FrhzgWirVSFK187_-YxfggcFgm5x3fjRwy4vxtuJW-xAxStwEZQLGaISKCLhtyJHeoOcyVE_uPcsN7X42JBn_vDXwswC5ZF_InK6_DmAHDdYbd6g=w1920-h1080-k-no | https://lh3.googleusercontent.com/gps-cs-s/AHRPTWnoMfMuBelV8lLL0GAQ8nhUktZTVeXfwXN0cv_LLfEIXs3B2TdEzkcugpvKw0zop0niXAnL5xvCUs1wGksQnZ-6qCO0svV37PPmDRxizDsekxNJJP90GKPVAxLE0ZJkpJY2jtigyw=w1920-h1080-k-no | https://lh3.googleusercontent.com/gps-cs-s/AHRPTWkuu82xD8HoX_t-JluVi1IRY3oU6rz7J7820-d-IZDRfV0OoC4wC7dXrWKqjuvHoPK4HSAyM1MdIBqaYOnHTUBPmpnTS5pH2PFHWvshGFsOeJtqSDV7adiR3huEYRnUle6JRY7y=w1920-h1080-k-no,fashion boutique,63,2026-08-17T05:05:12.777Z
B,185,65.8,Đậu đỏ Vintage,Cửa hàng quần áo cũ,"26 Lý Tự Trọng, Sài Gòn, Hồ Chí Minh, Việt Nam",Sài Gòn,Hồ Chí Minh,+84 978 896 063,,https://www.google.com/maps/search/?api=1&query=%C4%90%E1%BA%ADu%20%C4%91%E1%BB%8F%20Vintage&query_place_id=ChIJg3j_0E0vdTERHIzm6T75HDE,ChIJg3j_0E0vdTERHIzm6T75HDE,5.0,751.0,False,https://lh3.googleusercontent.com/gps-cs-s/AHRPTWmhS6JIAsPnCBR-GweKbiiDK2iGJv22RdxtRCXKuDsgEVPms_EH28ndTRG_17qN9ESiNbwJnuvYx1JCUAxHpMfXAZc_i6cQGDKoHQ6bOrsgLsCJdod4sVrKUWTm597CPXlwoTTk_G7_ha0=w408-h544-k-no,https://lh3.googleusercontent.com/gps-cs-s/AHRPTWmhS6JIAsPnCBR-GweKbiiDK2iGJv22RdxtRCXKuDsgEVPms_EH28ndTRG_17qN9ESiNbwJnuvYx1JCUAxHpMfXAZc_i6cQGDKoHQ6bOrsgLsCJdod4sVrKUWTm597CPXlwoTTk_G7_ha0=w1920-h1080-k-no | https://lh3.googleusercontent.com/gps-cs-s/AHRPTWnO_ovfJGCobQNj-uVsO4F2_lkif8bhQwEfA3xiRNE1gQBdqYYnyJEsea659CNniOpBOvRbyx6HrYdiI7Wp1I_s7-wdHH5syZeTXoZx_EKZUJqcuwPBJNmd0hrahfX9piYXnwCo=w1920-h1080-k-no | https://lh3.googleusercontent.com/gps-cs-s/AHRPTWmFwf66RYvVCfxb4v7ICpgaKF32lLxXfpDyVXaYNeUnSWg5Cd_Kv3X7iUvGLCxt8G0PvseAiwRERg4FEM-1tNF41ef40jQ7zBjYKC1fKBhlIhUFFUlYSl7-pWAUbYHWavUBLbww19ZCV9A=w1920-h1080-k-no | https://lh3.googleusercontent.com/gps-cs-s/AHRPTWl4QEmTXp7CH90onYL2S5hDIwiNRTwj6u4X3BkxpS7wwhKm_cOk6yLTr7i13pCXx5_RQyzoTVtTfJ1QnQodNZ_RyXonKJfsinGz4EfVZOsngilaCTLidLUzgzFG-UzN2fJ80SEU3Xx5tgJ3=w1920-h1080-k-no | https://lh3.googleusercontent.com/gps-cs-s/AHRPTWkerp59olNIFnkFzMuASZzl4Q10SsyW0_owtmItKaPv6AOfnaOXDhsxBv1fd_zRYo1NgWSfxAHcFumQg96v0goMpbjjP75Yu7gHwnObrLkpPolBtxqo0IqdEVFCXtGS8gQ0AmpC_R8N4KI=w1920-h1080-k-no | https://lh3.googleusercontent.com/gps-cs-s/AHRPTWmc_jh9_J6gLRWD5Tc34YAyty9OaJRNmTmwJTt8n9vtV2VB_J3WTESwOtR6_HruvIBzQvIxBwXhWoa6TdT3pBaS8ELD1v5RUQpPzw4Z__3UUom0JGBwGClK--XEdVZPe7yZvFS2E9O9xqw=w1920-h1080-k-no,local brand thời trang,105,2026-08-17T05:05:16.747Z
B,186,65.6,Quần Áo Trẻ Em Hàn Quốc Mom & Baby,Cửa hàng quần áo,"38 Hưng Gia, 5 Đ. Số 2, Tân Hưng, Hồ Chí Minh 72915, Việt Nam","Khu đô thị Phú Mỹ Hưng, Tân Hưng",Hồ Chí Minh,+84 909 781 146,,https://www.google.com/maps/search/?api=1&query=Qu%E1%BA%A7n%20%C3%81o%20Tr%E1%BA%BB%20Em%20H%C3%A0n%20Qu%E1%BB%91c%20Mom%20%26%20Baby&query_place_id=ChIJV3Xz0tgvdTERKGpwpFKxZ2o,ChIJV3Xz0tgvdTERKGpwpFKxZ2o,5.0,18.0,False,https://lh3.googleusercontent.com/gps-cs-s/AHRPTWkN_VY9ur3QctqOx6JWuujysDC_ZGmaoXjH8NSHNhNNkojlEYliN24QjbQjIOlNgNLLq7F0RNNMhfVhqIK7l3roj4barTuif_ydrqaBgnpnwmkktoyR-denpp5Cu0e8S_haIjA=w408-h357-k-no,https://lh3.googleusercontent.com/gps-cs-s/AHRPTWkN_VY9ur3QctqOx6JWuujysDC_ZGmaoXjH8NSHNhNNkojlEYliN24QjbQjIOlNgNLLq7F0RNNMhfVhqIK7l3roj4barTuif_ydrqaBgnpnwmkktoyR-denpp5Cu0e8S_haIjA=w1920-h1080-k-no | https://lh3.googleusercontent.com/gps-cs-s/AHRPTWllqliVZoKzeNAeKIncrxV5XNw2OhE1OsOGVaYHuUhoUrEJYMc-r8CNsiAhlEtn_CteUne6I1SgFfI2Obw-HQBpGOvbPa6g_j4TWWaLeHF6xsgPatfRRQ8Kz2Hh0iCrirPlidTy=w1920-h1080-k-no | https://lh3.googleusercontent.com/gps-cs-s/AHRPTWk_7y-V9JAHvSxMGBaxGOTAvkQ80bpo1lvSjNDJPfisC5gRxvtVHHdPaWyh8hTQNLc88Yt_Trq6OOLkCzBUvXiRjA5gGGza02HtuoHf3L4mariHv84CAm599T4cB7xMPV50kOwmfg=w1920-h1080-k-no | https://lh3.googleusercontent.com/gps-cs-s/AHRPTWl2B0MhgVurPSMW_6oyMqxkZ-jVpfuuQbol6o0z9Zcm9n_T38s7RJsXwd0Ir8Ex2apj131-JX3V4g1UC9SqXoPL2scG4Ckk58cZ3w5R2W9q7wNAKDRC4qeo1TxsNfmCqZPU2KhLHg=w1920-h1080-k-no | https://lh3.googleusercontent.com/gps-cs-s/AHRPTWnFR1LtZTbdT_R3iEtitwQvkqjelxEwXFwTuzPwcrW1D_PwLKfPbbzERF9jq0_GsWi0Gn7i9lmARWmAfW3ydqIr9nWay4VOICuROiDZM65BTph_qH_rjUqNJ1fOGvA7HZ4Xi84=w1920-h1080-k-no | https://lh3.googleusercontent.com/gps-cs-s/AHRPTWn1w-5u-Ly82Oe8TaElcDzRdaUCNo4iXfMSff4H1SXrzQKwCJNB8Bqoprr76y_f1OZ_8qzqM269armLMiom2qv2_AUWjbPFp7CqPkIJA1nAzhqbx7zypgau3zCP9nyCIYgy4OxO=w1920-h1080-k-no,shop thời trang trẻ em,8,2026-08-17T05:04:04.197Z
B,187,65.6,TRƯỞNG THÔN LÀNG NHỰA - shop mô hình/áo thun Anime,Cửa hàng phụ kiện thời trang,"96 Đ. Số 4, Tân Hưng, Hồ Chí Minh, Việt Nam",Tân Hưng,Hồ Chí Minh,+84 777 707 555,https://zalo.me/g/ahwrhd103,https://www.google.com/maps/search/?api=1&query=TR%C6%AF%E1%BB%9ENG%20TH%C3%94N%20L%C3%80NG%20NH%E1%BB%B0A%20-%20shop%20m%C3%B4%20h%C3%ACnh%2F%C3%A1o%20thun%20Anime&query_place_id=ChIJ0xjIMqwvdTERdktlDogR-h8,ChIJ0xjIMqwvdTERdktlDogR-h8,5.0,2.0,False,https://lh3.googleusercontent.com/gps-cs-s/AHRPTWnKVablYCDyheuh-6sU0dO7eHuiyYI-DnM4E1f6gpfDehM5K1ZybqZSJv3gBp_z617OvXgPQLsF7x3C1YPXI-hWpxbq9zHD6yEhyabUbPM8Ta9cXkaFENG_Rp-_oNSOXcUKXnpxB33lIlA=w426-h240-k-no,https://lh3.googleusercontent.com/gps-cs-s/AHRPTWnKVablYCDyheuh-6sU0dO7eHuiyYI-DnM4E1f6gpfDehM5K1ZybqZSJv3gBp_z617OvXgPQLsF7x3C1YPXI-hWpxbq9zHD6yEhyabUbPM8Ta9cXkaFENG_Rp-_oNSOXcUKXnpxB33lIlA=w1920-h1080-k-no | https://lh3.googleusercontent.com/gps-cs-s/AHRPTWlHDpo6KjGSlA1WKZ5UyD2vuT3IE4hHYTtdtTkl1HqzqmPOeOf5Oxm9T6JRLzE5WRFWjCjSOi9bxi0ZNa9RtrTYSqhjhc76BncXGux2tubjyXowP0g3IDwsqfqBm3WCgU7nWw8fXFs8yMCZ=w1920-h1080-k-no | https://lh3.googleusercontent.com/gps-cs-s/AHRPTWkgmN1Le9gmEC9Z8UtpSzMvz7GpFkPavEEuv7fs5k6TV6wnKBrdiSDwyrYy8sf9EP5aLv6B6HcA2MQgoq8Yjf6dr-E0NDDoGj90JB5jIeG0obRna_dAq8sBgl668tt_owejNwM1eQaS4fB8=w1920-h1080-k-no | https://lh3.googleusercontent.com/gps-cs-s/AHRPTWl-483aVzh2sgeLuPfsACbEc9zrFOdN2b80H6GIinBrO6oqfVi0mc8wtaoo7rmjhG7Odj7NvfC0Fc_iHQ-X71t7Q-ey5QoN3IEofLk-u3pDH-SWn5Tg5AdhC9leZBRIXgzdhPmS=w1920-h1080-k-no | https://lh3.googleusercontent.com/gps-cs-s/AHRPTWl4mEaEh626wz2BzsubM60uI9FAd891pWfc0x90PMsiGIOdVHsQ5bzFUmDURKxzn_SP3N74tLK90P73mK0RpZzEPm0kmyVDZs_Qt81Xqz1gHeFkTLYvaDAzTyNnqfup-LiNKXZI=w1920-h1080-k-no | https://lh3.googleusercontent.com/gps-cs-s/AHRPTWmQl-f0F76yrWyweaH20fWE_r2I3p_lRWWEPzTUFGeYRazZQbaruWaOpAp5FPrwNlnQuxVFLaRZmRm43PoZ_yVCB8_AaaZyn1JDi5uNQwlcW1X_FZXsTMA7ko62ndaiTSbOA8IT=w1920-h1080-k-no,local brand thời trang,128,2026-08-17T05:04:45.730Z
B,188,65.6,Tiền Lẻ shop,Cửa hàng quần áo nữ,"33/5d Đ. Đặng Văn Ngữ, Phú Nhuận, Hồ Chí Minh 70000, Việt Nam",Phú Nhuận,Hồ Chí Minh,+84 974 394 486,,https://www.google.com/maps/search/?api=1&query=Ti%E1%BB%81n%20L%E1%BA%BB%20shop&query_place_id=ChIJQcqF7XcpdTERElH7WMs2Axc,ChIJQcqF7XcpdTERElH7WMs2Axc,5.0,1.0,False,https://lh3.googleusercontent.com/gps-cs-s/AHRPTWl7Pfg15mhjaIxulY8LgIumzcn-nhB48NTrKzXpPyme9_t6rE1d5GCaRU10oCIaDVZWEt1V0rAt6nghmZpDFyT2uzYEuqdskg4Jv1T4dBxiiQDktQ2B1Qn5K9P336Y-Eel-qnaR=w426-h240-k-no,https://lh3.googleusercontent.com/gps-cs-s/AHRPTWl7Pfg15mhjaIxulY8LgIumzcn-nhB48NTrKzXpPyme9_t6rE1d5GCaRU10oCIaDVZWEt1V0rAt6nghmZpDFyT2uzYEuqdskg4Jv1T4dBxiiQDktQ2B1Qn5K9P336Y-Eel-qnaR=w1920-h1080-k-no | https://lh3.googleusercontent.com/gps-cs-s/AHRPTWmooIWPf2LUTJRcFtZm0_ShJjZ2tOhgOzmA5YI5m8lMiL6skW4dR2QoiHCeTL58QHQ2fggPWQUi-yFDAjcpxw_yTJ7abWWYBJkud81rMcqKRsFk5TXPFEJPO4OFJGcoofZ3-L5h=w1920-h1080-k-no | https://lh3.googleusercontent.com/gps-cs-s/AHRPTWmdQ94klPaYShN_6djscYiHwsbKYgDhJ98iUWlAgU9b8UshAtRJBiilHs7mD44Wy5TkbUstUuksRFrc8bDlahvxP-zcK-n7FLQBvvr-X3LPJUCM4dp1ge348FOlJX472XXzJ4kt=w1920-h1080-k-no | https://lh3.googleusercontent.com/gps-cs-s/AHRPTWlPLOPrUg3QXMDPTf_vFkiHYf74vh1-0ejHUGjNHbhIccMQIKg5XzZhoXn2PvKMCCCqREIm3DC14Ggo-0NPcNqzlHBgXjA41wFfuhj8Uaj3KcozmXvLaZRY-o4loFGYQoAu40E=w1920-h1080-k-no | https://lh3.googleusercontent.com/gps-cs-s/AHRPTWlWIY5RaE1c2izZWFeq-xSEVmgA-b32VJYelDZLLUNIt6SEugZ8Kxchyu7jdMidDi2VCpIEwkw9s2k_zyqSN_mgN3rdyUwTe42v9FNdsJ-5y4JwZmHniN_QHgU1lJVaQqyN7CaMXA=w1920-h1080-k-no | https://lh3.googleusercontent.com/gps-cs-s/AHRPTWlQlUrvjpeLy64QCTO-Sj-ZYCmRd3XHVJfsuKkhYJfZbGbQD412-LeZDZeO1VGDxT7axH1G4a6Gj0AnXWEtCyA-y2u1af1xIVzjmBhIqptAh7fQlMzrsUqXPBJciumnvw2K2X2nnA=w1920-h1080-k-no,shop quần áo nữ,68,2026-08-17T05:05:53.824Z
B,189,65.5,CỬA HÀNG THANH LINH,Cửa hàng quần áo,"911/9 Lạc Long Quân, Bảy Hiền, Hồ Chí Minh 70000, Việt Nam",Bảy Hiền,Hồ Chí Minh,+84 938 747 423,http://thumuaquanao.com/,https://www.google.com/maps/search/?api=1&query=C%E1%BB%ACA%20H%C3%80NG%20THANH%20LINH&query_place_id=ChIJwaASZogvdTERaiNNxp87pTU,ChIJwaASZogvdTERaiNNxp87pTU,5.0,3.0,False,https://lh3.googleusercontent.com/gps-cs-s/AHRPTWnxhE3HCNI2mmVVe_2ZRn5BkgjgCrb4PD8PIk4D14_gKowd-ClOM0AmKtwMj4YZsOwkWBsGF6R4A_M1yf3WBkkSBfVvD4LeQhSnNzOx2mLqrCJfOnzBGJGXJeCi7pBRO0X_HmmP=w408-h544-k-no,https://lh3.googleusercontent.com/gps-cs-s/AHRPTWnxhE3HCNI2mmVVe_2ZRn5BkgjgCrb4PD8PIk4D14_gKowd-ClOM0AmKtwMj4YZsOwkWBsGF6R4A_M1yf3WBkkSBfVvD4LeQhSnNzOx2mLqrCJfOnzBGJGXJeCi7pBRO0X_HmmP=w1920-h1080-k-no | https://lh3.googleusercontent.com/gps-cs-s/AHRPTWmGm9nIYaGTu-6sdtAEy-1O5_O0a6QNOxOO3bx3qTZf1DFYP3nAk0kmRdVr4OO9ghXb825B2JV-hgwjzq69t-hd-6KltXRa16n3TG-Zl-862EvuydYFM4jLbRJbyA_2LE9z=w1920-h1080-k-no | https://lh3.googleusercontent.com/gps-cs-s/AHRPTWkcEqyK4I_CuY4-jlUdzrOZ06NKk95XA_O-4krbnGlA_E6vLdufctZ4Oii_tDGFW8tGtBL6aOFhNqH7HkczKqz8hD9XsgUHQqjWY_4uxokq6IzEVTZ2U1f5D6gKocjIvbprpd1p=w1920-h1080-k-no | https://lh3.googleusercontent.com/gps-cs-s/AHRPTWnGZkazs7SHcj_aqx8uewSshm64MdhSFWxJplzR0rs7QAYQSSGgL_UhB75QyVUUgVkdWOFsxywgaDLYrXMLk67fFiOCyppz3xdWhie5udcTvwoCDWSAFCLzN34wEJZbpiyCOiZBCw=w1920-h1080-k-no | https://lh3.googleusercontent.com/gps-cs-s/AHRPTWn7_2ojO6t7eSLqoPO43zQPn843pKLHo6upcD1hIgR9fhHU0PcbgoHkZZcQYlZ2_dhUEV9E2ktQwMfMn_bFu38gSs-ptSj73mwjdrcl6xXosYqYPRumwNEvkNt8vLRUZjcehnrL=w1920-h1080-k-no | https://lh3.googleusercontent.com/gps-cs-s/AHRPTWkGSiZn65PhxbXO4Ps-q45iJ6jQPVECR__KIS8M9_zKaj6F6OiHEIJJtKrRRYa3mj6zSxINIX16owWUI_JU1GbGIN0JJYhrpnI-52hPgQ0AJhXqj9a73PlyY1XGpD5wItvXdXGnwA=w1920-h1080-k-no,local brand thời trang,110,2026-08-17T05:05:14.942Z
B,190,65.4,SEXYBACK. Thao Dien - Handmade Backless Dresses | Vietnam Fashion Brand,Cửa hàng quần áo,"38 Thái Ly, An Khánh, Hồ Chí Minh 70000, Việt Nam",An Khánh,Hồ Chí Minh,+84 707 803 366,https://www.sexyback.vn/,https://www.google.com/maps/search/?api=1&query=SEXYBACK.%20Thao%20Dien%20-%20Handmade%20Backless%20Dresses%20%7C%20Vietnam%20Fashion%20Brand&query_place_id=ChIJ12d7A88ndTERef5q1E5-7pI,ChIJ12d7A88ndTERef5q1E5-7pI,5.0,7.0,False,https://lh3.googleusercontent.com/gps-cs-s/AHRPTWlC2nR2pHKhyGUuZkVaWjpcxiSJ-U9K95AgQ9G0d352Rz_hMA6pPF7c_-NhchgQGkZnEy5cCPlPLqH2aL5rdO6txh1U0D0DPBIkDifiK6LFERruOY1d111Uy3bnrp9NLKt9-ItEw0miFhBS=w408-h306-k-no,https://lh3.googleusercontent.com/gps-cs-s/AHRPTWlC2nR2pHKhyGUuZkVaWjpcxiSJ-U9K95AgQ9G0d352Rz_hMA6pPF7c_-NhchgQGkZnEy5cCPlPLqH2aL5rdO6txh1U0D0DPBIkDifiK6LFERruOY1d111Uy3bnrp9NLKt9-ItEw0miFhBS=w1920-h1080-k-no | https://lh3.googleusercontent.com/gps-cs-s/AHRPTWk97HElQC_FJhai7JcJ9kC5GnwbZZlmqrwLJnZvvlGdf1JXlf3w0o7u5hWJVdhibVExe5aJ3M997ba7n-9apnRTpeKp0lBOqOmVlbtZuKF0a7TDVDxvgjTksTj1ihXEFvMbqfEVgfcsA7Y=w1920-h1080-k-no | https://lh3.googleusercontent.com/gps-cs-s/AHRPTWmPtn8vtOO3xeG_rf1lcvVNOjFikWv0IoKKifp7STZUldTTnTEGNEogJ8Jfkm3rw8hxhTITN89hzttft-gXjtvPJ6EWKcWvVyucE3dNctQ1iQk82SmSlaGKL1yp27P8-T75ciD58K-HGZ85=w1920-h1080-k-no | https://lh3.googleusercontent.com/gps-cs-s/AHRPTWl1jI1Mxq7YNKoeU-GDwA9E6WhO6irfuz3YbO_86XlzbQgMngiMVPIWgzZ_0_r8V4eUYc-Mn3ad8bs-ZkUSAiNakHlEJJgybI2juhxsf6n822DklbejSzbl7nBapVTtO40bBmAUOgjwLmQg=w1920-h1080-k-no | https://lh3.googleusercontent.com/gps-cs-s/AHRPTWlvSE0r2RvQgSDGMf9Ksbh_m8uaXGDDekEOpGFVelWv9gZV3Kct6bw34qrM-uD4fKNfV51BxX1U5ToZqFEzuPSRyP6zC5q1bnPtquO4Pfi-Z2goOJtYIPs6jFmzKxTsbTi_I0WESozIM5h8=w1920-h1080-k-no | https://lh3.googleusercontent.com/gps-cs-s/AHRPTWkKi2DqsFoaYNs7SoIdDjPMEHoHwRoXcRQ1B6t0w5EYsCSmH2vt_8g1MY7u9YkZNXXLhj1r24SxOt5w-6l5vRAudybu1uoDJIftrCuDSF8sbvuSEaZY5DCqcWasoQf6zvhmEuDsSA3i9lm4=w1920-h1080-k-no,fashion boutique,112,2026-08-17T05:05:04.727Z
B,191,65.2,Tiệm Đồ Nhà LYN,Cửa hàng quần áo nữ,"253 tổ9 ấp2, Nhuận Đức, Hồ Chí Minh, Việt Nam",Nhuận Đức,Hồ Chí Minh,+84 903 650 624,,https://www.google.com/maps/search/?api=1&query=Ti%E1%BB%87m%20%C4%90%E1%BB%93%20Nh%C3%A0%20LYN&query_place_id=ChIJLVB24OPTdDER5XLeOUSs1HI,ChIJLVB24OPTdDER5XLeOUSs1HI,5.0,2.0,True,https://streetviewpixels-pa.googleapis.com/v1/thumbnail?panoid=L2vAxj3frX6ugGSNV-Jzng&cb_client=search.gws-prod.gps&w=408&h=240&yaw=339.93576&pitch=0&thumbfov=100,https://streetviewpixels-pa.googleapis.com/v1/thumbnail?panoid=L2vAxj3frX6ugGSNV-Jzng&cb_client=search.gws-prod.gps&w=1920&h=1129&yaw=339.93576&pitch=0&thumbfov=100,shop quần áo nữ,115,2026-08-17T05:04:13.930Z
B,192,65.2,Môi Ðiên,Cửa hàng quần áo,"28 Đ. Tôn Thất Thiệp, Sài Gòn, Hồ Chí Minh, Việt Nam",Sài Gòn,Hồ Chí Minh,,https://moidien.com/,https://www.google.com/maps/search/?api=1&query=M%C3%B4i%20%C3%90i%C3%AAn&query_place_id=ChIJYX_uPQAvdTERAnLEYQF6je4,ChIJYX_uPQAvdTERAnLEYQF6je4,4.7,14.0,True,https://lh3.googleusercontent.com/gps-cs-s/AHRPTWn5e2Otwnzoz0mJJYMzYTdbF6si1KpZNhxtWLR_nsMMhnStQiHKd5Ip_tCjCFE3MP4AnTnfQOUloWUthcPLFxIUry58_GSBvM3UBNBPOyzOqfDAKv-79eOB2nFjjfdAoePZ6gCv6wVJ0_8o=w408-h544-k-no,https://lh3.googleusercontent.com/gps-cs-s/AHRPTWn5e2Otwnzoz0mJJYMzYTdbF6si1KpZNhxtWLR_nsMMhnStQiHKd5Ip_tCjCFE3MP4AnTnfQOUloWUthcPLFxIUry58_GSBvM3UBNBPOyzOqfDAKv-79eOB2nFjjfdAoePZ6gCv6wVJ0_8o=w1920-h1080-k-no | https://lh3.googleusercontent.com/gps-cs-s/AHRPTWkIV60FoGda78PwtCBo8UPj9n11IsP0jo6Z24apwVLazToa8RK3rjTl4xyL73L39dJBsvWiIj2g9zta8vAT3yBd4NEyFe-s61shs4XGshpEx8VPcy0gS6X1e58KZiMnzHdZCG6E=w1920-h1080-k-no | https://lh3.googleusercontent.com/gps-cs-s/AHRPTWlfhmRQpDyEe1J_Luk1hwfepSaOSttrxbAMveGtHzy7Pak1NxFcSgvu0LYRkfhy5IERMCoC-SFNbKOVxbp0jAUXaFk5gvVcrz_o9zhYQl4k2D2MzwXlH36v7mHGjjSTB4Ez1AMYPw=w1920-h1080-k-no | https://lh3.googleusercontent.com/gps-cs-s/AHRPTWnpNTOk9yIEEl2qm9VU4BuzTxDRNJXfx7asmV9jX4pAf9Ir6p6LS8zTWlSoZtKaE9Wc8xk7KIBjm07SjDou3np8wqeyJ-SRQVJeWMeYn3IxoxOODQMgu_ea1GhzFqVn99VYXGgS1uR01Snp=w1920-h1080-k-no | https://lh3.googleusercontent.com/gps-cs-s/AHRPTWmBzJZmDVw-iyCfinpq4amosT7ihsoVuMdKepqpxY6kswkO6G8J7hb1XeSx1JWDeroj3dw8G3uxFuCZ1lMXKe0wYJXlC9djwTVZYjx7hOoy_iyf1wAZNlzd_KpE1rOY3VjeoTBfI-cpbQY=w1920-h1080-k-no | https://lh3.googleusercontent.com/gps-cs-s/AHRPTWloCQ5Qqy5d6XNFH1xxUtqoOipXxc0QHjK4BUE0zpFeeiFCIrXgwVHKvZs9iS88hz63kDJReOKxb5wkRCZCmVSelNi8cTKnNqObYnNlA0yRQSGe-XerLvDJF-ijgaQoO0HRcQy5Bobl75wr=w1920-h1080-k-no,streetwear,95,2026-08-17T05:05:42.903Z
B,193,65.2,Blood Brother Streetwear,Cửa hàng quần áo,"484 Xô Viết Nghệ Tĩnh, Thạnh Mỹ Tây, Hồ Chí Minh, Việt Nam",Thạnh Mỹ Tây,Hồ Chí Minh,+84 909 928 591,https://m.facebook.com/bloodbrothervn/,https://www.google.com/maps/search/?api=1&query=Blood%20Brother%20Streetwear&query_place_id=ChIJZUXztcApdTERk4-TthatbAg,ChIJZUXztcApdTERk4-TthatbAg,,,True,https://streetviewpixels-pa.googleapis.com/v1/thumbnail?panoid=T3cujuNaRuOKNMgQ2ljfPg&cb_client=search.gws-prod.gps&w=408&h=240&yaw=84.86109&pitch=0&thumbfov=100,https://streetviewpixels-pa.googleapis.com/v1/thumbnail?panoid=T3cujuNaRuOKNMgQ2ljfPg&cb_client=search.gws-prod.gps&w=1920&h=1129&yaw=84.86109&pitch=0&thumbfov=100,streetwear,75,2026-08-17T05:05:50.018Z
B,194,65.2,Áo thun Weins | Let's Inspire | Áo Thun Local Brand,Cửa hàng phụ kiện thời trang,"122 Đ. B2, Khu Đô Thị Sala, An Khánh, Hồ Chí Minh 71109, Việt Nam","Khu Đô Thị Sala, An Khánh",Hồ Chí Minh,+84 932 728 180,https://weins.live/,https://www.google.com/maps/search/?api=1&query=%C3%81o%20thun%20Weins%20%7C%20Let's%20Inspire%20%7C%20%C3%81o%20Thun%20Local%20Brand&query_place_id=ChIJ23XwBoUndTERcsA1Nclp9IQ,ChIJ23XwBoUndTERcsA1Nclp9IQ,,,False,https://lh3.googleusercontent.com/gps-cs-s/AHRPTWnCHrh6Mx7evUx5uDzf3DMJV7XnikjxYNbMxThWEWh2W1ZG5E6GkYmQgCgoaFmU7oXGxKtPsAGk2GTtDUzG6wMXIKA1j7vh-IU1aSzX3MZ71L8QV__QUD2blRLTueICTHRar7LR=w408-h271-k-no,https://lh3.googleusercontent.com/gps-cs-s/AHRPTWnCHrh6Mx7evUx5uDzf3DMJV7XnikjxYNbMxThWEWh2W1ZG5E6GkYmQgCgoaFmU7oXGxKtPsAGk2GTtDUzG6wMXIKA1j7vh-IU1aSzX3MZ71L8QV__QUD2blRLTueICTHRar7LR=w1920-h1080-k-no | https://lh3.googleusercontent.com/gps-cs-s/AHRPTWlSOPD5iS9pC0M5vlt47wBTWZfC8eOMpGgND6ARtRTZBGTl4Fah3ljVxT5Ufi_IOhv9YnkgXjVrXdkt4KtNRw9e59PGkM9IdWh8wbOkAZcG46RdJCFY_-pLYxAvf_MjJzjpeOCl=w1920-h1080-k-no | https://lh3.googleusercontent.com/gps-cs-s/AHRPTWkXMjVt6uvv2JtuaykVcpHsj0R7QRsDF_SNeJq4PA8cCeOJ56WhI93UW7fl3WOdTS3S9xTK-xZhtH_2yQ6arrgw7cQWgJRtOMMflcTkVqI1SkWPiKR3irpa5Ryj47Tvxx4NEiA=w1920-h1080-k-no | https://lh3.googleusercontent.com/gps-cs-s/AHRPTWmG3rBS59yOwvgRcQ8p2cNLXN8VZlD69669ldMxuFGR2XdhBuhcEG13WCyk-noYpXoDave588I_LsvHBsU2JbO9LaLwI_C_aKHXEYhSqvBplwrAXnj7A4axgcRlucFa6Jtd32041A=w1920-h1080-k-no | https://lh3.googleusercontent.com/gps-cs-s/AHRPTWnu9bL2OjtvsoqNu6qvkrmGe1ODLtNPKwS2aq3_0GWyG-TpozB2LbBWWV81whtF0q8Jsm6-GrGeKG-OvLtvhzK2v1SWVLjoyLnuhLeRZIjtCtdltjGZen1rdoDmzdGYCgZyrl0G=w1920-h1080-k-no | https://lh3.googleusercontent.com/gps-cs-s/AHRPTWm3y12Ql-0Crjmb9vsRz5iYX6-nusgjIhaopM2zjMDogrmGTunVe6yISgUiTboJNJ3KeyXZET_q4B3IIOjvFJcgUms3f70IpFp3F9-c7O-dL2Rjqr4YLdGPQZS5MP0E_NnJRwwZ=w1920-h1080-k-no,local brand thời trang,16,2026-08-17T05:02:38.133Z
B,195,65.1,Kho Sỉ ANN chuyên sỉ mỹ phẩm & quần áo,Nhà bán buôn quần áo,"17 Đ. Hưng Thuận 45, Đông Hưng Thuận, Hồ Chí Minh 700000, Việt Nam",Đông Hưng Thuận,Hồ Chí Minh,+84 942 734 111,https://ann.com.vn/,https://www.google.com/maps/search/?api=1&query=Kho%20S%E1%BB%89%20ANN%20chuy%C3%AAn%20s%E1%BB%89%20m%E1%BB%B9%20ph%E1%BA%A9m%20%26%20qu%E1%BA%A7n%20%C3%A1o&query_place_id=ChIJRX9Ysc8udTERdWQf0cJ3V0Y,ChIJRX9Ysc8udTERdWQf0cJ3V0Y,4.3,66.0,False,https://lh3.googleusercontent.com/gps-cs-s/AHRPTWmsre8g9PC0L1ruCfU2pnysV0TgDlpfwIQMw_x1YViPT9Lpk072k5dpQ29FPv14j_G0mxNg6dT2QQVR_UGz591W7vvaQzl4dd_78Ox_Zj6pp9qHfvkb-DlQ4uAN5Ky9QjVxxSU3=w408-h694-k-no,https://lh3.googleusercontent.com/gps-cs-s/AHRPTWmsre8g9PC0L1ruCfU2pnysV0TgDlpfwIQMw_x1YViPT9Lpk072k5dpQ29FPv14j_G0mxNg6dT2QQVR_UGz591W7vvaQzl4dd_78Ox_Zj6pp9qHfvkb-DlQ4uAN5Ky9QjVxxSU3=w1920-h1080-k-no | https://lh3.googleusercontent.com/gps-cs-s/AHRPTWlxLCS6BbD4SveCKTXNWOU440mJVwQR8FGPklQwd38DHiekLkP94AnPyfuVGx2G0-9upBohfsyS_NLRI6BCsxGHcPOZgx4nen0FIgORmzvv7VtRN6dDdEdLBsYgfKRbTqqfc-zcHXv_Ia8y=w1920-h1080-k-no | https://lh3.googleusercontent.com/gps-cs-s/AHRPTWkNZmDIbzEe1qSM6sAEaLch_ZdSzVIrU6SfBRYOkAYmeBW_tPmV-Hq3uDMev0QZ3cBne3uJzmhVOjhs3cF954dlebVlyP7CnaBI6Y0b7-uxQTBEX6PtDR6ZcFnMHKA7KU8dQ9bB=w1920-h1080-k-no | https://lh3.googleusercontent.com/gps-cs-s/AHRPTWmHIMohJoku4z9uUc49z04_DrdfUO5YuWRg1ydPCv2IbYzK-sGfyormPlujQzYV_yX-2ZbKCevuzRrOeLc3xJGvO7Ejwfvgbmi3cB5Yc98-ruUySZ7W7uQylbTOdYr_ZDuMDCI=w1920-h1080-k-no | https://lh3.googleusercontent.com/gps-cs-s/AHRPTWk9UPTs9cIQ7m1IfxHXANy76W0xiUtp_BUB5ez12dBEke7Lekcvv4BR_IFCBijKyuS3A7T0itGs-EiF9fzT11aSsK8QvC7cWGbnRjH1cflrzroeYpBHVKJG3rJnzN7GKf7VVozx-Q=w1920-h1080-k-no | https://lh3.googleusercontent.com/gps-cs-s/AHRPTWkdjHCFOXypxHCsb0iEkW8hDqzfrksSg9MULB1kaxx5qGT9-9watZGx5ekXMs6d5-Me3OLs7pMm-IFinkG-RQflLwvJsWarFbkEbYq-D8egrSlXFSPQi53jfClQVZ1X_QUnNlhgWg=w1920-h1080-k-no,shop quần áo nữ,98,2026-08-17T05:04:40.377Z
B,196,65.1,John Henry Shop,Cửa hàng quần áo nam,"148 Nguyễn Trãi, Chợ Quán, Hồ Chí Minh, Việt Nam",Chợ Quán,Hồ Chí Minh,+84 28 3924 6531,,https://www.google.com/maps/search/?api=1&query=John%20Henry%20Shop&query_place_id=ChIJ65USzQIvdTERtmi67RKV8DI,ChIJ65USzQIvdTERtmi67RKV8DI,4.2,47.0,False,https://lh3.googleusercontent.com/gps-cs-s/AHRPTWlhfyXeeWOu_lRgROl1h22ZbTfO9MXNgNvQtxNUjbUxkMjlni3I6hYnUv2AYQi4OpTUqMekNg2bBZ424pAVg-ZjmBeajnz_QWKzRX5u7UFFkUSUVBdt5waC_eIKCfZdsGO0wHjP=w408-h544-k-no,https://lh3.googleusercontent.com/gps-cs-s/AHRPTWlhfyXeeWOu_lRgROl1h22ZbTfO9MXNgNvQtxNUjbUxkMjlni3I6hYnUv2AYQi4OpTUqMekNg2bBZ424pAVg-ZjmBeajnz_QWKzRX5u7UFFkUSUVBdt5waC_eIKCfZdsGO0wHjP=w1920-h1080-k-no | https://lh3.googleusercontent.com/gps-cs-s/AHRPTWkMgEgxCP3l5e_YBoR__sllmvtENWJn5cHg0uqZTu1bRL07BhRG8hZ0f2mzapHsy6TQhpUn_5MRG_0Z-dYs8FAkaKCn9o9l_S0Odszd-rK5-IhbLtP5h_IcluJAqTdNImxwG4SXoQ=w1920-h1080-k-no | https://lh3.googleusercontent.com/gps-cs-s/AHRPTWl1iE9KrDAfK2-9uRTSbPn9T8nE-95hs-MMHYSFcT-1CyNyU6kdmlGNUQhP_hSzyv2gcWZ87YLw2A0S7xIDQhDhKid2oBB7hxSHeFw8CcSu0CZSj4UAvdvwE9ZGqMFwAme4cdM=w1920-h1080-k-no | https://lh3.googleusercontent.com/gps-cs-s/AHRPTWmiwQH8TRJqxLVn7ati3koXwu7o80l5aY4pv3Oad-rL8EH2Wk-Fb7tIpRupo3tAbWZYHJqAItXj7thMoWlZpqhPVwwk39sHL4fIGi1TfFx-xGWtDzP39G9jJHDkRV_LvPyGXcs=w1920-h1080-k-no | https://lh3.googleusercontent.com/gps-cs-s/AHRPTWmy3dblMuxN--L51IoWDWoUjH-Z3zktSzE1VmVzhUPPv_FR6wgXwB310xd0aF7xCLFsStjNJWb-PYttoYZSgMQPoOP-jJw-xMLZp-AjxUcNwX-Wj-L4gkkjlMr_q79LJ7KNPQzA=w1920-h1080-k-no | https://lh3.googleusercontent.com/gps-cs-s/AHRPTWm1Nj_uYUccPoFKkJRO8oipRiyqOj83sTI0AQX8LQfNBl5Y5yOYv4cYpsUhJSC0y1lgr0JLVIiQeT5ORYVuPSSrcZMy3fBJqf198_zWPa2vjRGFqJVttWpi1XWaRQEuwkfkxWtfhQ=w1920-h1080-k-no,shop quần áo nam,118,2026-08-17T05:05:37.750Z
B,197,65.0,objoff,Cửa hàng quần áo,"73 Đ. Số 4 Làng Báo Chí, An Khánh, Hồ Chí Minh 70000, Việt Nam",An Khánh,Hồ Chí Minh,,https://www.instagram.com/objoff/,https://www.google.com/maps/search/?api=1&query=objoff&query_place_id=ChIJiTdEinMndTERmqCigYuwFB0,ChIJiTdEinMndTERmqCigYuwFB0,4.1,118.0,False,https://lh3.googleusercontent.com/gps-cs-s/AHRPTWlA4ePJKoHaS4hoqlCVN9WVfVljTijf5aLRBrRYrlxsQnadhaKUEWJefA3Py8e7bz5f2DV9uuyulDb7mOYOj64DTfGcxKASbpiKHSspo13OxrjzjL_9oKRzUk8yJ8yyQidzEIZ6=w408-h544-k-no,https://lh3.googleusercontent.com/gps-cs-s/AHRPTWlA4ePJKoHaS4hoqlCVN9WVfVljTijf5aLRBrRYrlxsQnadhaKUEWJefA3Py8e7bz5f2DV9uuyulDb7mOYOj64DTfGcxKASbpiKHSspo13OxrjzjL_9oKRzUk8yJ8yyQidzEIZ6=w1920-h1080-k-no | https://lh3.googleusercontent.com/gps-cs-s/AHRPTWln-yWYCvwCy1_YgmC4uFb_0UBD0iMCyfym3VNdTNyfaCemH8lFdQ9gFnphUaXAPJsvnqLdHUZ9_7t5WQ0rsvAiZiJojcypgt6JyQQqab4Aszlya2HA0sGPSdmzUt-Mnrqg3_FNog=w1920-h1080-k-no | https://lh3.googleusercontent.com/gps-cs-s/AHRPTWlqsTtTZLhCI96zbCruvcpM6gtfKPkvkuwDxigQtRW6_HF9iq-v2rsZN0qw6iHWNW9PYKN6FZCHqiGKBeTb6l89rCDXN2JMGKF6y1CuxdycVT8a8CeMqGTZIofY47afHwhmzKFCNd8zmi0=w1920-h1080-k-no | https://lh3.googleusercontent.com/gps-cs-s/AHRPTWm3eA0_Wrsa2Cy9_lVjjLfrZQfTv1YC7PeY1gDNy3AF71e-DbhtUNJwiixPfv0jvciooK6A0pfSp41dlcpRq2bu5zhGtFIn5xgqHOudUZK70ypkuw3KfJg9JJD3v1T2aBsLdxD0=w1920-h1080-k-no | https://lh3.googleusercontent.com/gps-cs-s/AHRPTWnaOSoblxEa6ENvclELr0BJFivi2yT1iZJZRD_MzIR-hrDAGMWapSwutQtzj2r-RLwg2_qts7a2IH7EwlYSGY8Q1T0JkE81sc6NZLVM74Fk6HJlkdWEBHgfRVST3OMWC8a5iOv0x3UpSe5s=w1920-h1080-k-no | https://lh3.googleusercontent.com/gps-cs-s/AHRPTWldvCFQMQVISwllTTQPblNSH6E_m1ZnVHA3Oeg5bg38diGxxhxzdMCrc8ofRrU0z1ALVtASzUPzxA8w_AmsU0wxNeykSPz5_IldXe1yaZNDgGp4xwpYAoz_l3ffqgI2wXlNiHVEbESAclcl=w1920-h1080-k-no,local brand thời trang,59,2026-08-17T05:05:47.752Z
B,198,65.0,Thỏ Baby - Thời trang trẻ em Củ Chi,Cửa hàng quần áo trẻ em,"242 TL8, Khu Phố 4, Tân An Hội, Hồ Chí Minh 700000, Việt Nam","Khu Phố 4, Tân An Hội",Hồ Chí Minh,+84 886 456 992,,https://www.google.com/maps/search/?api=1&query=Th%E1%BB%8F%20Baby%20-%20Th%E1%BB%9Di%20trang%20tr%E1%BA%BB%20em%20C%E1%BB%A7%20Chi&query_place_id=ChIJ4WoNnsLTdDERkkf4Ef4LDtM,ChIJ4WoNnsLTdDERkkf4Ef4LDtM,5.0,5.0,False,https://lh3.googleusercontent.com/gps-cs-s/AHRPTWnGtyugVVyjIyXAfBn3pfMQM6SCHdcdZrTT5wfZNiwSAigdaMDQHhiQnByIcvVYRpzNkCZQtf38D4QMQu_3UCjCp61MF-7BEL-X4ru47CZP4pxecLGYvpfw73rFTO9QnzP9id7xw4GZgNjX=w408-h544-k-no,https://lh3.googleusercontent.com/gps-cs-s/AHRPTWnGtyugVVyjIyXAfBn3pfMQM6SCHdcdZrTT5wfZNiwSAigdaMDQHhiQnByIcvVYRpzNkCZQtf38D4QMQu_3UCjCp61MF-7BEL-X4ru47CZP4pxecLGYvpfw73rFTO9QnzP9id7xw4GZgNjX=w1920-h1080-k-no | https://lh3.googleusercontent.com/gps-cs-s/AHRPTWkahHF9n323bVo6E9cGIK2tUgX9Vb-qfBVavq1kB5phb46nSBcJmD_DlrIRKeukSK4TGOyjL-4gBdgtrHUs2w6S1xMX1y4s3NJHyqMb_2nVu3aV0SOqwu8R4fKc9Y9OUw4Fwa1Y5w=w1920-h1080-k-no | https://lh3.googleusercontent.com/gps-cs-s/AHRPTWmE1-t44zjoGGEzJOIIzuHwcqGOsByQSAoXE6vMRNCNEakIJBoX2F_553ds3P5QyAiZSCp0rpo4GWgDgXcQ5FRZ1YzThl9Fsz7W_AjROWz9SDQdW_v77bKb9D8gvnFRzaTodQlvdw=w1920-h1080-k-no | https://lh3.googleusercontent.com/gps-cs-s/AHRPTWnESyL71O8d0T6b29y4PXc4CW1YkPibaA2ZD7_4cm4KzUPCyW9n-ws7bukqAYwT6R_EK3iPyfzmAaDmPGswL3yqrr4Gnz9LXP9zsIE9kD5DgmkXOSXFahWgT3H7d1espSBglGNmAg=w1920-h1080-k-no | https://lh3.googleusercontent.com/gps-cs-s/AHRPTWnUGZqGvvOI6tppLzQE3bJLlav7Yh-_q9ehxz6K1pxQOeaDpb8PsnZw1q3klgQme5uTi-U7WrQQ7dQeDjOnrJnfucc_YwZJb_xXPt8PjmO8szumH__7btbqBAMgvUklQOzomHo=w1920-h1080-k-no | https://lh3.googleusercontent.com/gps-cs-s/AHRPTWnpi5LKVuDlSHo-qytNXDw3Zn8E5ns9E8zYqQbYsaqqhx0sgFAD0yUJuVbXspKh_de9ROvxRL4TU70TBaAniN22SF9ef8vnbjO-z_sWH2UtUoK8FMaCn5T8U1qLNvM1xGpjfDG7erRftUk=w1920-h1080-k-no,shop thời trang trẻ em,40,2026-08-17T05:04:14.708Z
B,199,64.8,THENORMAL THRIFTSHOP,Cửa hàng đồ cũ,"52 Nguyễn Bá Huân, An Khánh, Hồ Chí Minh, Việt Nam",An Khánh,Hồ Chí Minh,,https://www.instagram.com/thenormal_thriftshop/,https://www.google.com/maps/search/?api=1&query=THENORMAL%20THRIFTSHOP&query_place_id=ChIJLWoNjSUndTERjXsPW1NViMk,ChIJLWoNjSUndTERjXsPW1NViMk,5.0,1006.0,False,https://lh3.googleusercontent.com/gps-cs-s/AHRPTWmX1Fr_tWX9gF6zvQsZudOy_1aWZtnMHH7eFoEaad8zxN2gx4KUEsaOsLWxJ_WImhePDxx4DBQd7G4kJG9T22Lv5tYrqfByRee7yV6Tm7G4cnnMx_feuDQlr9mjmbMqluBlrmSKrG6mMuc=w408-h306-k-no,https://lh3.googleusercontent.com/gps-cs-s/AHRPTWmX1Fr_tWX9gF6zvQsZudOy_1aWZtnMHH7eFoEaad8zxN2gx4KUEsaOsLWxJ_WImhePDxx4DBQd7G4kJG9T22Lv5tYrqfByRee7yV6Tm7G4cnnMx_feuDQlr9mjmbMqluBlrmSKrG6mMuc=w1920-h1080-k-no | https://lh3.googleusercontent.com/gps-cs-s/AHRPTWl-Mrt0CjbCGUt30vujkDTuAndUx6Fur44LqDBu4br3gnOBh_pjieRTCoKyrwZQu7y5XfkGHLXXJtJa0zdJfnIlovwvmoTwLU66L5suLRLMp93GIOEALTVgzbfOmHthTdHfxCc-J0zWGMx1=w1920-h1080-k-no | https://lh3.googleusercontent.com/gps-cs-s/AHRPTWkjXiqWHagPyd87XTgDv_4lOJ7HS8SqOUlzj2jhLsNRsS9ZtPBGTWIShSOL_YsClg5DvbOwc2hXBmEFcK_yte6of_-DVpdnreCyOQ83AGcPKdDbO-7PGHEs0u0PIlZ7kB8sZitPYVtOw08O=w1920-h1080-k-no | https://lh3.googleusercontent.com/gps-cs-s/AHRPTWn5C3xOhy67c9QYeU6NE3mkG-T11xMZxy9mLibxnvOenlKHGalzcBPDpynI0pAr-2-K33SBX-t6t11miORf6NncMH7AznhiMHEpNrQeLdq1BkhsgK1T8R9ei6pFZGRmGqc0rPXqKQVqXaI=w1920-h1080-k-no | https://lh3.googleusercontent.com/gps-cs-s/AHRPTWk5PStZ2wFVKUQ72uMOpKnjZe0RdiPDkszGrV6WjlIl3kKjMULPwfBiFtQVihgOGm6lrIPfjQC8dNP3QUIzFjVE80esv5wIdItkoMzpmO5MyNVS8zPwntRtuARRUdsSO4dKA13J7sJytq4W=w1920-h1080-k-no | https://lh3.googleusercontent.com/gps-cs-s/AHRPTWkg-VQ4FPQwrGDJCBq2SD83RHFwkPKw7uo6WRcLv1nbj6N8WQKs8kvOBrGd1-rVHnU1mhtat4kaTUDZX_xvz_0zyXt8JxZSRNLg1PE_ggd_HSuAIUMBMYtZJTAR9ahkuaUHnOJmwxdd55KH=w1920-h1080-k-no,fashion boutique,65,2026-08-17T05:05:13.429Z
B,200,64.8,ANH 2 Thời Trang Nam ( Quần Áo Có Đủ Gu ),Cửa hàng quần áo,"23/83 Hồ Thành Biên, Chánh Hưng, Hồ Chí Minh 70000, Việt Nam",Chánh Hưng,Hồ Chí Minh,+84 909 276 909,https://m.facebook.com/ANHHAiThoiTrang,https://www.google.com/maps/search/?api=1&query=ANH%202%20Th%E1%BB%9Di%20Trang%20Nam%20(%20Qu%E1%BA%A7n%20%C3%81o%20C%C3%B3%20%C4%90%E1%BB%A7%20Gu%20)&query_place_id=ChIJzWvAlQsvdTER8fkfcrEcovc,ChIJzWvAlQsvdTER8fkfcrEcovc,5.0,2.0,False,https://lh3.googleusercontent.com/gps-cs-s/AHRPTWmZcgfMHBNbwx1j6JnyngUj0rEnn1GLG_qnpf3epMQgjQezQFQXRiMV4RMRrROmnXnkw-Jbx_S9DrSdYb-Cl1scDuMRxs8KNLBbteMQ7GjTmHWnJEdfD175SjkEDt5bRNQjXt5v=w408-h424-k-no,https://lh3.googleusercontent.com/gps-cs-s/AHRPTWmZcgfMHBNbwx1j6JnyngUj0rEnn1GLG_qnpf3epMQgjQezQFQXRiMV4RMRrROmnXnkw-Jbx_S9DrSdYb-Cl1scDuMRxs8KNLBbteMQ7GjTmHWnJEdfD175SjkEDt5bRNQjXt5v=w1920-h1080-k-no | https://lh3.googleusercontent.com/gps-cs-s/AHRPTWkDJt38pxTNgvtjmvSX9hl-OwKcxSVWYGIkqI-21xU9Yn2C890qmwWKRy1EzKY3q9nUaY-G92jy_0l-cHnJAPVSqjqrw55BBKy1AXaf32Rc53sBk25FnldMSXJ2rP3ZE2EwNDAj=w1920-h1080-k-no | https://lh3.googleusercontent.com/gps-cs-s/AHRPTWlxCxY0CXV39s-OzI5sGUaMu7kLUS-uJ7Xm9WaLYGb_ywfE0Jynjc_9kCzWrDWxSeiY8xikqO25p81EYYhqH2S3h2kzC2YjcCl1BMFCwNHXn7yNtebiwPtNSbLPfSRVhmmglCKQ=w1920-h1080-k-no | https://lh3.googleusercontent.com/gps-cs-s/AHRPTWn928OiAY8kEcNs7McEsSdsEvGUtUcJ19WaXuW2JvQzcm6ohaV7gJ5gvAMHnqQcq28E6WUGz303aNC7a2Ab9dBppUrOrWC-yME0m1erQQykxmkQnhks2NyI5WnNCBiisqw_UGp5=w1920-h1080-k-no | https://lh3.googleusercontent.com/gps-cs-s/AHRPTWl6UQA8fHLfk9WB0wnzemr0cyxARz1cYAkTnpUm1LcYwksCTnMfORwegYDvt0cfmgnM-nfuAcp98MgW9cakPeNAvINiJGQ6mJMyAJ-WTKPQ1QyRrU6u0V6Lj8JYyHOPCLoo3qaEtA=w1920-h1080-k-no | https://lh3.googleusercontent.com/gps-cs-s/AHRPTWnvnYf0Y1n1CxOzIniV2n3fVG7la3k--gcbXfymAt7knNFvxeViy2iszEZ9D---B_5F09KAm85oLCi_h6rl9m-3IzNm6tiPJAOL7vlEkQIYIpj9oi4pvsDJXTdVHJcWDuEbVME=w1920-h1080-k-no,shop quần áo nam,125,2026-08-17T05:05:28.530Z
